800,2795,12101001,第2795题	试题编号：12101001,在可供着陆使用的跑道上，着陆入口位于（）。,A.着陆跑道可用部分的起端,B.跑道的起端,C.停止道的起端,D.净空道的起端,,
801,2796,12101002,第2796题	试题编号：12101002,在设有停止道的跑道上，其净空道的起点应在（）。,A.跑道末端,B.停止道末端,C.升降带末端,D.跑道端安全地区末端,,
802,2797,12101003,第2797题	试题编号：12101003,假设设有停止道，则停止道的宽度等于（）。,A.跑道宽度的0.5倍,B.跑道宽度的1.5倍,C.跑道宽度的2倍,D.跑道宽度,,
803,2798,12101004,第2798题	试题编号：12101004,假设设有净空道，则净空道的长度应不大于（）o,A. 1/2TORA,B. TORA,C. 1/2T0DA,D. TODA,,
804,2799,12101005,第2799题	试题编号：12101005,当跑道设有停止道时，升降带（）。,A.包括停止道,B.不包括停止道,C.包括停止道的一部分,D.只包括起飞方向的停止道,,
805,2800,12101006,第2800题 试题编号：12101006,跑道端安全地区的位置起始于（）。,A.升降带端,B.跑道端,C.停止道端,D.净空道端,,
806,2801,12101007,第2801题 试题编号：12101007,直升机场的起飞着陆区，一般规定为长（）m,宽（）m.,A.	60； 120,B.	120； 60,C.	120； 90,D.	150； 60,,
807,2802,12101008,第2802题	试题编号：12101008,某机场36号跑道长3400m,入口内移100m,停止道长60m,净空道长120m,可用起飞 滑跑距离和可用起飞距离各是多少。,A.	3400m；	3520m,B.	3300m；	3460m,C.	3460m；	3400m,D.	3460m；	3300m,,
808,2803,12101009,第2803题 试题编号：12101009,平行跑道在仪表气象条件下同时独立平行进近的地方，其中线的最小间距为（）。,A.	1525m,B.	915m,C.	760m,D.	1000m,,
809,2804,12101010,第2804题	试题编号：12101010,平行跑道在仪表气象条件下非独立平行进近的地方，其中线的最小间距为（）。,A.	1525m,B.	915m,C.	760m,D.	1000m,,
810,2805,12101011,第2805题 试题编号：12101011,平行跑道在仪表气象条件下同时独立平行起飞，其中线的最小间距为（）。,A.	1525m,B.	915m,C.	760m,D.	1000m,,
811,2806,22101012,第2806题	试题编号：22101012,快速出口滑行道与跑道的夹角最好为45度。,T,F,,,,
812,2807,22101013,第2807题	试题编号：22101013,跑道入口内移会影响跑道的可用起飞滑跑距离°,T,F,,,,
813,2808,22101014,第2808题	试题编号：22101014,净空道的长度变化会影响可用起飞滑跑距离(T0RA)。,T,F,,,,
814,2809,22101015,第2809题	试题编号：22101015,停止道的长度变化会影响可用加速停止距离(ASDA) o,T,F,,,,
815,2810,22101016,第2810题 试题编号：22101016,停止道起始于可用起飞距离的末端。,T,F,,,,
816,2811,22101017,第2811题	试题编号：22101017,位于跑道端安全地区上可能对飞机构成危险的物体，应被认为是障碍物，并应尽可能 地移去。,T,F,,,,
817,2812,22101018,第2812题	试题编号：22101018,某05号跑道入口内移150如 若飞机沿23号跑道进近，其可用着陆距离将减小。,T,F,,,,
818,2813,22101019,第2813题 试题编号：22101019,基准代码为3或4的精密进近跑道的升降带宽度为跑道中线两侧各100mo,T,F,,,,
819,2814,12101020,第2814题 试题编号：12101020,使用HUD实施标准I类精密进近运行，跑道可用着陆距离应达到（）米或更长。,A.	1310,B.	1500,C.	1850,D.	2000,,
820,2815,12101021,第2815题 试题编号：12101021,使用HUD实施特殊批准II类精密进近运行,跑道可用着陆距离必须达到（）米。,A.	1310,B.	1500,C.	1850,D.	2000,,
821,2816,12102001,第2816题 试题编号：12102001,确定飞机基准飞行场地长度的标准条件为,A.机场标高10m,气温+15度，静风，跑道坡度0.15%,B.机场标高10m,气温-15度，静风，跑道坡度0.15%,C.机场标高0m,气温+15度，静风，跑道坡度0,D.机场标高0m,气温。度，静风，跑道坡度0,,
822,2817,12102002,第2817题 试题编号：12102002,机场基准代号为3C的跑道宽度为（）。,A.	23,B.	30,C.	45,D.	60,,
823,2818,12102003,第2818题 试题编号：12102003,对机场基准代号为D或E的跑道，其跑道道肩和跑道的总宽度不能小于（）。,A.	60m,B.	45m,C.	90m,D.	70m,,
824,2819,12102004,第2819题	试题编号：12102004,基准代码为3或4的精密进近跑道，在其升降带内距跑道中线两侧各（）m内，不 准有固定的物体，除非是必须的助航设备并为易折装置。,A.	80,B.	60,C.	70,D.	85,,
825,2820,12102005,第2820题	试题编号：12102005,*B737-800的飞机基准飞行场地长度为2256m,对应的机场基准代码为（）0,A.	1,B.	2,C.	3,D.	4,,
826,2821,12102006,第2821题	试题编号：12102006,*A320-200的翼展为33.9山，主起落架外轮间距8. 7m,对应的机场基准代字为（）。,A.	A,B.	B,C.	C,D.	D,,
827,2822,22102007,第2822题	试题编号：22102007,机场基准代号可以由打算在该机场运行的任意飞机来确定。,T,F,,,,
828,2823,22102008,第2823题	试题编号：22102008,滑行道道面最小宽度由机场的基准代号决定。,T,F,,,,
829,2824,22102009,第2824题	试题编号：22102009,若某机场基准代号中的代字由最大翼展确定为，由相应主起落架外轮间距最大确 定的代字为“D”，则该机场选用的代字应为C。,T,F,,,,
830,2825,22102010,第2825题	试题编号：22102010,机场的基准代号不同，其跑道的PCN值一定不同。,T,F,,,,
831,2826,12103001,第2826题	试题编号：12103001,机场跑道标志用（）色，滑行道标志和飞机机位标志用（）色。,A.红；白,B.白；黄,C.红；绿,D.绿；黄,,
832,2827,12103002,第2827题	试题编号：12103002,强制性指示标记牌的颜色为（）。,A.黑底黄字,B.红底白字,C.黄底白字,D.黄底黑字,,
833,2828,12103003,第2828题	试题编号：12103003,滑行道标志包括：（）。,A.滑行道中心线标志，滑行道起始标志，滑行道末端标志,B,滑行道边线标志，滑行道定距标志，滑行道禁入标志,C.滑行道中心圆标志，滑行道边线标志，滑行道净空标志,D.滑行道中心线标志，滑行等待位置标志，滑行道交叉处标志,,
834,2829,12103004,第2829题	试题编号：12103004,跑道道面标志包括：跑道号码标志，跑道入口标志，（），（），（），跑道边线 标志和定距标志。,A.跑道中线标志，跑道净空标志，接地地带标志,B.跑道禁入标志，跑道中心圆标志，接地地带标志,C.跑道中线标志，跑道中心圆标志，接地地带标志,D.跑道中线标志，跑道起始标志，跑道末端标志,,
835,2830,12103005,第2830题	试题编号：12103005,着陆方向标志设置在跑道着陆方向的（）侧，离跑道边的最小距离为（） 色。,A.左；15；白或橙,B.右；15；白或绿,C.右；20；白或橙,D.左；20；白或绿,,
836,2831,12103006,第2831题 试题编号：12103006,定距标志的起点距跑道入口（）。,A.	150m,B.	200m,C.	250m,D.	300m,,
837,2832,22103007,第2832题 试题编号：22103007,当准备用标记牌来标明不论飞机或车辆非经塔台许可不得越过的地点，必须设置信息 标记牌。,T,F,,,,
838,2833,22103008,第2833题 试题编号：22103008,跑道入口标志离入口 5m处开始。,T,F,,,,
839,2834,22103009,第2834题 试题编号：22103009,跑道入口标志的数量由跑道长度决定。,T,F,,,,
840,2835,22103010,第2835题 试题编号：22103010,接地地带标志对的数目由跑道长度决定。,T,F,,,,
841,2836,22103011,第2836题 试题编号：22103011,精密进近跑道必须设置跑道边线标志。,T,F,,,,
842,2837,12104001,第2837题	试题编号：12104001,跑道中线灯颜色为红白相间的一端是（）。,A.从跑道入口到跑道末端,B.从距跑道入口 300nl到距跑道入口 900nl,C.从距跑道末端900m到距跑道末端300m,D.从距跑道入口 900nl到距跑道入口 300nl,,
843,2838,12104002,第2838题 试题编号：12104002,“T”字灯应由（）个全方向发（）光、轻型易折式灯具组成。,A.	21；红,B.	21；白,C.	12；黄,D.	12；白,,
844,2839,12104003,第2839题 试题编号：12104003,滑行道中线灯的颜色是（），滑行道边线灯的颜色是（）。,A.白；红,B.红；白,C.绿；蓝,D.蓝；绿,,
845,2840,12104004,第2840题 试题编号：12104004,机场灯光系统应在航空器预计（）前（）分钟开放。,A.起飞或着陆；20,B.滑行或飞越远台；30,C,开车或进入本管制区；40,D.推出或进入本管制区：20,,
846,2841,12104005,第2841题 试题编号：12104005,灯的失效是指当由于某些原因，光束偏离规定的垂直或水平方向或平均光强低于规定 的新灯平均光强的（）时，该灯即为失效。,A.	0.3,B.	0.4,C.	0.5,D.	0.6,,
847,2842,12104006,第2842题 试题编号：12104006,在机场灯光系统中，下列灯光颜色为白色的是（）。,A.停止道灯,B.接地地带灯,C.跑道末端灯,D.停止排灯,,
848,2843,12104007,第2843题 试题编号：12104007,为了使精密进近跑道入口更加明显，须垂直于跑道边灯线并伸出该线至少10m设置：,A.跑道引入灯光,B.跑道入口识别灯,C.跑道入口翼排灯,D.跑道入口灯,,
849,2844,12104008,第2844题 试题编号：12104008,当地空无线电通信失败时，塔台管制员使用灯光信号指向地面上的航空器发出一连串 绿色闪光，其指令为（）。,A.可以起飞,B.滑回机场起点,C.可以滑行,D.滑离使用着陆区,,
850,2845,22104009,第2845题 试题编号：22104009,有入口内移的跑道，从进近方向看，从跑道起点至内移后的跑道入口之间的跑道边灯 的颜色在进近方向显示绿色。,T,F,,,,
851,2846,22104010,第2846题 试题编号：22104010,跑道入口识别灯为白色闪光灯，且灯光只能在跑道进近的方向看到。,T,F,,,,
852,2847,22104011,第2847题 试题编号：22104011,供跑道视程（RVR）小于800m的最低标准条件下起飞的跑道必须设置跑道中线灯。,T,F,,,,
853,2848,12105001,第2848题 试题编号：12105001,机场机动区内有航空器运行时，按（）管理灯光。,A.夜间应当开放机场保障飞行所需的灯光,B.昼间应当开放进近坡度指示系统的灯光,C.昼间机场能见度小于2km或航空器驾驶员有要求时，应当开放跑道和滑行道及起飞 和着陆方向上保障飞行所需要的灯光,D. A、 B 和 C,,
854,2849,12105002,第2849题 试题编号：12105002,简易进近灯光系统由一行位于跑道中线延长线上并尽可能延伸到距入口不少于（）m 的中线灯和一排距入口（）ni的横排灯具组成。,A.	420； 300,B.	420； 150,C.	300； 150,D.	900； 300,,
855,2850,12105003,第2850题	试题编号：12105003,II类和III类精密进近灯光系统由一行位于跑道中线延长线上并延伸到距入口 900m的 （）灯，两行距入口 270m的（）灯和两排（）灯组成。,A.侧边，中线，横排,B.中线，横排，侧边,C.横排，侧边，中线,D.中线，侧边，横排,,
856,2851,12105004,第2851题	试题编号：12105004,当飞机正在或接近进近坡度时，飞行员看到VASIS发光的情况是：（）。,A.上风灯为红、下风灯为白,B.上风灯、下风灯均为红,C.上风灯、下风灯均为白,D.下风灯为红、上风灯为白,,
857,2852,12105005,第2852题	试题编号：12105005,PAPI由（）设置急剧变色的多灯泡（或成对单灯泡）灯具的一排灯组成。,A.四个等距,B.四个不等距,C.两个等距,D.两个不等距,,
858,2853,12105006,第2853题	试题编号：12105006,下述对机场灯光的使用方法正确的是（）。,A.灯光只在夜间使用，昼间不使用,B.昼间，机场水平能见度小于2km时，要开灯,C.昼间，机场水平能见度小于4km时，要开灯,D.按管制员意图,,
859,2854,12105007,第2854题	试题编号：12105007,航空器（）分钟关闭灯光。,A.着陆后3,B.起飞后10,C.着陆后5,D.起飞后15,,
860,2855,12105008,第2855题	试题编号：12105008,机场灯光系统应当在航空器（）时，立即开放。,A.预计进入本管制区前20分钟,B.预计到达机场上空前30分钟,C.发生紧急情况,D.预计起飞、着陆前1小时,,
861,2856,12105009,第2856题	试题编号：12105009,机场灯光系统应当在航空器起飞后15分钟、着陆后（）分钟、或按照管制部门的通知关闭。,A. 10,B. 15,C. 20,D. 25,,
862,2857,12105010,第2857题	试题编号：12105010,机场在（）下有航空器运行时，应当开放障碍物标志灯。,A.昼间或目视飞行条件,B.夜间或仪表飞行条件,C.在有人员或车辆活动情况,D.在RVR不工作情况,,
863,2858,12105011,第2858题	试题编号：12105011,夜间或昼间能见度小于（）km时，在机场活动区内活动的一切航空器必须显示引起 对该航空器注意的防撞灯、该航空器相对航径的航行灯、航空器结构外端的灯光及航 空器发动机已经开车的灯光,A. 1,B. 2,C. 3,D. 4,,
864,2859,12105012,第2859题	试题编号：12105012,正确使用灯光的规定是（）灯光。,A.航空器预计着陆前30分钟开放,B.最后一架航空器起飞后20分钟关闭,C.最后一架航空器着陆后关闭,D.按照塔台管制室管制员要求的时间开放,,
865,2860,12105013,第2860题	试题编号：12105013,对于三排式目视进近坡度指示系统（3-BAR, VASIS） , B747的驾驶员看到中间灯组的 颜色为红色，下风灯组的颜色为白色，则飞机（）。,A.高于正确的进近坡度,B.保持了正确的进近坡度,C.低于正确的进近坡度,D.以上都不对,,
866,2861,12105014,第2861题	试题编号：12105014,当飞行员看到PAPI发光的情况是离跑道最远的一个为白色，其他三个为红色时，则飞 机（）。,A.高于正确的进近坡度,B.保持了正确的进近坡度,C.低于正确的进近坡度,D.以上都不对,,
867,2862,22105015,第2862题	试题编号：22105015,VASIS 一般设置在跑道的左侧。,T,F,,,,
868,2863,22105016,第2863题	试题编号：22105016,当飞机高于进近坡度时，飞行员看到VASIS发光的情况是上风灯、下风灯均为白色。,T,F,,,,
869,2864,22105017,第2864题	试题编号：22105017,当飞机保持了正确的进近坡度时，飞行员看到PAPI发光的情况是离跑道最近的两个为 红色，最远的两个为白色。,T,F,,,,
870,2865,12105018,第2865题	试题编号：12105018,在进近中的航空器驾驶员看见PAP：［灯是一红三白，这说明该航空器此时高度（）。,A.偏信I,B.正常,C.偏低,D.都不是,,
871,2866,12106001,第2866题	试题编号：12106001,*ACN值一般是：（）。,A.固定的数值,B.随温度变化,C.由机场建设部门提供,D.在不同道面和不同土基上ACN值不一样,,
872,2867,12106002,第2867题	试题编号：12106002,设在低强度土基上的柔性道面，最大允许胎压为1. OMpa,用经验评定法确定的道面等 级序号为40,则道面强度报告为（）。,A.	PCN40/R/B/W/T,B.	PCN40/F/C/Y/U,C.	PCN40/R/W/B/U,D.	PCN40/F/B/X/T,,
873,2868,22106003,第2868题	试题编号：22106003,机场的基准代号不同，其跑道的PCN值一定不同。,T,F,,,,
874,2869,22106004,第2869题	试题编号：22106004,同一条跑道，场建部门可提供几个典型的PCN值。,T,F,,,,
875,2870,22106005,第2870题	试题编号：22106005,当一架航空器的ACN值大于某跑道的PCN值时，该道面一定不能承受此飞机的运行。,T,F,,,,
876,2871,22106006,第2871题 试题编号：22106006,一架B757-200飞机，分别在银川机场（PCN32/F/C/Y/T）和首都机场（PCN90/R/B/W/T） 上运行的ACN值相同。,T,F,,,,
877,2872,22106007,第2872题	试题编号：22106007,道面强度报告为PCN60/R/B/W/U,表示设置在中强度土基刚性道面，用技术评定法评 定的道面等级序号为60且无胎压限制。,T,F,,,,
878,2873,22106008,第2873题	试题编号：22106008,一架B747sp中强度柔性道面上的ACN为43,胎压为1.30pa,它能够在道面强度报告 为PCN51/R/B/Y/T的跑道上起降。,T,F,,,,
879,2874,12107001,第2874题 试题编号：12107001,仪表飞行时，空中交通管制员对航空器之间的间隔，距离，（）配备是否正确负责。,A.局度层,B.时间,C.方位,D,角度,,
880,2875,12107002,第2875题 试题编号：12107002,在机场区域内，仪表飞行航空器距障碍物最高点的最低垂直间隔，平原不得小于（） m,丘陵和山区不得小于600%,A.	300,B.	400,C.	500,D.	600,,
881,2876,12107003,第2876题 试题编号：12107003,在机场区域，以机场导航台为中心，半径（）km范围内，航空器距离障碍物最高 点，平原不得小于（）m,丘陵和山区不得小于（）mo,A.	30； 200； 400,B.	45； 250； 500,C.	55； 300； 600,D.	65； 350； 900,,
882,2877,12107004,第2877题	试题编号：12107004,航路、航线飞行或者转场飞行的安全高度，在（）应当高出航路中心线、航线两侧各 25km以内最高标高600m。,A.同］原,B.山区,C.平原,D.局原和山区,,
883,2878,12107005,第2878题	试题编号：12107005,航路、航线飞行或者转场飞行的安全高度，在高原和山区应当高出航路中心线、航线 两侧各（）km以内最高标高600m。,A.	10,B.	15,C.	20,D.	25,,
884,2879,12107006,第2879题	试题编号：12107006,航路、航线飞行或者转场飞行的安全高度，在高原和山区以外地区应当高出航路中心 线、航线两侧各（）km以内最高标高400m。,A.	10,B.	15,C.	20,D.	25,,
885,2880,12107007,第2880题	试题编号：12107007,最低等待高度层，距离地面最高障碍物的真实高度不得少于（）m。,A.	300,B.	400,C.	600,D.	800,,
886,2881,12107008,第2881题	试题编号：12107008,在C、*D类空域内顺向仪表飞行，同速航空器在同一空中走廊内同高度飞行，其最低间 隔为（）分钟。,A.	2,B.	3,C.	4,D.	5,,
887,2882,12107009,第2882题 试题编号：12107009,引导按IFR飞行的离场航空器偏离标准离场航线时，管制员应当确保航空器在飞越地 面障碍物时有不低于（）m的超障余度。,A.	400,B.	600,C.	300,D.平原300、山区600,,
888,2883,12107010,第2883题 试题编号：12107010,航路、航线飞行或者转场飞行的安全高度，在高原和山区应当高出航路中心线、航线 两侧各25km以内最高标高（）nu,A.	200,B.	300,C.	400,D.	600,,
889,2884,12107011,第2884题 试题编号：12107011,航路、航线飞行或者转场飞行的安全高度，在高原和山区以外地区应当高出航路中心 线、航线两侧各25km以内最高标高（）mo,A.	200,B.	300,C.	400,D.	600,,
890,2885,12107012,第2885题 试题编号：12107012,航空器需要紧急放油时，其他航空器与放油航空器间隔：在放油航空器飞行高度（） m以上通过。,A.	300,B.	600,C.	900,D.	1200,,
891,2886,22107013,第2886题 试题编号：22107013,航空器利用仪表进近程序图进入着陆过程中，不得低于仪表进程序规定的超障高度飞 行。,T,F,,,,
892,2887,22107014,第2887题	试题编号：22107014,在指定高度飞行的航空器只要报告脱离该高度，就可以将该高度指定给其他航空器。,T,F,,,,
893,2888,22107015,第2888题	试题编号：22107015,报告有强烈颠簸时，在航空器报告已脱离当前高度，并到达指定的新高度之前，可以 将所脱离的高度指定给其他航空器。,T,F,,,,
894,2889,12108001,第2889题	试题编号：12108001,在C、*D类空域内，仪表飞行同速航空器同一空中走廊内同高度飞行，并且该走廊内有 导航设备时，最低纵向间隔为（）分钟。,A. 3,B, 5,C. 10,D. 15,,
895,2890,12108002,第2890题	试题编号：12108002,在C、*D类空域内，在同一空中走廊内或夹角小于45度的两个空中走廊内，一架航空 器穿越顺向飞行的其他航空器的高度层，最低纵向间隔为（）分钟。,A. 3,B. 5,C, 10,D. 15,,
896,2891,12108003,第2891题	试题编号：12108003,无空中走廊时，在同高度仪表飞行进入C类空域的航空器，不论其航向如何，其到达 导航设备上空的时间间隔不得少于（）分钟。,A. 3,B. 5,C. 10,D. 15,,
897,2892,12108004,第2892题	试题编号：12108004,在（）类空域内，仪表飞行同速航空器同一空中走廊内同高度飞行，并且该走廊内有 导航设备时，最低纵向间隔为5分钟。,A. A,B.	B,C.	C,D.	C、D,,
898,2893,12108005,第2893题	试题编号：12108005,无空中走廊时，在同高度仪表飞行进入C类空域的航空器，不论航向如何，其到达同 一导航设备上空的时间间隔不得少于（）分钟。,A.	5,B.	10,C.	15,D.	20,,
899,2894,12108006,第2894题	试题编号：12108006,在C、*D类空域内顺向仪表飞行，在同一空中走廊或夹角小于45度的两个空中走廊 内，一架航空器穿越顺向飞行的其它航空器的高度层，其最低间隔为（）分钟。,A.	2,B.	3,C.	4,D.	5,,
900,2895,12108007,第2895题	试题编号：12108007,在C、*D类空域内逆向仪表飞行，无空中走廊时，在同高度进入C类空域的航空器，不 论其航向如何，其到达同一导航设备上空的时间间隔不得少于（）分钟。,A.	5,B.	10,C.	15,D.	20,,
901,2896,12108008,第2896题	试题编号：12108008,在C、*D类空域内，在同一空中走廊内或夹角小于（）度的两个空中走廊内，一架航 空器穿越顺向飞行的其他航空器的高度层，最低纵向间隔为5分钟。,A.	15,B.	30,C.	45,D.	60,,
902,2897,12108009,第2897题	试题编号：12108009,无空中走廊时，在同高度仪表飞行进入（）类空域的航空器，不论其航向如何，其到 达导航设备上空的时间间隔不得少于10分钟。,A.	A,B.	B,C.	C,D.	D,,
903,2898,22108010,第2898题	试题编号：22108010,在C、*D类空域内，仪表飞行同速航空器同一空中走廊内同高度飞行，并且该走廊内有 导航设备时，最低纵向间隔为10分钟。,T,F,,,,
904,2899,22108011,第2899题	试题编号：22108011,无空中走廊时，在同高度仪表飞行进入C类空域的航空器，不论其航向如何，其到达 导航设备上空的时间间隔不得少于5分钟。,T,F,,,,
905,2900,22108012,第2900题 试题编号：22108012,在C、*D类空域内，在同一空中走廊内或夹角小于30度的两个空中走廊内，一架航空 器穿越顺向飞行的其他航空器的高度层，最低纵向间隔为5分钟。,T,F,,,,
906,2901,12109001,第2901题 试题编号：12109001,在C,*D类空域内，逆向仪表飞行航空器之间必须保持规定的高度差，只有证实航空器 已（）后，方可准许相互占用或穿越高度层。,A.彼此联络,B.彼此看到,C.彼此飞越,D.彼此听到,,
907,2902,12109002,第2902题 试题编号：12109002,航空器同时■使用航路上的同一测距台测距，其中一架航空器保持其高度层，另一架航 空器在同航迹上升或者下降，改变高度穿越被占用的高度层时，航空器之间的距离间 隔不少于（）km0,A. 20,B. 30,C. 40,D. 50,,
908,2903,12109003,第2903题 试题编号：12109003,逆向飞行的航空器同时使用航路上的同一测距台，证实两架航空器已相遇且相距（） km以上，可以允许航空器上升、下降至或穿越另一航空器占用的高度。,A. 20,B. 30,C. 40,D. 50,,
909,2904,12109004,第2904题 试题编号：12109004,逆向飞行（包括使用同一测距台的径向线上的飞行），两架航空器相遇前应当配备规 定的垂直间隔，经测距台定位，证实航空器已相遇后（）km以上，可以相互穿越高 度。,A. 40,B. 20,C. 5,D. 10,,
910,2905,12109005,第2905题 试题编号：12109005,在C、*D类空域内，逆向仪表飞行航空器之间必须保持规定的高度差，只有证实航空器 已（）后，方可准许互相占用或穿越高度层。,A.彼此联络,B.彼此看到,C.彼此飞越,D.彼此听到,,
911,2906,12109006,第2906题 试题编号：12109006,当两架航空器纵向和侧向间隔小于规定标准时，一架航空器未离开所占用的高度层， 不得指挥另一架航空器（）或（）该高度层",A.穿越；占用,B.起飞；通过,C.使用；飞越,D. A、B 和 C,,
912,2907,12109007,第2907题 试题编号：12109007,管制员应当在失去通信联络的航空器预计到达着陆机场导航台上空前（）分钟，将等 待空域内该航空器占用的高度层空出。,A. 5,B. 15,C. 10,D. 20,,
913,2908,12109008,第2908题 试题编号：12109008,在C类空域内仪表飞行时，航迹差在。度至45度范围内，不论进场航空器在何位置， 同时进离场的航空器相互穿越或占用对方高度层的最低间隔标准为离场航空器() 后O,A.加入航线3分钟,B.飞出走廊,C. 一转弯,D.高度 600m,,
914,2909,12109009,第2909题 试题编号：12109009,在C类空域内仪表飞行时，航迹差在。度至45度范围内，走廊口有导航设备，且能正 常工作，进场航空器位置在()以外，同时进离场的航空器相互穿越或占用对方高度 层的最低间隔标准为离场航空器起飞加入航线后。,A.距离机场3分钟,B.距离走廊口 3分钟,C.加入穿云起始位置,D.三转弯,,
915,2910,12109010,第2910题 试题编号：12109010,在C类空域内仪表飞行时，航迹差在46度至90度范围内，不论进场航空器在何位 置，同时进离场的航空器相互穿越或占用对方高度层的最低间隔标准为离场航空器 ()。,A.加入航线3分钟后,B.加入航线5分钟后,C.距离机场3分钟,D.距离走廊口 3分钟,,
916,2911,12109011,第2911题 试题编号：12109011,在C类空域内仪表飞行时，航迹差在46度至90度范围内，走廊口有导航设备，且能 正常工作，进场航空器在()以外，同时进离场的航空器相互穿越或占用对方高度层 的最低间隔标准为离场航空器起飞加入航线后。,A.距离走廊口 3分钟,B.加入穿云起始位置,C.距离机场5分钟,D.距离走廊口 5分钟,,
917,2912,12109012,第2912题 试题编号：12109012,在C类空域内仪表飞行时，航迹差在91度至135度范围内，同时进离场的航空器相互 穿越或占用对方高度层的最低间隔标准为离场航空器（）。,A.距离机场5分钟,B.距离走廊口 3分钟,C.加入航线5分钟后,D.加入航线10分钟后,,
918,2913,12109013,第2913题 试题编号：12109013,在C类空域内仪表飞行时，走廊口有导航设备，且能正常工作，同时进离场的航空器 相互穿越或占用对方高度层的最低间隔标准为进、离场航空器距离机场均在（）km 以外。,A. 50,B. 30,C. 40,D. 20,,
919,2914,12109014,第2914题 试题编号：12109014,在C类空域内仪表飞行时，航迹差在136度至180度范围内，同时进离场的航空器相 互穿越或占用对方高度层的最低间隔标准为（）。,A.证实航空器已彼此飞越后,B.距离机场5分钟,C.距离走廊口 6分钟,D,加入航线5分钟后,,
920,2915,12109015,第2915题 试题编号：12109015,**D类空域内，同航迹仪表飞行最低间隔标准：慢速航空器在前，快速航空器在后（较 高的高度层），保证快速航空器穿越前方航空器的高度层有（）分钟以上的间隔。,A. 5,B. 4,C. 10,D. 2,,
921,2916,12109016,第2916题 试题编号：12109016,在C、*D类空域内使用测距台仪表飞行时，经测距台定位，证实两架逆向飞行的航空器 确已（）km以上，可以允许航空器上升、下降至或穿越被占用的高度。,A.相遇且相距20,B.相遇且相距15,C.相距15,D.相距30,,
922,2917,12109017,第2917题	试题编号：12109017,在C类空域内仪表飞行时，同时进、离场的航空器相互穿越或占用对方高度层的最低 间隔标准：航迹差在。度至45度范围内，不论进离场航空器在何位置，为离场航空器 加入航线（）分钟后。,A. 2,B. 3,C. 4,D. 5,,
923,2918,12109018,第2918题	试题编号：12109018,在C类空域内仪表飞行时，同时进、离场的航空器相互穿越或占用对方高度层的最低 间隔标准：航迹差在。度至45度范围内，走廊口有导航设备且能正常工作，进场航空 器位置在距离机场（）分钟以外，为离场航空器起飞加入航线后。,A.	2,B.	3,C.	4,D.	5,,
924,2919,12109019,第2919题 试题编号：12109019,在C类空域内仪表飞行时，同时进、离场的航空器相互穿越或占用对方高度层的最低 间隔标准：航迹差在46度至90度范围内，不论进离场航空器在何位置，为离场航空 器加入航线（）分钟后。,A.	2,B.	3,C.	4,D.	5,,
925,2920,12109020,第2920题	试题编号：12109020,在C类空域内仪表飞行时，同时进、离场的航空器相互穿越或占用对方高度层的最低 间隔标准：航迹差在46度至90度范围内，走廊口有导航设备且能正常工作，进场航 空器位置在距离机场（）分钟以外，为离场航空器起飞加入航线后。,A.	2,B.	3,C.	4,D.	5,,
926,2921,12109021,第2921题	试题编号：12109021,在C类空域内仪表飞行时，同时进、离场的航空器相互穿越或占用对方高度层的最低 间隔标准：航迹差在91度至135度范围内，不论进离场航空器在何位置，为离场航空 器加入航线（）分钟后。,A. 10,B. 5,C.3,D.2,,
927,2922,12109022,第2922题	试题编号：12109022,在同一巡航高度层的航空器同航迹飞行，同时使用航路上的同一测距台测距时，航空 器间最低间隔标准为（）km。,A. 30,B. 40,C. 50,D, 60,,
928,2923,12109023,第2923题	试题编号：12109023,在同一巡航高度层的航空器同航迹飞行，同时使用航路上的同一测距台测距时，前机 真空速大于后机（）km/h,航空器间最低间隔标准为40km,A, 40,B, 50,C. 60,D. 80,,
929,2924,12109024,第2924题	试题编号：12109024,在同一巡航高度层的航空器同航迹飞行，同时使用航路上的同一测距台测距时，前机 真空速大于后机40km/h,航空器间最低间隔标准为（）kmo,A, 20,B. 30,C. 40,D. 50,,
930,2925,12109025,第2925题	试题编号：12109025,在同一巡航高度层的航空器在交叉航迹上飞行，同时使用位于航迹交叉点的测距台测 距时，航空器间最低间隔标准为（）kmo,A. 30,B. 40,C. 50,D. 60,,
931,2926,12109026,第2926题 试题编号：12109026,在同一巡航高度层的航空器在交叉航迹上飞行，同时使用位于航迹交叉点的测距台测 距时，前机真空速大于后机（）km/h时，航空器间最低间隔标准为40km。,A.	40,B.	50,C.	60,D.	80,,
932,2927,12109027,第2927题 试题编号：12109027,在同一巡航高度层的航空器在交叉航迹上飞行，同时使用位于航迹交叉点的测距台测 距时，前机真空速大于后机40km/h时，航空器间最低间隔标准为（）km,A.	20,B.	30,C.	40,D.	50,,
933,2928,22109028,第2928题 试题编号：22109028,航空器同时使用航路上的同一测距台测距，其中一架航空器保持其高度层，另一架航 空器在同航迹上升或者下降，改变高度穿越被占用的高度层时，航空器之间的距离间 隔不少于60km。,T,F,,,,
934,2929,22109029,第2929题 试题编号：22109029,逆向飞行的航空器同时使用航路上的同一测距台，证实两架航空器已相遇且相距10km 以上，可以允许航空器上升、下降至或穿越另一航空器占用的高度。,T,F,,,,
935,2930,22109030,第2930题 试题编号：22109030,在同一巡航高度层的航空器同航迹飞行，同时使用航路上的同一测距台测距时，前机 真空速大于后机80km/h,航空器间最低间隔标准为40km。,T,F,,,,
936,2931,22109031,第2931题 试题编号：22109031,在同一巡航高度层的航空器同航迹飞行，同时使用航路上的同一测距台测距时，前机 真空速大于后机40Wh,航空器间最低间隔标准为为20km。,T,F,,,,
937,2932,22109032,第2932题	试题编号：22109032,在同巡航高度层的航空器在交叉航迹上飞行，同时使用位于航迹交叉点的测距台测 距时，航空器间最低间隔标准为60km。,T,F,,,,
938,2933,22109033,第2933题	试题编号：22109033,在同一巡航高度层的航空器在交叉航迹上飞行，同时使用位于航迹交叉点的测距台测 距时，前机真空速大于后机60km/h时，航空器间最低间隔标准为40km。,T,,,,,
939,2934,22109034,第2934题	试题编号：22109034,在同一巡航高度层的航空器在交叉航迹上飞行，同时使用位于航迹交叉点的测距台测 距时，前机真空速大于后机40km/h时，航空器间最低间隔标准为60km。,T,F,,,,
940,2935,12110001,第2935题	试题编号：12110001,*D类空域内，放行仪表飞行航空器，航迹相同，快速航空器起飞后（）分钟，再放行 慢速的航空器。,A.	1,B.	2,C.	3,D.	5,,
941,2936,12110002,第2936题	试题编号：12110002,*D类空域内，放行仪表飞行的同速航空器，同航迹同高度（）分钟间隔。,A.	2,B.	3,C.	5,D.	10,,
942,2937,12110003,第2937题	试题编号：12110003,*D类空域内，放行同速度的航空器，同航迹同高度跨海洋仪表飞行最低间隔标准为 （）分钟。,A.5,B.	10,C.	15,D.	20,,
943,2938,12110004,第2938题 试题编号：12110004,*D类空域内，放行同速度的航空器，同航迹不同高度仪表飞行最低间隔标准为（）分 钟。,A.	3,B.	4,C.	5,D.	10,,
944,2939,12110005,第2939题 试题编号：12110005,*D类空域内，仪表飞行，放行同速度的航空器，在同一走廊飞出，最低间隔标准为（）分钟。,A.	2,B.	3,C.	4,D.	5,,
945,2940,12110006,第2940题 试题编号：12110006,*D类空域内，放行仪表飞行航空器，航迹差大于45度，并在起飞后立即实行侧向间 隔，慢速航空器起飞后（）分钟，再放行快速的航空器。,A.	1,B.	2,C.	5,D.	3,,
946,2941,12110007,第2941题 试题编号：12110007,*D类空域内，放行仪表飞行航空器，航迹差大于45度，并在起飞后立即实行侧向间 隔，快速航空器起飞后（）分钟，再放行慢速的航空器。,A.	1,B.	2,C.	3,D.	5,,
947,2942,12110008,第2942题 试题编号：12110008,*D类空域内，放行仪表飞行的同速航空器，同航迹同高度（）分钟间隔。,A.2,B.	3,C.	5,D.	10,,
948,2943,12110009,第2943题 试题编号：12110009,*D类空域内，放行同速度的航空器，同航迹同高度仪表飞行最低间隔标准为（）分 钟。,A.	5,B.	2,C.	15,D.	10,,
949,2944,12110010,第2944题 试题编号：12110010,*D类空域内，放行同速度的航空器，同航迹同高度跨海洋仪表飞行最低间隔标准为（）分钟。,A.	5,B.	10,C.	15,D.	20,,
950,2945,12110011,第2945题 试题编号：12110011,*D类空域内，放行同速度的航空器，同航迹不同高度仪表飞行最低间隔标准为（）分 钟。,A.	3,B.	4,C.	5,D.	10,,
951,2946,12110012,第2946题 试题编号：12110012,*D类空域内，仪表飞行，放行同速度的航空器，航迹差大于45度，并在起飞后立即实 行侧向间隔的最低间隔标准为（）分钟。,A.	2,B.	3,C.	4,D.	5,,
952,2947,12110013,第2947题 试题编号：12110013,**D类空域内，仪表飞行，放行同速度的航空器，在同走廊飞出，最低间隔标准为（）分钟.,A. 2,B. 3,C. 5,D. 4,,
953,2948,12110014,第2948题	试题编号：12110014,**D类空域内，放行不同速度的航空器，同航迹，快速航空器在前，慢速航空器在后的 仪表飞行最低间隔标准为（）分钟。,A. 3,B. 4,C. 2,D. 5,,
954,2949,12110015,第2949题	试题编号：12110015,**D类空域内，仪表飞行航空器离场放行不同速度的航空器，航迹相同，慢速航空器在 前，快速航空器在后时：如在较高的高度上飞行，应当保证快速航空器穿越前方航空 器的高度层时有（）分钟以上的间隔。,A. 2,B. 3,C. 5,D. 10,,
955,2950,12110016,第2950题	试题编号：12110016,**D类空域内，仪表飞行航空器离场放行不同速度的航空器，航迹相同，慢速航空器在 前，快速航空器在后时：如机场区域内具备目视气象条件，慢速航空器起飞后立即实 行30度（含）以上的间隔，则可按（）间隔放行快速航空器起飞。,A. 3分钟,B.尾流,C. 30km,D.侧向,,
956,2951,12110017,第2951题	试题编号：12110017,**D类空域内，仪表飞行航空器离场放行不同速度的航空器，航迹相同，慢速航空器在 前，快速航空器在后时：如在同高度飞行，应当飞越同一位置报告点或者航空器彼此 分离或者到达着陆机场的导航设备上空时，为（）分钟以上的间隔。,A. 3,B. 5,C.	10,D.	15,,
957,2952,12110018,第2952题	试题编号：12110018,**D类空域内，放行仪表飞行航空器，航迹相同，快速航空器起飞后（）分钟，再放行 慢速的航空器。,A.	1,B.	2,C.	3,D.	5,,
958,2953,12110019,第2953题	试题编号：12110019,**D类空域内，放行不同速度的仪表飞行航空器，航迹相同，慢速航空器在前，快速航 空器在后时：如在较高的高度上飞行，应当保证快速航空器穿越前方航空器的高度层 时有（）分钟以上的间隔。,A.	2,B.	3,C.	5,D. 10,,
959,2954,12110020,第2954题	试题编号：12110020,**D类空域内，放行不同速度的航空器，航迹相同，慢速航空器在前，快速航空器在后 时，如在同高度飞行，则仪表飞行航空器离场放行的最低间隔标准应当符合飞越同一 位置报告点或者航空器彼此分离或者到达着陆机场的导航设备上空时，为（）分钟以 上的间隔。,A.	3,B.	5,C.	10,D.	15,,
960,2955,12110021,第2955题	试题编号：12110021,**D类空域内，放行仪表飞行航空器，航迹差大于45度，并在起飞后立即实行侧向间 隔，慢速航空器起飞后（）分钟，再放行快速的航空器。,A.	1,B.	2,C.	5,D.	3,,
961,2956,12110022,第2956题 试题编号：12110022,**D类空域内，放行仪表飞行航空器，航迹差大于45度，并在起飞后立即实行侧向间 隔，快速航空器起飞（）分钟后，再放行慢速航空器。,A. 1,B. 2,C. 3,D. 5,,
962,2957,12110023,第2957题	试题编号：12110023,**D类空域内，仪表飞行，放行同速度的航空器，航迹差大于45度，并在起飞后立即实 行侧向间隔的最低间隔标准为（）分钟。,A. 2,B. 3,C. 4,D. 5,,
963,2958,12110024,第2958题	试题编号：12110024,**D类空域内，放行不同速度的仪表飞行航空器，航迹相同，慢速航空器在前，快速航 空器在后时：如机场区域内具备目视气象条件，慢速航空器起飞后立即实行30度（含）以上的间隔，则可按（）间隔放行快速航空器起飞。,A. 3分钟,B.尾流,C. 30km,D.侧向,,
964,2959,12110025,第2959题	试题编号：12110025,**D类空域内，仪表飞行同速度航空器离场放行的最低间隔标准应当符合如下规定（）。,A.同航迹同高度飞行的，为10分钟,B.同航迹不同高度的为5分钟,C.在不同航迹上飞行，航迹差大于45度，并在起飞后立即实行侧向间隔时"，为2分 钟，但同一走廊飞出的，为5分钟,D.以上都对,,
965,2960,22110026,第2960题	试题编号：22110026,**D类空域内，仪表飞行，放行同速度的航空器，在同一走廊飞出，最低间隔标准为5 分钟。,T,F,,,,
966,2961,22110027,第2961题 试题编号：22110027,**D类空域内，放行仪表飞行航空器，航迹相同，快速航空器起飞后3分钟，再放行慢 速的航空器。,T,F,,,,
967,2962,22110028,第2962题 试题编号：22110028,**D类空域内，放行仪表飞行的同速航空器，同航迹同高度10分钟间隔。,T,F,,,,
968,2963,22110029,第2963题 试题编号：22110029,**D类空域内，放行同速度的航空器，同航迹同高度跨海洋仪表飞行最低间隔标准为15 分钟。,T,F,,,,
969,2964,22110030,第2964题	试题编号：22110030,**D类空域内，放行不同速度的仪表飞行航空器，航迹相同，慢速航空器在前，快速航 空器在后时：如在同高度飞行，应当飞越同一位置报告点或者航空器彼此分离或者到 达着陆机场的导航设备上空时，为5分钟以上的间隔。,T,F,,,,
970,2965,22110031,第2965题	试题编号：22110031,**D类空域内，放行仪表飞行航空器，航迹差大于45度，并在起飞后立即实行侧向间 隔，慢速航空器起飞后2分钟，再放行快速的航空器。,T,F,,,,
971,2966,22110032,第2966题	试题编号：22110032,**D类空域内，放行仪表飞行航空器，航迹差大于45度，并在起飞后立即实行侧向间 隔，快速航空器起飞2分钟后，再放行慢速航空器。,T,F,,,,
972,2967,22110033,第2967题	试题编号：22110033,*D类空域内，放行同速度的航空器，同航迹不同高度仪表飞行最低间隔标准为5分 钟。,T,F,,,,
973,2968,22110034,第2968题	试题编号：22110034,**D类空域内，仪表飞行，放行同速度的航空器，航迹差大于45度，并在起飞后立即实 行侧向间隔的最低间隔标准为1分钟。,T,F,,,,
974,2969,22110035,第2969题	试题编号：22110035,缩小的航空器起飞着陆间隔仅适用于非高原机场（机场海拔高度1500米以下）日出后 30分钟至日落前30分钟。,T,F,,,,
975,2970,22110036,第2970题 试题编号：22110036,跑道顺风分量大于2. 5米/秒，可以使用缩小航空器起飞着陆间隔。,T,F,,,,
976,2971,12111001,第2971题 试题编号：12111001,机场区域内目视飞行和仪表飞行的航空器飞行时，目视飞行航空器之间的间隔按照（）飞行规定执行。,A.仪表,B.目视,C.训练,D.熟练,,
977,2972,12111002,第2972题 试题编号：12111002,**D类空域内，同时有目视飞行和仪表飞行的航空器飞行时，目视飞行与仪表飞行的航空 器之间的间隔按照（）飞行规定执行。,A.仪表,B.目视,C.训练,D.熟练,,
978,2973,12111003,第2973题 试题编号：12111003,目视飞行航空器使用同一跑道起飞、着陆时，在前面航空器已飞越跑道末端或在跑道上 空改变航向已无相撞危险前，或者根据目视或前面航空器报告确认该航空器已脱离跑道 前，后面航空器（）。,A.应当在跑道外等待,B.不得进入跑道,C.可以开始起滑跑,D.不得开始起飞滑跑,,
979,2974,12111004,第2974题	试题编号：12111004,两架目视飞行航空器在几乎同一高度上对头相遇时，应当各自向（）避让，相互间保 持（）m以上间隔。,A.左；300,B.左；500,C.右；500,D.右；300,,
980,2975,12111005,第2975题	试题编号：12111005,两架目视飞行航空器在几乎同一高度上交叉相遇时，航空器驾驶员从座舱左侧看到另 一架航空器时，应当（）高度。,A.上升,B.下降,C.保持,D. A 和 C,,
981,2976,12111006,第2976题	试题编号：12111006,两架目视飞行航空器在几乎同一高度上交叉相遇时,航空器驾驶员从座舱右侧看到另一 架航空器时■，应当（）高度。,A.上升,B.下降,C.保持,D. B 和 C,,
982,2977,12111007,第2977题	试题编号：12111007,目视飞行航空器在几乎同一高度上超越前面航空器时，应当从前面航空器（）侧保持 （）m以上间隔进行。,A.左：300,B.右；300,C.左；500,D.右；500,,
983,2978,12111008,第2978题	试题编号：12111008,目视飞行的航空器在几乎同一高度上超越前面航空器时，（）对保持两架航空器之间 的间隔负责。,A.超越的航空器,B.管制员,C.签派员,D情报员,,
984,2979,12111009,第2979题	试题编号：12111009,目视飞行的航空器相遇时，（），应当避让（）。,A.有动力装置重于空气的航空器；飞艇、滑翔机或气球,B.飞艇、滑翔机或气球；有动力装置重于空气航空器,C.飞艇、滑翔机或气球；编队飞行的航空器,D.飞艇、滑翔机或气球；单机飞行的航空器,,
985,2980,12111010,第2980题	试题编号：12111010,巡航表速250km/h （含）以下的航空器，在机场区域内目视飞行的最低安全高度距离 最高障碍物的真实高度不得小于（）lUo,A.	10,B.	50,C.	100,D.	200,,
986,2981,12111011,第2981题	试题编号：12111011,机场区域内目视飞行最低安全高度：巡航表速250km/h （不含）以上的航空器，按照 机场区域内（）飞行最低安全高度的规定执行。,A.仪表,B.目视,C.进场,D.后场,,
987,2982,12111012,第2982题	试题编号：12111012,巡航表速250km/h （含）以下的航空器，在机场区域内目视飞行的最低安全高度距离 最高障碍物的真实高度不得小于（）in。,A.	10,B.	50,C.	100,D.	200,,
988,2983,12111013,第2983题	试题编号：12111013,两架目视飞行的航空器在几乎同一高度上对头相遇时，应当各自向右避让，互相间保 持（）m以上间隔。,A. 300,B. 600,C. 150,D. 500,,
989,2984,12111014,第2984题	试题编号：12111014,机场区域内目视飞行，巡航表速250km/h （含）以上的航空器，按照（）内仪表飞行 最低安全高度的规定执行。,A.机场区域,B. A类空域,C. B类空域,D.等待空域,,
990,2985,12111015,第2985题	试题编号：12111015,关于目视飞行规定，下述正确的说法是：（）。,A.巡航表速250km/h以下的航空器，昼间，6000m以下，低云量不超八分之三,B.巡航表速250km/h以上的航空器，昼间，6600m以下，低云量不超八分之三,C.巡航表速250km/h以下的航空器，昼间或夜间，6000ni以下，低云量不超八分之三,D.巡航表速250km/h以上的航空器，昼间或夜间，6600m以下，低云量不超八分之三,,
991,2986,12111016,第2986题	试题编号：12111016,机场区域内目视飞行最低安全高度：巡航表速250km/h（含）以下的航空器，距离最高障 碍物的真实高度不得小于（）m0,A. 100,B. 200,C. 300,D. 600,,
992,2987,22111017,第2987题	试题编号：22111017,目视飞行航空器使用同一跑道起飞、着陆时，在前面航空器已飞越跑道末端或在跑道上 空改变航向已无相撞危险前，或者根据目视或前面航空器报告确认该航空器已脱离跑道 前,后面航空器应当在跑道外等待。,T,F,,,,
993,2988,22111018,第2988题	试题编号：22111018,两架目视飞行航空器在几乎同一高度上对头相遇时，应当各自向右避让，相互间保持 300m以上间隔。,T,F,,,,
994,2989,22111019,第2989题	试题编号：22111019,500m以上间隔进行。,T,F,,,,
995,2990,22111020,第2990题	试题编号：22111020,目视飞行的航空器在几乎同一高度上超越前面航空器时，超越的航空器对保持两架航 空器之间的间隔负责。,T,F,,,,
996,2991,22111021,第2991题	试题编号：22111021,两架目视飞行航空器在几乎同一高度上交叉相遇时，航空器驾驶员从座舱左侧看到另 一架航空器时，应当上升高度。,T,F,,,,
997,2992,22111022,第2992题	试题编号：22111022,两架目视飞行航空器在几乎同一高度上交叉相遇时,航空器驾驶员从座舱右侧看到另一 架航空器时，应当下降高度。,T,F,,,,
998,2993,22111023,第2993题	试题编号：22111023,巡航表速250km/h （含）以下的航空器，在机场区域内目视飞行的最低安全高度距离 最高障碍物的真实高度不得小于150m。,T,F,,,,
999,2994,12112001,第2994题	试题编号：12112001,在*D类空域内，昼间目视飞行航空器之间的纵向间隔,C、D类航空器不得小于（）km,A.4,B.	6,C.	3,D.	7,,
1000,2995,12112002,第2995题	试题编号：12112002,在*D类空域内，昼间目视飞行航空器之间的侧向间隔，A类航空器不得小于（）m。,A.	150,B.	200,C.	100,D.	300,,
1001,2996,12112003,第2996题	试题编号：12112003,在*D类空域内，昼间目视飞行航空器之间的侧向间隔，B、C、D类航空器不得小于（）m。,A.	700,B.	400,C 500,D. 300,,
1002,2997,12112004,第2997题	试题编号：12112004,在*D类空域内，昼间目视飞行航空器之间的纵向间隔（）类航空器不得小于1.5km。,A.	A,B.	B,C.	C,D.	D,,
1003,2998,12112005,第2998题	试题编号：12112005,在*D类空域内，昼间目视飞行航空器之间的纵向间隔，（）类航空器不得小于3km。,A.	A,B.	B,C.	C,D.	D,,
1004,2999,12112006,第2999题	试题编号：12112006,在*D类空域内，昼间目视飞行航空器之间的纵向间隔，（）类航空器不得小于4km。,A.	A,B.	B,C.	A、B,D. C、D,,
1005,3000,12112007,第3000题	试题编号：12112007,在*D类空域内，目视飞行昼间航空器之间的纵向间隔，A类航空器不得小于（）km。,A.	5,B.	2,C.	2.5,D.	1.5,,
1006,3001,12112008,第3001题	试题编号：12112008,在*D类空域内，目视飞行昼间航空器之间的纵向间隔，B类航空器不得小于（）km.,A.	5,B.	7,C.3,D. 2,,
1007,3002,12112009,第3002题	试题编号：12112009,在*D类空域内，目视飞行昼间航空器之间的纵向间隔，C、D类航空器不得小于（） km.,A.	4,B.	6,C.	3,D.	7,,
1008,3003,12112010,第3003题	试题编号：12112010,在*D类空域内，目视飞行昼间航空器之间的侧向间隔，A类航空器不得小于（）m。,A.	150,B.	200,C.	100,D.	300,,
1009,3004,12112011,第3004题	试题编号：12112011,在*D类空域内，目视飞行昼间航空器之间的侧向间隔，B、C、D类航空器不得小于（）m.,A.	700,B.	400,C.	500,D.	300,,
1010,3005,12112012,第3005题 试题编号：12112012,*B、C类空域内，同航迹同高度目视飞行航空器之间的纵向间隔为；（）的航空器, 不得小于2km。,A.巡航表速250km/h （不含）以上,B.巡航表速250km/h （含）以下,C.	B类航空器以下,D.	C类航空器以上,,
1011,3006,12112013,第3006题 试题编号：12112013,*B、C类空域内，同航迹同高度目视飞行航空器之间的纵向间隔为；（）的航空器, 不得小于5km。,A. B类航空器以下,B.巡航表速250km/h （含）以下,C.巡航表速250km/h （不含）以上,D. C类航空器以上,,
1012,3007,12112014,第3007题 试题编号：12112014,*B、C类空域内，同航迹同高度目视飞行航空器，应当从前面航空器的右侧，保持（）m以上的侧向间隔超越。,A.	300,B.	400,C.	500,D.	450,,
1013,3008,12112015,第3008题 试题编号：12112015,在*D类空域内，昼间目视飞行航空器之间的纵向间隔，A类航空器不得小于（）km,,A.	5,B.	2,C.	2.5,D.	1.5,,
1014,3009,12112016,第3009题 试题编号：12112016,在*D类空域内，昼间目视飞行航空器之间的纵向间隔,B类航空器不得小于（）km。,A.	5,B.	7,C.	3,D.	2,,
1015,3010,12112017,第3010题 试题编号：12112017,在*D类空域内，昼间目视飞行航空器之间的侧向间隔，（）类航空器不得小于200m。,A.	A,B.	B,C.	C,D.	D,,
1016,30,12112018,第30n题	试题编号：12112018,在*D类空域内，昼间目视飞行航空器之间的侧向间隔，（）类航空器不得小于500m。,A.	A、B、C,B.	A、B,C.	B、C,D.	B、C, D,,
1017,3012,12113001,第3012题	试题编号：12113001,昼间或夜间发出的警告信号均为从地面以（）秒钟的间隔发射信号弹，在爆炸时，应 当发出红光、绿光或星光。,A.	5,B.	10,C.	15,D.	20,,
1018,3013,12113002,第3013题	试题编号：12113002,机场灯光系统应在航空器预计（）前20分钟开放。,A,起飞或着陆,B,滑行或飞越远台,C.开车或进入本管制区,D,推出或进入本管制区,,
1019,3014,12113003,第3014题	试题编号：12113003,机场机动区内有航空器运行时，按（）管理灯光。,A.夜间应当开放机场保障飞行所需的灯光,B.昼间应当开放进近坡度指示系统的灯光,C.昼间机场能见度小于2km或航空器驾驶员有要求时，应当开放跑道和滑行道以及起 飞和着陆方向上保障飞行所需要的灯光,D. A,B 和 C,,
1020,3015,12113004,第3015题	试题编号：12113004,航空器预计起飞或着陆前（）分钟开放灯光。,A.	5,B.	10,C.	15,D.	20,,
1021,3016,12113005,第3016题	试题编号：12113005,下述对机场灯光的使用方法，描述正确的是（）。,A.灯光只在夜间使用，昼间不使用,B.昼间，机场水平能见度小于2km时，要开灯,C.昼间，机场水平能见度小于4km时，要开灯,D.按管制员意图,,
1022,3017,12113006,第3017题 试题编号：12113006,如果机场助航灯光不是连续提供使用的，机场灯光管理单位应当在航空器（）或者（），或者按照塔台管制单位的通知关闭机场灯光。,A.起飞后10分钟，着陆后10分钟,B.起飞后15分钟，着陆后10分钟,C.起飞后10分钟，着陆后15分钟,D.起飞后15分钟，着陆后15分钟,,
1023,3018,12113007,第3018题	试题编号：12113007,机场灯光系统主要包括（）灯光、（）灯光和（）灯光系统。,A.进近，跑道，滑行道,B,着陆，跑道，联络道,C.进近，滑行道，站坪,D.着陆，塔台，滑行道,,
1024,3019,12113008,第3019题	试题编号：12113008,机场灯光系统应当在航空器（）时，立即开放。,A.预计进入本管制区前20分钟,B.预计到达机场上空前30分钟,C.发生紧急情况,D.预计起飞，着陆前1小时,,
1025,3020,12113009,第3020题	试题编号：12113009,机场灯光系统应当在航空器起飞后15分钟，着陆后（）分钟，或按照管制部门的通 知关闭。,A.	10,B.	15,C. 20,D. 25,,
1026,3021,12113010,第3021题	试题编号：12113010,机场在（）下有航空器运行时，应当开放障碍物标志灯。,A.昼间或目视飞行条件,B.夜间或仪表飞行条件,C.在有人员或车辆活动情况,D.在RVR不工作情况,,
1027,3022,12113011,第3022题	试题编号：12113011,夜间或昼间能见度小于（）km时，在机场活动区内活动的一切航空器必须显示引起 对该航空器注意的防撞灯，该航空器相对航径的航行灯，航空器结构外端的灯光及航 空器发动机已经开车的灯光。,A.	1,B.	2,C.	3,D.	4,,
1028,3023,12113012,第3023题	试题编号：12113012,塔台管制员遇有（）情况时，应当向航空器，车辆和行人发出警告信号。,A.航空器相互接近有相撞危险；航空器与障碍物有相撞危险,B.航空器机体情况异常：航空器未经批准将进入危险区，限制区，禁区,C,跑道积水，结冰或松软,D. A, B 和 C,,
1029,3024,12113013,第3024题	试题编号：12113013,航空器夜间着陆通常在（）m,直升机在70-40m的高度上打开着陆灯。,A.	100-50,B.	150-30,C.	100-70,D.	100-60,,
1030,3025,22113014,第3025题	试题编号：22113014,机场灯光系统应在航空器预计起飞或着陆前30分钟开放。,T,F,,,,
1031,3026,22113015,第3026题	试题编号：22113015,机场灯光系统主要包括进近灯光、跑道灯光和滑行道灯光系统。,T,F,,,,
1032,3027,22113016,第3027题	试题编号：22113016,机场灯光系统应当在航空器发生紧急情况时，立即开放。,T,F,,,,
1033,3028,22113017,第3028题 试题编号：22113017,航空器起飞后15分钟关闭机场灯光。,T,F,,,,
1034,3029,22113018,第3029题 试题编号：22113018,航空器起飞着陆后5分钟关闭机场灯光。,T,F,,,,
1035,3030,22113019,第3030题 试题编号：22113019,机场灯光系统应当在航空器起飞后15分钟，着陆后20分钟，或按照管制部门的通知 关闭。,T,F,,,,
1036,3031,12114001,第3031题 试题编号：12114001,当跑道侧风在航空器侧风标准附近时，是否起飞或着陆，由（）根据机型自行决定。,A.管制员,B.签派员,C.情报员,D.航空器驾驶员,,
1037,3032,12114002,第3032题 试题编号：12114002,机场跑道，滑行道只供航空器起飞，降落和滑行使用，如有特殊情况需作他用或有车 辆行人通过，应当经过（）批准。,A.管理局职能部门,B.机场管理部门,C.机场公安部门,D.塔台管制室,,
1038,3033,12114003,第3033题 试题编号：12114003,航空器通常应当逆风起飞和着陆，但是当跑道长度、坡度和净空条件允许，航空器也 可以在风速不大于（）m/s时顺风起飞和着陆。,A.	2,B.	3,C.	4,D.	5,,
1039,3034,12114004,第3034题 试题编号：12114004,如果航空器驾驶员根据飞行手册或航空公司运行手册请求在大于（）m/s的情况下顺 风起飞和着陆，在空中交通情况允许的情况下，塔台管制室管制员应当予以同意。,A.	2,B.	3,C.	4,D.	5,,
1040,3035,12114005,第3035题 试题编号：12114005,塔台管制员在选择使用跑道时，应当考虑（）因素。,A.地面风向风速；跑道长度、坡度,B.机场进离场程序,C.起落航线；进近和着陆导航设备,D. A、B 和 C,,
1041,3036,12114006,第3036题 试题编号：12114006,航空器起飞应当使用全跑道，但是根据（）等条件另有明文规定的，可以不受此限。,A.机场、机型、航空器重量,B.场压、风向、温度,C.机场、风速、气压,D.机场、机型、气象,,
1042,3037,12114007,第3037题 试题编号：12114007,机场跑道、滑行道只提供航空器起飞、降落和滑行使用。如有特殊情况需作他用或有 车辆行人通过，应当经过（）批准。,A.管理局职能部门,B.机场管理部门,C.机场公安部门,D.塔台管制室,,
1043,3038,12114008,第3038题 试题编号：12114008,在起飞线指挥飞行时，起飞线塔台、停车场、人员休息点，应当根据机场面积、跑道 和滑行道的位置等情况确定，距跑道边沿的距离通常不得少于（）m。,A. 50,B. 100,C. 150,D. 200,,
1044,3039,12114009,第3039题	试题编号：12114009,航空器起飞应当使用全跑道，但是根据（）等条件另有明文规定的，可以不受此限。,A.机场、机型、航空器重量,B.场压、风向、温度,C.机场、风速、气压,D.机场、机型、气象,,
1045,3040,12114010,第3040题	试题编号：12114010,在起飞线指挥飞行时，起飞线塔台，停车场，人员休息地点，应当根据机场面积，跑 道和滑行道的位置等情况，距跑道边沿的距离通常不得少于（）m。,A. 50,B. 100,C. 150,D. 200,,
1046,3041,22114011,第3041题	试题编号：22114011,机场跑道，滑行道只供航空器起飞，降落和滑行使用，如有特殊情况需作他用或有车 辆行人通过，应当经过塔台管制室批准。,T,F,,,,
1047,3042,22114012,第3042题	试题编号：22114012,当跑道侧风在航空器侧风标准附近时，是否起飞或着陆，由航空器驾驶员根据机型性 能自行决定，管制员负责提供当时实际风向、风速。,T,F,,,,
1048,3043,22114013,第3043题	试题编号：22114013,机场跑道、滑行道因道面及灯光、通信、导航设备以及其他原因不能保证航空器安全 起降和滑行时，应当关闭。,T,F,,,,
1049,3044,22114014,第3044题	试题编号：22114014,如机场、机型和气象条件另有明确规定或航空器驾驶员申请，塔台管制室管制员可以 允许航空器不使用全跑道起飞。,T,F,,,,
1050,3045,22114015,第3045题	试题编号：22114015,管制单位应可通过ATIS （D-ATIS）的方式，向航空器驾驶员通报跑道表面状况信息。,T,F,,,,
1051,3046,12114016,第3046题	试题编号：12114016,管制单位通过话音通信方式向航空器驾驶员通报湿和污染跑道表面状况信息时，应当 提供的内容不包括（）。,A.跑道号,B.跑道表面状况代码,C.跑道湿和污染状况预计持续时常,D.发布时间,,
1052,3047,12115001,第3047题	试题编号：12115001,航空器驾驶员得到起飞许可后，应当立即起飞，如果在（）分钟内不能起飞时，航空 器驾驶员必须再次请求起飞许可。,A.	1,B.	2,C.	3,D.	4,,
1053,3048,12115002,第3048题	试题编号：12115002,塔台管制员应当在航空器预计起飞或者着陆前（）分钟了解天气情况，检查通信导航 设备，校对时钟，检查风向风速仪，校正高度表。,A.	20,B.	30,C.	45,D.	60,,
1054,3049,12115003,第3049题	试题编号：12115003,塔台管制员应当在航空器预计起飞前和预计进入机场管制空域前（）分钟，开放本场 通信导航设备并及时清理跑道。,A.	20,B.	30,C.	45,D.	60,,
1055,3050,12115004,第3050题	试题编号：12115004,航空器开车前，航空器驾驶员应当向塔台管制室申请放行许可并报告拟选择的飞行高 度，塔台管制室在（），应当明确批准的飞行高度层。,A.请求开车前,B.发布放行许可时,C,推出滑行时,D.进入跑道起飞前,,
1056,3051,12115005,第3051题	试题编号：12115005,收到转给航空器的管制许可后，从收到时间算起，如已超过（）分钟仍不能转给该航 空器时，必须立即将此情况通知原管制单位。,A.	2,B.	3,C.	4,D.	5,,
1057,3052,12115006,第3052题	试题编号：12115006,地面管制席管制员应当在航空器预计起飞或者着陆前（）分钟，了解天气情况，校对 时钟，检查风向风速仪，校正高度表。,A.	20,B.	30,C.	45,D.	60,,
1058,3053,12115007,第3053题	试题编号：12115007,塔台管制室对离场航空器发出的放行许可内容包括（）。,A.航空器呼号；管制许可的界限（定位点或目的地）,B.批准的离场程序；飞行航路（航线）：高度,C.应答机编码,D. A, B 和 C,,
1059,3054,12115008,第3054题	试题编号：12115008,塔台管制员发出起飞许可通常包括（）。,A.滑行（空中滑行）路线,B.起飞顺序，方向及进入跑道的等待点,C.进近和区域管制室对离场航空器的有关要求,D. A, B 和 C 第3055题 试题编号：12115009,,
1060,3056,12115010,第3056题 试题编号：12115010,夜间，航空器从起飞滑跑至上升到（）m过程中，一般不与航空器驾驶员通话。,A.	100,B.	150,C.	200,D.	250,,
1061,3057,12115011,第3057题	试题编号：12115011,有航空器复飞，昼间高度在（）m以下， 可。,A.	50,B.	100,C.	150,D.	200	或者还没有开始第一转弯，	禁止发布起飞许,,
1062,3058,12115012,第3058题	试题编号：12115012,有航空器复飞，夜间高度在（）m以下， 可。,A.	50,B.	100,C.	150,D.	200	或者还没有开始第一转弯，	禁止发出起飞许,,
1063,3059,12115013,第3059题	试题编号：12115013,先起飞的航空器高度昼间在（）皿以下， 可。,A.	50,B.	100	或者还没有开始第一转弯，	禁止发出起飞许,C. 150,D. 200,,
1064,3060,12115014,第3060题	试题编号：12115014,先起飞的航空器高度夜间在（）m以下，或者还没有开始第一转弯，禁止发出起飞许 可。,A.	50,B.	100,C.	150,D.	200,,
1065,3061,12115015,第3061题	试题编号：12115015,航空器滑行速度不得超过（）km/h,牵引速度不得超过（）km/ho,A.	40、10,B.	40、20,C.	50、10,D.	50、20,,
1066,3062,12115016,第3062题	试题编号：12115016,昼间航空器从起飞滑跑至上升到（）m的过程中，一般不与机长通话。,A.	100,B.	120,C.	200,D.	300,,
1067,3063,12115017,第3063题	试题编号：12115017,空管中所说的航空器起飞时刻是指航空器（）。,A.速度可以超过60km/h,B.不得用大速度转弯,C.可目视自选滑行道,D.可以不限速转弯 第3064题 试题编号：12115018,,
1068,3065,12115019,第3065题	试题编号：12115019,当进港的A机高度80m还有30s钟落地时，一出港的B机因误听口令滑进跑道请求起 飞，此时管制员应该（）。,A.令B机立刻起飞，并同意A机落地,B.同意B机起飞，并令A机复飞,C.令A机立刻复飞，并令B机在跑道上等待,D.同意B机起飞，并令A机复飞后上升率大一点,,
1069,3066,12115020,第3066题	试题编号：12115020,航空器通常应当逆风起飞和着陆、但是当跑道长度、坡度和净空条件允许，航空器也 可以在风速不大于（）m/s时顺风起飞和着陆。,A.	1,B.	2,C.	3,D.	4,,
1070,3067,12115021,第3067题	试题编号：12115021,当跑道侧风在航空器侧风标准附近时，是否起飞或着陆，由（）根据机型自行决定。,A.管制员,B.签派员,C.情报员,D.航空器驾驶员,,
1071,3068,12115022,第3068题	试题编号：12115022,塔台管制室对离场航空器发出的放行许可内容包括（）。,A.航空器呼号：管制许可的界限（定位点或目的地）,B.批准的离场程序；飞行航路（航线）；高度,C.应答机编码,D. A、B 和 C,,
1072,3069,12115023,第3069题	试题编号：12115023,执行不同任务的航空器或者不同机型的航空器同时飞行时，应当根据具体情况，允许 执行（）的航空器优先起飞。,A.紧急或重要任务,B.定期航班,C.速度大的,D. A、B 和 C,,
1073,3070,12115024,第3070题 试题编号：12115024,离场航空器起飞后需要立即和塔台管制室以外的空中交通管制单位联系的，地面管制 室或塔台管制室应当在（）后通知航空器。,A.航空器请求开车,B.航空器滑行,C.发出放行许可或离场情报,D.航空器离地,,
1074,3071,12115025,第3071题	试题编号：12115025,地面管制或塔台管制室许可航空器滑行（空中滑行）应当发出（）。,A.滑行（空中滑行）路线,B.起飞顺序、方向及进入跑道的等待点,C.进近和区域管制室对离场航空器的有关要求,D. A、B 和 C,,
1075,3072,12115026,第3072题	试题编号：12115026,塔台管制室地面管制席，负责（）。,A.向航空器发布放行许可,B.对在除跑道外的机场机动区内活动的航空器、车辆、人员实施管制,C.对在机场管制地带内活动的航空器提供空中交通管制服务,D.借助雷达对本管制区的航空器提供空中交通管制,,
1076,3073,12115027,第3073题	试题编号：12115027,塔台管制室与机动区内的车辆之间应当（）。,A.不必配备通信设备,B.单独建立单向移动通信频道,C.单独建立双向移动通信频道,D.在管制频道建立双向通信,,
1077,3074,12115028,第3074题	试题编号：12115028,在仪表气象条件的情况下，有离场航空器时，塔台管制员应当向（）索取离场许可, 并适时向航空器发布。,A.空军,B.报告室管制员,C.相邻管制区,D.进近或区域管制员,,
1078,3075,12115029,第3075题	试题编号：12115029,机场管制塔台装设的，如果是指示出几个地点的风向、风速值的多通道指示器时，管 制员发出起飞许可时，原则上通知靠近（）的风向、风速值；发落地许可时，原则上 通知（）附近的风向、风速值。,A.起飞滑跑开始，接地点,B.升空区，接地点,C.升空区，滑离段,D.起飞滑跑开始，滑离段,,
1079,3076,12115030,第3076题 试题编号：12115030,管制员接到航空器报告恶劣气象情报时，应当及时通报（）和（）。,A.值班领导，气象部门,B.值班领导，本区域内运行的航空器,C.气象部门，本区域内运行的航空器,D.气象部门，飞行签派室,,
1080,3077,12115031,第3077题 试题编号：12115031,当遇到如下情况时，（），管制员禁止发出起飞许可。,A.顺风5m/s,B.跑道上积水5毫m,C.有航空器复飞并结束第一转弯,D.有机动车正在穿越跑道,,
1081,3078,12115032,第3078题	试题编号：12115032,执行不同任务的航空器或者不同机型的航空器同时飞行时，应当根据具体情况，允许 执行（）的航空器优先起飞。,A.紧急或重要任务,B.定期航班,C.速度大的,D. A, B 和 C,,
1082,3079,12115033,第3079题	试题编号：12115033,训（熟）练飞行连续起飞时，除非机长能保证在高于前方航空器航径的高度以上飞 行，否则其尾流间隔应再增加（）分钟。,A.	1,B.	2,C.	3,D.	4,,
1083,3080,12115034,第3080题 试题编号：12115034,塔台管制员在（）情况下允许出港航空器进跑道起飞。,A.先起飞的航空器高度夜间在150m,昼间100m以上；跑道上无障碍物；符合尾流间 隔标准,B.跑道上有障碍物,C.短五边有进近着陆的飞机,D.先起飞的航空器高度夜间在120m,昼间在100m以上,,
1084,3081,12115035,第3081题	试题编号：12115035,航空器滑行时翼尖距离障碍物小于（）m时，应当有专人引导或者停止滑行。,A.	5,B.	10,C.	15,D.	20,,
1085,3082,12115036,第3082题	试题编号：12115036,塔台管制室应当将进场航空器（）情报通知进近管制室。,A.看到了将要着陆的航空器，或该航空器已着陆，着陆时间,B.撤销仪表飞行程序的，其撤销时间,C,复飞或通信中断航空器的有关情报及使用跑道,D. A、B 和 C,,
1086,3083,12115037,第3083题	试题编号：12115037,地面管制席管制员应当在航空器预计起飞或者着陆前（）分钟，了解天气情况，校对 时钟，检查风向风速仪，校正高度表。,A.	20,B.	30,C.	45,D.	60,,
1087,3084,12115038,第3084题	试题编号：12115038,地面管制席管制员应当在航空器预计起飞或者着陆前（）分钟，开机守听，准备（）O,A.	20；飞行进程单,B.	30；飞行动态,C.	45；飞行检查单,D.	60；值班日记,,
1088,3085,12115039,第3085题	试题编号：12115039,塔台管制员应当在航空器预计起飞或者着陆前（）分钟了解天气情况，检查通信导航 设备，校对时钟，检查风向风速仪，校正高度表。,A. 20,B. 30,C. 45,D. 60,,
1089,3086,12115040,第3086题	试题编号：12115040,塔台管制员应当在航空器预计起飞前和预计进入机场管制空域前（）分钟，开放本场 通信导航设备并及时清理跑道。,A. 20,B. 30,C, 45,D. 60,,
1090,3087,12115041,第3087题	试题编号：12115041,夜间，航空器从起飞滑跑至上升到（）m的过程中，一般不与航空器驾驶员通话。,A. 100,B, 150,C. 200,D. 250,,
1091,3088,12115042,第3088题	试题编号：12115042,进近管制室可以授权（）根据进场航空器的情况，自行决定放行一架航空器起飞。,A.飞行报告室,B.飞行签派室,C.塔台管制室,D.区域管制室,,
1092,3089,12115043,第3089题	试题编号：12115043,起飞机场区域管制室如果对申请的高度层有异议，应当在航空器预计起飞前（）分钟 通知塔台管制室。,A. 5,B. 10,C. 15,D. 20,,
1093,3090,12115044,第3090题	试题编号：12115044,航空器开车前，航空器驾驶员应当向塔台管制室申请放行许可并报告拟选择的飞行高 度，塔台管制室在（），应当明确批准的飞行高度层。,A.请求开车前,B.发布放行许可时,C.推出滑行时,D.进入跑道起飞前,,
1094,3091,12115045,第3091题	试题编号：12115045,在起飞过程中，航空器驾驶员报告发动机失效时，管制员应当（）。,A.向航空器提供飞往备降机场所需的飞行情报,B.询问发动机失效原因,C.及时调配其他有关航空器避让，立即通知有关保障单位做好航空器着陆的援救工作,D.提供备降机场供航空器驾驶员选择,,
1095,3092,12115046,第3092题	试题编号：12115046,管制员接到尚未飞出进近管制区的离场航空器报告无线电罗盘失效时，可建议该航空 器（）。,A.返航着陆,B.继续飞往着陆机场,C.飞往备降机场,D.飞往就近机场,,
1096,3093,12115047,第3093题	试题编号：12115047,«两架或两架以上航空器在地面滑行时，航空器之间的间隔由管制员来调配。,T,F,,,,
1097,3094,12115048,第3094题	试题编号：12115048,航空器没有脱离跑道前严禁其他航空器进跑道。,T,F,,,,
1098,3095,12115049,第3095题	试题编号：12115049,进近管制室和区域管制室对离场航空器实施流量控制或其他调配的，应当尽早通知塔 台管制室安排离场航空器在地面或空中等待。,T,F,,,,
1099,3096,12115050,第3096题 试题编号：12115050,复飞航空器高度在100m （夜间150m）以下，或未开始第一转弯或按照管制员指令，跑 道上的其他航空器不得起飞。,T,F,,,,
1100,3097,12115051,第3097题	试题编号：12115051,一般情况下，飞行员在请求进跑道时，塔台管制员都应该跟进近协调一下。,T,F,,,,
1101,3098,12115052,第3098题	试题编号：12115052,进近管制室可以授权塔台管制室根据进场航空器的情况，自行决定放行一架航空器起 飞。,T,F,,,,
1102,3099,12115053,第3099题	试题编号：12115053,某机场年起落架次超过40000架次时，应当在其管制塔台增设地面管制席位。,T,F,,,,
1103,3100,12115054,第3100题	试题编号：12115054,放行许可和离场情报，全都由放行许可发布席位发布（如果设立了该席位）。,T,F,,,,
1104,3101,12115055,第3101题	试题编号：12115055,夜间，某架航空器复飞爬升后的高度为120米并开始第一转弯，跑道上的等待起飞的 航空器（）。,A.退出跑道,B.可以滑行,C.可以起飞,D.不得起飞,,
1105,3102,12116001,第3102题	试题编号：12116001,塔台管制室与机动区内的车辆之间应当（）。,A.不必配备通信设备,B.单独建立单向移动通信设备,C.单独建立双向移动通信设备,D.在管制频道建立双向通信,,
1106,3103,12116002,第3103题 试题编号：12116002,塔台管制室应当将进场航空器（）情况通知进近管制室。,A.看到了将要着陆的航空器，或该航空器已着陆，着陆时间,B.撤销仪表飞行程序的，其撤销时间,C.复飞或通信中断航空器的有关情报及使用跑道,D. A, B 和 C,,
1107,3104,12116003,第3104题 试题编号：12116003,航空器着陆或者复飞由（）最后决定，并对其决定负责。,A.管制员,B.航空器驾驶员,C.飞行签派员,D.值班领导,,
1108,3105,12116004,第3105题 试题编号：12116004,塔台管制员发出着陆许可的口令包含（）含义。,A,跑道上无障碍物,B.在航空器进近着陆航径上，没有其他航空器活动,C.符合尾流间隔规定,D. A, B 和 C,,
1109,3106,12116005,第3106题 试题编号：12116005,在我国民航机场，两架航空器同时进近着陆时，管制员通常按（）确定着陆顺序。,A.国际航班,B.后面，右侧，高度较高的航空器,C.机长要求,D.前面，左侧，高度较低的航空器,,
1110,3107,12116006,第3107题 试题编号：12116006,管制员向航空器发布着陆许可，一般应在航空器距离跑道入口处（）km之前发出。,A.4~11,B.7~11,C. 11~15,D. 3~7,,
1111,3108,12116007,第3108题 试题编号：12116007,为了确切掌握进场航空器的位置，管制单位可以要求进近中的航空器报告其（）。,A.时间和位置,B.时间和高度,C.位置和高度,D.时间和速度,,
1112,3109,12116008,第3109题	试题编号：12116008,航空器着陆或者复飞由（）最后决定，并且对其决定负责。,A.管制员,B.航空器驾驶员,C.飞行签派员,D.值班首长,,
1113,3110,12116009,第3110题	试题编号：12116009,当遇到如下情况，即（）附，进近雷达管制员可以指挥做雷达进近的航空器复飞。,A.本场能见度低于最低运行标准,B. RVR低于最低运行标准,C.侧风超过标准,D.当航空器在最后进近中，处于危险的位置,,
1114,3111,12116010,第3111题	试题编号：12116010,机场塔台管制员发布的复飞指令应当符合规定的复飞程序，并应当（），使航空器不 致飞出复飞区。,A.包括爬升时应当到达的高度,B.提供机场能见度,C,提供空中交通情况,D.提醒机组及时转弯,,
1115,3112,12116011,第3112题	试题编号：12116011,只有在航空器（）时，进近雷达管制员才能发布目视进近许可，终止雷达引导。,A.驾驶员已经看到地面,B.在云下飞行,C.驾驶员已经看到机场,D.切入五边,,
1116,3113,12116012,第3113题	试题编号：12116012,3m/s时顺风起飞和着陆。,A.跑道长度、坡度和宽度,B.跑道长度、坡度和净空条件,C.跑道长度、本场进离港程序和净空条件,D.跑道长度、强度和导航设备,,
1117,3114,12116013,第3114题	试题编号：12116013,决断高度是在（）进近中规定的一个高度，决断高以（）为基准。,A.仪表，平均海平面,B.仪表，跑道入口标高,C.精密，平均海平面,D.精密，跑道入口标高,,
1118,3115,12116014,第3115题	试题编号：12116014,管制员可允许（）的航空器在起落航线上从内侧超越前航空器。,A.快速,B.座舱失压,C.迫降,D.无线电失效,,
1119,3116,12116015,第3116题	试题编号：12116015,航空器复飞时，塔台管制员应当（）。,A.立即通知进近雷达管制员，并按其要求实施管制，随后将该航空器交给进近雷达管 制员,B.立即通知复飞航空器联系区域管制室,C.指挥复飞航空器低高度通场，飞越跑道后按起飞航空器移交给进近,D.立即通知其他航空器复飞,,
1120,3117,12116016,第3117题	试题编号：12116016,云下目视飞行进场的航空器，进场航向与着陆航向相同或者相差不大于（）度，地形 条件许可，航空器驾驶员熟悉机场情况，并且不影响其他航空器进入的，可以安排该 航空器直接进近。,A. 15,B. 30,C. 45,D. 60,,
1121,3118,12116017,第3118题	试题编号：12116017,仪表飞行的航空器，进场航向与着陆航向相同或者相差不大于（）度，地形条件许 可，地面导航设备能够保证航空器准确地加入长五边的，可以安排该航空器进行直接 进近。,A. 15,B.	30,C.	45,D.	60,,
1122,3119,12116018,第3119题	试题编号：12116018,航空器复飞和重新进入着陆的程序，按照（）的规定执行。,A.尾流间隔,B.机场使用细则,C.侧风标准,D. RVR标准,,
1123,3120,12116019,第3120题	试题编号：12116019,进近管制室应当在不迟于航空器飞越管制移交点前3分钟，将航空器的（）情报通知 塔台管制室。,A.航空器呼号、机型,B.预计到达进近位置点或机场上空的时间和预定高度或实际高度,C.仪表进近的种类（必要时通知）,D. A、B 和 C,,
1124,3121,12116020,第3121题	试题编号：12116020,进近管制室向塔台管制室发出的预计到达时间相差超过（）分钟，应当进行更正。,A.	2,B.	3,C.	5,D.	10,,
1125,3122,12116021,第3122题	试题编号：12116021,进近或塔台管制室与进场航空器建立无线电通信联系后，应当对航空器位置进行核实 并向该航空器迅速发出（）情报。,A.进近许可；仪表或目视飞行的进近程序,B.使用跑道；高度表拨正值,C.风向、风速值；气象报告的云高低于目视进近最低下降高度，或气象报告能见度小 于目视进近最低气象条件的，其云高或能见度值,D. A、B 和 C,,
1126,3123,12116022,第3123题	试题编号：12116022,在航空器油量不足、严重机械故障或因天气原因不能飞往其他机场以及航空器驾驶员 要求在低于着陆最低气象条件的机场着陆，（）应当采取必要措施予以协助，并通知 有关保障部门做好应急准备。（）应对其决定的后果负责。,A.管制员，飞行签派员,B.管制员，航空器驾驶员,C.飞行签派员，航空器驾驶员,D.情报员，航空器驾驶员,,
1127,3124,12116023,第3124题	试题编号：12116023,航空器在被移交给塔台管制室后，未向塔台报告，或者报告一次后即失去无线电联 络，或者在任何情况下，在预计着陆时间之后（）分钟尚未着陆的，塔台管制员应当 向进近管制室或区域管制室报告。,A.	2,B.	3,C.	5,D.	10,,
1128,3125,12116024,第3125题	试题编号：12116024,塔台管制员在航空器按照仪表进近程序进入最后阶段，发布着陆许可，必要时通知航 空器驾驶员（）或复飞程序。,A.最低等待高度,B,最低下降高度（或者决断高）,C.最低航路高度,D.过渡高度,,
1129,3126,12116025,第3126题	试题编号：12116025,区域管制室应在航空器预计进入进近管制空域前（）分钟.与进近（塔台）管制室进 行管制移交。,A.	3~5,B.	5~10,C.	10^15,D.	15~20,,
1130,3127,12116026,第3127题	试题编号：12116026,进近入口是：在最后进近航迹上、离跑道入口（）km的一点或离最后进近点（向远 离机场方向）（）km的一点，此两点中离跑道较远的一点。,A.	6； 1,B.	9； 2,C.	12； 3,D.	15； 4,,
1131,3128,12116027,第3128题 试题编号：12116027,8.	了解备降机场的天气情况，及时、主动地指挥航空器去备降,A.掌握雷雨的性质、范围和发展趋势，用雷达掌握航空器的位置,C.若着陆机场被雷雨覆盖，立即关闭机场,D.主动、准确地利用雷达引导航空器绕飞,,,
1132,3129,12116028,第3129题	试题编号：12116028,现有航空器A310、BAE-146、TU-154, B747-400, B767,根据跑道入口速度进行分 类，它们应分别属于：（）类。,A.	C、 A、 D、 D、 C,B.	C、 B, D、 D、 C,C.	B、 A、 D、 C、 C,D.	A、 B, C, D、 D,,
1133,3130,12116029,第3130题 试题编号：12116029,因空中交通繁忙、跑道临时关闭以及有紧急着陆的其他航空器，不能许可航空器立即 着陆的，管制员应当通知航空器并采取（）。,A.调整航空器之间的间隔,B,扩大或缩小起落航线,C.安排目视等待,D. A、B 和 C,,
1134,3131,12116030,第3131题	试题编号：12116030,管制员应当在失去通信联络的航空器预计到达着陆机场导航台上空前（）分钟，将等 待空域内该航空器占用的高度层空出，禁止航空器穿越。,A.5,B.10,C.15,D.20,,
1135,3132,12116031,第3132题	试题编号：12116031,空管中所说的航空器着陆时刻指的是航空器接地的瞬间。,A.在航空器着陆前，通知机场管理机构做好援救准备工作,B.空出该航空器占用的及其以下的高度，禁止其他航空器和援救无关的车辆在机动区 内活动,C.允许航空器在有利的高度上飞向着陆机场,D. A、B 和 C 第3133题 试题编号：22116032,,
1136,3134,22116033,第3134题	试题编号：22116033,按目视飞行规则飞行时，航空器驾驶员应当进行严密的空中观察，由相关管制员对保 持航空器之间的间隔和航空器距地面障碍物的安全高度是否正确负责。,T,F,,,,
1137,3135,22116034,第3135题	试题编号：22116034,航空器一接地，管制员就应该立即告诉飞行员脱离跑道的方法。,T,F,,,,
1138,3136,12117001,第3136题	试题编号：12117001,塔台管制室负责对本塔台管辖范围内航空器的（）。,A.开车、滑行、起飞、着陆和与其相关的机动飞行的管制工作,B,滑行、起飞、着陆和与其相关的机动飞行的管制工作,C.起飞、着陆和与其相关的机动飞行的管制工作,D.以上都不对,,
1139,3137,12117002,第3137题	试题编号：12117002,有关过渡高度层，以下说法正确的是（）。,A.过渡高度层是指为有关机场规定的过渡高以上可用的最低飞行高度层,B.在过渡高度层及其以上的高度使用QNE1013.2hpa,C.在过渡高度层以下的高度使用QNH或QFE,D.以上都对,,
1140,3138,12117003,第3138题	试题编号：12117003,机场自动终端情报服务通播的主要内容，不包括以下的（）,,A.机场名称、机场代码、预期进近类别、使用跑道,B.地面风向风速、能见度、跑道视程,C.放行许可,D.大气温度、露点、高度表拨正值,,
1141,3139,12117004,第3139题	试题编号：12117004,航空器驾驶员得到起飞许可后，应当立即起飞，在（）分钟内不能起飞的，航空器驾 驶员应当再次请求起飞许可。,A.	1,B.	2,C.	3,D.	5,,
1142,3140,12117005,第3140题	试题编号：12117005,依据中国民航规章规定，地面滑行时，航空器驾驶员自座舱的左侧看到另一架航空器 时，应当（）。,A.立即向右避让,B.立即停止滑行,C.立即通知管制员,D.以上都不对,,
1143,3141,12117006,第3141题	试题编号：12117006,许可做低空进近或连续起飞的航空器，前者在其飞越跑道入口以前，后者在其接地之 前，应当视为（）航空器，在此之后，应当视为（）航空器。,A.起飞，着陆,B.起飞，起飞,C.着陆，起飞,D.着陆，着陆,,
1144,3142,12117007,第3142题	试题编号：12117007,进近管制室或塔台管制室与进场航空器建立无线电通信联系后，应当对航空器位置进 行核实，并向该航空器迅速发出有关情报的通知中，下列哪项不正确（）。,A.进近许可、仪表或目视飞行的进近程序,B.使用跑道、风向风速值,C.地面滑行路线,D.高度表拨正值,,
1145,3143,12117008,第3143题	试题编号：12117008,当机场的气象条件低于着陆最低气象条件时，应当根据该航空器的要求允许其（）或 向其发出飞往（）的管制许可，并调整进近的顺序。,A.等待，附近机场,B.复飞，备降机场,C.复飞，起飞机场,D,等待，备降机场,,
1146,3144,12117009,第3144题	试题编号：12117009,航空器着陆后，塔台管制室管制员应当通知航空器驾驶员相关指令，以下通知内容不 正确的是（）。,A.脱离跑道的方法,B.滑行指示,C.转换到地面管制频率，由地面管制提供地面滑行服务,D.无地面管制频率的，交给机场现场指挥，由其提供地面滑行服务,,
1147,3145,12117010,第3145题	试题编号：12117010,如果航空器驾驶员根据飞行手册或航空公司运行手册请求在大于3m/s的情况下顺风起 飞和着陆，塔台管制员应当（）。,A.出于安全考虑，禁止其起飞,B.在顺风小于5m/s时，可以允许其起飞,C.在顺风小于8m/s时，可以允许其起飞,D.在空中交通情况允许的情况下，应当予以同意,,
1148,3146,12117011,第3146题	试题编号：12117011,对机场起飞、着陆地带进行布局和设置时，起飞线应当根据（）进行布置。,A.风向、风速,B.跑道长度、宽度、坡度,C.起落航线,D.导航设备的工作情况,,
1149,3147,12117012,第3147题	试题编号：12117012,如果离场航空器驾驶员报告已经从机场自动终端情报系统广播收到相关信息，塔台管 制员不再向其提供广播中包括的（）。,A.放行许可,B.进近和区调的频率,C.风向、风速、云高和能见度,D.离场情报,,
1150,3148,12117013,第3148题	试题编号：12117013,依据中国民航规章规定，航空器在地面滑行交叉相遇时，航空器驾驶员自座舱的（） 看到另一架航空器时，应当停止滑行。,A.左侧,B.右侧,C.前侧,D.以上都不对,,
1151,3149,12117014,第3149题 试题编号：12117014,具有倒滑性能的航空器进行倒滑时，应当有（）引导。,A.塔台管制员,B.地面管制员,C.地面人员,D.雷达,,
1152,3150,12117015,第3150题 试题编号：12117015,机场跑道、滑行道因道面及灯光、通信、导航设备以及其他原因不能保证航空器安全 起降和滑行时，应当（）。,A.关闭,B.继续开放,C.看情况决定,D.由管制员决定是否关闭,,
1153,3151,12117016,第3151题	试题编号：12117016,航空器夜间滑行时，应当打开（）和（），或者间断地使用（），用慢速滑行。,A.着陆灯，航行灯，滑行灯,B.着陆灯，滑行灯，航行灯,C.航行灯，着陆灯，防撞灯,D.航行灯，滑行灯，着陆灯,,
1154,3152,12117017,第3152题	试题编号：12117017,为了调配间隔，塔台管制员可以指示将要起飞或在地面滑行的航空器（）并将理由通 知该航空器。,A.立即停止起飞或滑行,B.提前起飞或滑行,C.在跑道或跑道外等待,D.延迟起飞或滑行,,
1155,3153,12117018,第3153题 试题编号：12117018,塔台管制员应当根据（）和（）航空器活动情况以及（）的要求，在保证安全的条 件下允许航空器进入跑道并发出起飞许可。,A.跑道，滑行道，进近管制室,B.跑道，起落航线，进近及区域管制室,C.跑道，滑行，区域管制室,D.跑道，起落航线，进近管制室,,
1156,3154,12117019,第3154题	试题编号：12117019,许可做低空进近或连续起飞的航空器，前者在其飞越跑道入口以前，后者在其接地之 前，应当视为（），在此之后，应当视为（）。,A.复飞航空器，着陆航空器,B.着陆航空器，复飞航空器,C.着陆航空器，起飞航空器,D.复飞航空器，起飞航空器,,
1157,3155,12117020,第3155题	试题编号：12117020,地面管制席值班管制员对进、离场的航空器实施管制时，应当在航空器预计起飞或者 着陆前（）分钟，了解天气情况，校对时钟，检查风向风速仪，校正高度表。,A. 10,B. 15,C. 20,D. 30,,
1158,3156,12117021,第3156题 试题编号：12117021,地面管制席值班管制员对进、离场的航空器实施管制时，应当在航空器预计起飞或者 着陆前（）分钟，开机守听，填写飞行进程单。,A. 10,B. 15,C. 20,D. 30,,
1159,3157,12117022,第3157题 试题编号：12117022,塔台管制室值班管制员，对进、离场航空器实施管制时，航空器预计起飞前和预计进 入机场管制空域前（）分钟，开放本场通信导航设备并及时清理跑道。,A. 10,B. 15,C. 20,D. 30,,
1160,3158,12117023,第3158题 试题编号：12117023,两架航空器使用机场无方向信标台，按照同-一种仪表进近程序进入着陆时，在严格掌 握规定数据的前提下，应当控制航空器之间的高度差不得少于（），同时给着陆航空 器留出复飞的高度层。,A. 150 m,B. 300m,C. 450DI,D. 600m,,
1161,3159,12117024,第3159题 试题编号：12117024,两架航空器使用机场无方向信标台，按照同一种仪表进近程序进入着陆时，在严格掌 握规定数据的前提下，应当控制航空器之间的高度差不得少于300m,同时给着陆航空 器留出（）。,A.跑道,B.复飞高度层,C.纵向间隔,D.尾流间隔,,
1162,3160,12117025,第3160题 试题编号：12117025,飞行量在年起降超过（）架次的机场，为了减轻空中交通管制甚高频陆空通信波道的 通信负担，应当设立机场自动终端情报服务系统。,A. 36500,B. 40000,C. 30000,D. 36000,,
1163,3161,12117026,第3161题 试题编号：12117026,航空器在等待航线飞行或最后进近中飞越距跑道入口（）km后，不应当使用调速指 令。,A.	4,B.	6,C.	7,D.	8,,
1164,3162,12117027,第3162题 试题编号：12117027,机场道面刹车效应，可以分成（）个等级。,A.	4,B.	5,C.	6,D.	7,,
1165,3163,12117028,第3163题 试题编号：12117028,塔台管制室值班管制员放行航空器时，应当根据飞行服务报告室的安排和（）以及 各型航空器的性能，合理放行航空器。,A.机型,B.航班目的地,C.离场程序,D,任务性质,,
1166,3164,12117029,第3164题	试题编号：12117029,航空器从起飞滑跑至上升到昼间（）m,夜间（）m的过程中，一般不与航空器驾 驶员通话。,A.	100200,B.	100150,C.	150200,D.	200300,,
1167,3165,12117030,第3165题	试题编号：12117030,塔台管制空域为（）类空域。,A.	A,B.	B,C.	C,D.	D,,
1168,3166,12117031,第3166题	试题编号：12117031,进近管制空域为（）类空域。,A.	A,B.	B,C.	C,D.	D,,
1169,3167,12117032,第3167题	试题编号：12117032,航空器需要紧急放油时，其他航空器与放油航空器间隔：在放油航空器放油完毕（） 分钟后通过。,A.	5,B.	10,C.	15,D.	20,,
1170,3168,22117033,第3168题	试题编号：22117033,地面管制席值班管制员在航空器驾驶员请求开车、滑行时，应当根据飞行预报和管制 范围内航空器活动情况和放行许可等，决定开车顺序，指示滑行路线。,T,F,,,,
1171,3169,22117034,第3169题 试题编号：22117034,航空器发生特殊情况危及飞行安全时，塔台管制室管制员应当安排该航空器优先着 陆，并且迅速空出优先着陆航空器需要的高度和空间。,T,F,,,,
1172,3170,22117035,第3170题 试题编号：22117035,航空器在紧急情况下，不能按照优先着陆程序下降时，迅速调配该航空器所在高度以 下的航空器避让，尽快准许该航空器着陆。,T,F,,,,
1173,3171,22117036,第3171题 试题编号：22117036,塔台管制室值班管制员，对进、离场航空器实施管制时，航空器预计起飞前和预计进 入机场管制空域前10分钟，开放本场通信导航设备并及时清理跑道。,T,,,,,
1174,3172,12118001,第3172题	试题编号：12118001,在管制空域内遇到天气低于目视飞行规则的最低气象条件时，只能按目视规则飞行的 航空器驾驶员，应当（）。,A.可以参照仪表飞行规则飞行,B.立即返航或者飞往就近机场着陆,C.飞往备降机场,D.继续飞往着陆机场,,
1175,3173,12118002,第3173题	试题编号：12118002,在管制空域内遇到天气低于目视飞行规则的最低气象条件时，能按仪表飞行规则飞行 的航空器驾驶员，应当（）。,A.可以参照仪表飞行规则飞行,B.立即返航或者飞往就近机场着陆,C.飞往备降机场,D.经空中交通管制单位许可后，改按仪表飞行规则飞行,,
1176,3174,12118003,第3174题	试题编号：12118003,按目视飞行规则飞行的航空器未经有关空中交通管制单位批准，不得在飞行高度（） m以上飞行，也不得做跨音速或超声速飞行。,A.	5400,B.	6000,C.	6600,D. 7200,,
1177,3175,12118004,第3175题	试题编号：12118004,在复杂气象条件下，管制员应当了解（）的天气情况和演变趋势。,A.相邻管制区,B.本管制区,C.	A类空域,D.	B类空域,,
1178,3176,12118005,第3176题	试题编号：12118005,航空器在云外绕飞雷雨时，距离积雨云（浓积云）昼间不少于（）km,夜间不得少于 （）km；两个云体之间不少于（）km时，方可从中间通过。,A.	5； 10； 10,B.	5； 10； 15,C.	5； 10； 20,D.	5； 20； 20,,
1179,3177,12118006,第3177题	试题编号：12118006,昼间从云下目视绕飞雷雨时，航空器与云底的垂直距离不得少于（）in；飞行真实高 度在平原、丘陵地区不得低于（）m,在山区不得低于（）m：航空器距主降水区不 得少于（）km。,A.	400；	300；	600；	10,B.	300；	300；	600；	10,C.	400；	300；	600；	20,D.	400；	300；	600；	25,,
1180,3178,12118007,第3178题	试题编号：12118007,机场区域内目视飞行最低安全高度：巡航表速250km/h （不含）以上的航空器，按照 机场区域内（）飞行最低安全高度的规定执行。,A.仪表,B.目视,C.进场,D.禺场,,
1181,3179,12118008,第3179题	试题编号：12118008,按目视飞行规则飞行时，航空器之间和航空器距离地面障碍物的安全距离，由（）对 其正确与否负责。,A.航空器驾驶员,B.管制员,C.航行情报员,D.签派员,,
1182,3180,12118009,第3180题	试题编号：12118009,目视飞行的航空器在管制空域内飞行时，空中交通管制员应当根据目视飞行规则的条 件，配备（）间隔。,A.垂直,B.纵向,C.侧向,D.	A、B 和 C,,
1183,3181,12118010,第3181题	试题编号：12118010,*D类空域内，同时有目视飞行和仪表飞行的航空器飞行时，目视飞行航空器之间的间 隔按照（）飞行规则执行。,A.仪表,B.目视,C.训练,D.熟练,,
1184,3182,12118011,第3182题	试题编号：12118011,*D类空域内，同时有目视飞行和仪表飞行的航空器飞行时，目视飞行与仪表飞行的航 空器之间的间隔按照（）飞行规则执行。,A.仪表,B.目视,C.训练,D.熟练,,
1185,3183,12118012,第3183题	试题编号：12118012,目视飞行航空器使用同一跑道起飞、着陆时，其最低间隔标准应当符合如下规定：在 前面航空器已飞越跑道末端或在跑道上空改变航向已无相撞危险前，或者根据目视或 前面航空器报告确认该航空器已脱离跑道前，后面航空器（）。,A.应当在跑道外等待,B.不得进入跑道等待,C.可以开始起飞滑跑,D.不得开始起飞滑跑,,
1186,3184,12118013,第3184题	试题编号：12118013,目视飞行航空器使用同一跑道起飞、着陆时，其最低间隔标准应当符合如下规定：在 前面航空器已飞越跑道末端或在跑道上改变航向已无相撞危险前，或者根据目视或前 面航空器报告确认该航空器已脱离跑道前，后面航空器（）。,A.可以飞越跑道进入端,B.不得飞越跑道进入端,C.飞行高度不得低于决断高度,D.飞行高度不得低于最低下降高度,,
1187,3185,12118014,第3185题	试题编号：12118014,目视飞行的航空器相遇时，应当按如下规定避让并调整间隔：两架航空器在几乎同一 高度上对头相遇时，应当各自向（）避让，相互间保持（）m以上间隔。,A.左；300,B.左；500,C.右；500,D.右；300,,
1188,3186,12118015,第3186题	试题编号：12118015,目视飞行的航空器相遇时，应当按如下规定避让并调整间隔；两架航空器在几乎同一 高度上交叉相遇时，航空器驾驶员从座舱左侧看到另一架航空器时，应当（）高度。,A.上升,B.下降,C.保持,D. A 和 C,,
1189,3187,12118016,第3187题	试题编号：12118016,目视飞行的航空器相遇时，应当按如下规定避让并调整间隔：两架航空器在几乎同一 高度上交叉相遇时，航空器驾驶员从座舱右侧看到另一架航空器时，应当（）高度。,A.上升,B.下降,C.保持,D. B 和 C,,
1190,3188,12118017,第3188题	试题编号：12118017,目视飞行的航空器在几乎同一高度上超越前面航空器时，应当从前面航空器（）侧保 持（）m以上间隔进行。,A.左，300,B.右，300,C.左，500,D.右，500,,
1191,3189,12118018,第3189题 试题编号：12118018,目视飞行的航空器在几乎同一高度上超越前面航空器时，（）对保持两架航空器之间 的间隔负责。,A.超越的航空器,B.管制员,C.签派员,D.情报员,,
1192,3190,12118019,第3190题 试题编号：12118019,目视飞行的航空器相遇时，（）飞行的航空器应当避让（）飞行的航空器。,A.两机，单机,B.单机，编队,C.编队，即将起飞,D.编队，单机,,
1193,3191,12118020,第3191题 试题编号：12118020,目视飞行的航空器相遇时，（），应当避让（）。,A.有动力装置重于空气的航空器；飞艇、滑翔机或气球,B.飞艇、滑翔机或气球；有动力装置重于空气的航空器,C.飞艇、滑翔机或气球；编队飞行的航空器,D.飞艇、滑翔机或气球；单机飞行的航空器,,
1194,3192,12118021,第3192题 试题编号：12118021,目视飞行的航空器相遇时，（），应当避让（）的航空器。,A.飞艇、滑翔机或气球；有动力装置重于空气,B.飞艇、滑翔机或气球；编队飞行,C.已知需被迫着陆的航空器；正常飞行,D.正常飞行的航空器；已知需被迫着陆,,
1195,3193,12118022,第3193题 试题编号：12118022,目视飞行的航空器相遇时，（），应当避让（）的航空器。,A.飞艇、滑翔机或气球；有动力装置重于空气,B.飞艇、滑翔机或气球；编队飞行,C.滑行的航空器；正在起飞或即将起飞,D.正在起飞或即将起飞的航空器；滑行,,
1196,3194,12118023,第3194题 试题编号：12118023,目视飞行的航空器相遇时，（），应当避让（）的航空器。,A.飞艇、滑翔机或气球；有动力装置重于空气,B.飞艇、滑翔机或气球；编队飞行,C.飞行中的或在地面上、水面上运行的航空器；正在着陆或正在进近着陆,D.正在着陆或正在进近着陆的航空器；飞行中的或在地面上、水面上运行,,
1197,3195,12118024,第3195题 试题编号：12118024,按目视飞行规则飞行的航空器未经有关空中交通管制单位批准，不得在飞行高度（） in以上飞行，也不得做跨声速或超音速飞行。,A.	4000,B.	5000,C.	6000,D.	6600,,
1198,3196,12118025,第3196题 试题编号：12118025,在管制空域内遇到天气低于目视飞行规则的最低气象条件时，只能按目视规则飞行的 航空器驾驶员，应当（）.,A.可以参照仪表飞行规则飞行,B.立即返航或者去就近机场着陆,C.飞往备降机场,D.继续飞往着陆机场,,
1199,3197,22118026,第3197题 试题编号：22118026,按目视飞行规则飞行的航空器要求改为按仪表飞行规则飞行的，应当立即向有关空中 交通管制单位报告对现行飞行计划将要进行的更改。,T,F,,,,
1200,3198,22118027,第3198题 试题编号：22118027,在管制空域内遇到天气低于目视飞行规则的最低气象条件时，只能按目视规则飞行的 航空器驾驶员，可以参照仪表飞行规则飞行。,T,F,,,,
1201,3199,22118028,第3199题 试题编号：22118028,在管制空域内遇到天气低于目视飞行规则的最低气象条件时，能按仪表飞行规则飞行 的航空器驾驶员，可以继续飞往着陆机场。,T,F,,,,
1202,3200,22118029,第3200题	试题编号：22118029,按目视飞行规则飞行的航空器未经有关空中交通管制单位批准，不得在飞行高度 6600m以上飞行，也不得作跨音速或超声速飞行。,T,F,,,,
1203,3201,12118030,第3201题	试题编号：12118030,在修正海平面气压高度3千米（含）以上只有气象条件不低于下列标准时，航空器驾 驶员方可按目视飞行规则飞行（）。,A.能见度不小于8千米，距云的水平距离不小于1500米，垂直距离不小于300米,B.能见度不小于8千米，距云的水平距离不小于1300米，垂直距离不小于300米,C.能见度不小于6千米，距云的水平距离不小于1300米，垂直距离不小于300米,D.能见度不小于4千米，距云的水平距离不小于1200米，垂直距离不小于300米,,
1204,3202,12119001,第3202题	试题编号：12119001,塔台管制员在航空器按照仪表进近程序进入最后阶段，发布着陆许可，必要时通知航 空器驾驶员（）或复飞程序。,A.最低等待高度,B,最低下降高度（或者决断高）,C.最低航路高度,D.过渡高度,,
1205,3203,12119002,第3203题	试题编号：12119002,II类运行时，进近航空器应当在距接地点（）千米以上切入仪表着陆系统航向道,A.	14,B.	16,C.	18,D.	19,,
1206,3204,12119003,第3204题	试题编号：12119003,塔台管制室地面管制席，负责（）。,A.向航空器发布放行许可,B.对在除跑道外的机场机动区内活动的航空器，车辆人员实施管制,C.对在机场管制地带内活动的航空器提供空中交通服务,D.借助雷达对本管制区的航空器提供空中交通服务,,
1207,3205,12119004,第3205题	试题编号：12119004,国际民航组织规定的精密进近最低标准为：（）。,A.	ILS一类，DH60、RVR800,B.	ILS 二类，DH30、RVR200,C.	ILS三类B,无云高和能见度限制,D.以上都对,,
1208,3206,12119005,第3206题	试题编号：12119005,仪表飞行时，空中交通管制员对航空器之间的间隔、距离、()配备是否正确负责。,A.局度层,B.时间,C.方位,D.角度,,
1209,3207,12119006,第3207题	试题编号：12119006,仪表飞行的航空器如需在等待空域内飞行，每架航空器在等待空域内飞行和进入着陆 的时间，通常不应当超过()分钟。,A.	20,B.	30,C.	40,D.	60,,
1210,3208,12119007,第3208题	试题编号：12119007,航空器夜间着陆通常在()m,直升机70-40m的高度上打开着陆灯。,A.	20,B.	150-30,C.	100-70,D.	100-60,,
1211,3209,12119008,第3209题	试题编号：12119008,在仪表气象条件(低于目视气象条件)下飞行，云层、云上目视气象条件下飞行, ()飞行，高度()m以上飞行，都必须按照仪表飞行的规定飞行。,A.夜间；6600,B.日间；6600,C.夜间；6000,D.日间;6000,,
1212,3210,12119009,第3210题	试题编号：12119009,仪表飞行航空器利用仪表进近程序图进入着陆过程中，不得低于仪表进近程序规定的 ()高度。,A.超障,B.决断,C.场压,D.修正海压,,
1213,32,12119010,第32n题 试题编号：12119010,航空器按仪表飞行规则飞行时，（）应当在规定的频率上守听，并向有关的管制单位 报告。,A.管制员,B.航空器驾驶员,C.签派员,D.情报员,,
1214,3212,12119011,第3212题 试题编号：12119011,空中交通管制员应当根据仪表飞行规则的条件，配备（）间隔。,A.垂直,B.纵向,C.侧向,D. A、B 和 C,,
1215,3213,12119012,第3213题 试题编号：12119012,II类运行时，跟进进近着陆的航空器间，应当保持应有的安全间隔，以保证前机着陆 脱离跑道时，后机距接地点的距离不少于（）km,A.	4,B.	6,C.	8,D.	10,,
1216,3214,12119013,第3214题 试题编号：12119013,II类运行时，进离场航空器使用同一跑道时，离场航空器起飞并飞越航向台天线时， 进近航空器距接地点的距离应当不小于（）km。,A.	6,B.	8,C.	10,D.	12,,
1217,3215,22119014,第3215题	试题编号：22119014,按照仪表飞行规则飞行的航空器在飞行中遇到目视飞行规则的气象条件时，可以改变 原来申请并经批准的仪表飞行规则飞行计划。,T,F,,,,
1218,3216,22119015,第3216题	试题编号：22119015,II类运行时，进近航空器应当在距接地点20km以上切入仪表着陆系统航向道。,T,F,,,,
1219,3217,22119016,第3217题	试题编号：22119016,II类运行时，跟进进近着陆的航空器间，应当保持应有的安全间隔，以保证前机着陆 脱离跑道时，后机距接地点的距离不少于8km。,T,F,,,,
1220,3218,22119017,第3218题	试题编号：22119017,II类运行时，进离场航空器使用同一跑道时，离场航空器起飞并飞越航向台天线时, 进近航空器距接地点的距离应当不小于12km。,T,F,,,,
1221,3219,12120001,第3219题	试题编号：12120001,空管中所说的航空器着陆时刻是指（）。,A,航空器接地的瞬间,B.航空器着陆后前轮接地的瞬间,C.航空器着陆滑跑终止的瞬间,D.航空器脱离跑道的瞬间,,
1222,3220,12120002,第3220题	试题编号：12120002,管制员向航空器发布着陆许可，一般应在航空器距离跑道入口处（）km之前发出。,A.	6 至 12,B.	7 至 11,C.	12 至 20,D.	15 至 20,,
1223,3221,12120003,第3221题	试题编号：12120003,昼间航空器从起飞滑跑至上升到《〉加的过程中，一般不与机长通话。,A.	100,B.	120,C.	150,D.	300,,
1224,3222,12120004,第3222题 试题编号：12120004,航空器起飞时刻是指航空器（）。,A.起飞滑跑时轮子离开地面的瞬间,B.进入跑道的瞬间,C.开始起飞滑跑时轮子移动的瞬间,D.起飞后上升到lOOiii的时刻,,
1225,3223,12120005,第3223题 试题编号：12120005,测定一架航空器的一次雷达标志与另一架航空器的二次雷达标志之间的间隔依据是以 （）O,A.两个中心点的距离测算,B. 一次雷达标志的中心至二次雷达标志最近边缘的距离测算,C.两个标志最近边缘距离测算,D.两个标志最远边缘距离测算,,
1226,3224,12120006,第3224题 试题编号：12120006,在雷达视频图上某点的航空器位置与某航空器报告的位置一致的情况下，如要确保对 该航空器的识别，还应当满足（）的条件。,A.观察到仅有一个雷达目标在该位置点上,B.观察到在该位置点有两个雷达目标,C.观察到的航空器航迹与该航空器报告的航迹有差异,D.同时有两架航空器报告过该位置点,,
1227,3225,12120007,第3225题 试题编号：12120007,在（）时，管制员应当向航空器通报其位置。,A.航空器第一次被识别,B.航空驾驶员要求提供服务,C.结束雷达服务前，如果观察到航空器偏离原计划航路,D. A、B 和 C,,
1228,3226,12120008,第3226题 试题编号：12120008,由（）保证应答机编码设置的正确性。,A.航空器驾驶员,B.机械师,C.雷达管制员,D.程序管制员,,
1229,3227,12120009,第3227题 试题编号：12120009,空中遇到非法干扰时，应当使用（）特殊编码。,A.	7500,B.	7600,C.	7700,D.	2000,,
1230,3228,12120010,第3228题	试题编号：12120010,在非RVSM空域，雷达显示屏上显示的C模式高度的精度容差值为（）*,A.	100,B.	90,C.	50,D.	10,,
1231,3229,12120011,第3229题	试题编号：12120011,60nl范围内，即可视为已到达指定高度。,A.	1,B.	2,C.	3,D.	4,,
1232,3230,12120012,第3230题	试题编号：12120012,雷达识别移交的方法是（）。,A.使用同一显示器，用手指指明,B.双方雷达都标有同一地理位置，利用电话说明航空器距上述位置的相对方位和距离 C.移交方雷达管制员指示航空器交换编码，接收方雷达管制员予以证实 D. A、B 和 C,,,,
1233,3231,12120013,第3231题	试题编号：12120013,除非在协议和指令中已包括，否则应当将标牌或进程单上没有包括的（）信息通知接 受方。,A.指定的航向,B.应答机编码,C.机型,D. A、B 和 C,,
1234,3232,12120014,第3232题	试题编号：12120014,雷达最低水平间隔标准；进近管制不得小于（）kin。,A.	2.8,B.	4.7,C. 5.6,D. 9.3,,
1235,3233,12120015,第3233题	试题编号：12120015,在相邻管制区使用雷达间隔时，雷达管制的航空器与管制区边界之间的间隔在未经协 调前，进近管制不得小于（）kmo,A.	3,B.	4,C.	5,D.	10,,
1236,3234,12120016,第3234题	试题编号：12120016,相对飞行的两架航空器，雷达管制员在显示器上看到两个雷达目标重叠时，（）指挥 航空器相互穿越高度层。,A.不可以,B.可以,C.不一定,D.视情况而定,,
1237,3235,12120017,第3235题	试题编号：12120017,除航路飞行外，航空器在距雷达天线50km以内与显示器上标出的障碍物标志的距离， 最小间隔为（）km。,A.	2.8,B.	4.7,C.	5.6,D.	9.3,,
1238,3236,12120018,第3236题	试题编号：12120018,除航路飞行外，航空器在距雷达天线50km以外与显示器上标出的障碍物标志的距离， 最小间隔为（）km。,A.	2.8,B.	4.7,C.	5.6,D.	9.3,,
1239,3237,12120019,第3237题	试题编号：12120019,实施雷达引导后，应当在（）范围内容许航空器恢复自主领航。,A.管制区,B.雷达覆盖,C.航站区域,D.交接点前区域,,
1240,3238,12120020,第3238题	试题编号：12120020,进近雷达管制员在航空器（）的情况下，应当向塔台管制员进行管制移交。,A.已经建立最后进近航径，距接地点19km以内和当时天气表明航空器可以继续完成 该进近,B.报告能看到地面,C.已经着陆,D. A, B和C中较早者,,
1241,3239,12120021,第3239题	试题编号：12120021,除非另有规定，当作雷达进近的航空器距离接地点约（）km时，进近雷达管制员应 当通知塔台管制室。,A.	7,B.	15,C.	11,D.	19,,
1242,3240,12120022,第3240题	试题编号：12120022,在机场管制服务中，监视雷达系统可以用于提供（）。,A.雷达监视最后进近中的航空器,B.雷达监视在机场附近的其他航空器,C.建立航空器间的间隔并对目视飞行规则飞行提供导航帮助,D. A、B 和 C,,
1243,3241,12120023,第3241题	试题编号：12120023,在要求联合使用一次监视雷达与二次监视雷达的场合，一次监视雷达失效的，（）， 对已经识别的并装备应答机的航空器之间提供间隔。,A.可以单独使用二次监视雷达,B.如果二次监视雷达位置显示的精确性通过监控设备得到证实，可以单独使用二次监 视雷达,C.不可以单独使用二次监视雷达,D.应急情况下，短时间内可以单独使用二次监视雷达,,
1244,3242,12120024,第3242题	试题编号：12120024,雷达管制员在指定二次雷达编码时（）,A.只能使用本地区所分配的二次雷达编码,B.若航空器呼号中有8或9时，才使用本地区所分配的二次雷达编码,C.尽量与航空器的呼号相接近,D.可以随意指定,,
1245,3243,12120025,第3243题 试题编号：12120025,使用二次监视雷达的，可以通过（）识别航空器。,A.从雷达标牌上认出航空器的识别标志,B.使用应答机的识别功能,C.只需满足A或B中一个,D.须同时满足A和B,,
1246,3244,12120026,第3244题 试题编号：12120026,当观察到两个或多个雷达指示符相近，或观察到同时做相似移动以及遇到其他引起对 目标怀疑的情况时，雷达管制员（）。,A.应当至少采取一种识别方法进行识别,B.应当采用两种以上识别方法进行识别直至确认,C.应当终止雷达服务,D.可以继续提供雷达服务,,
1247,3245,12120027,第3245题 试题编号：12120027,雷达管制最低间隔适用于（）的航空器之间。,A. 一架正在起飞并在跑道端2km内将被识别的航空器与另一架被识别,B.等待航线上,C.仪表飞行,D.装备有应答机,,
1248,3246,12120028,第3246题 试题编号：12120028,在航空器起飞后立即实施雷达引导的，起飞前，应当指定（）。,A.起飞的起始高度,B.起飞的起始航向,C.标准离场航线,D.航空器起飞后保持跑道方向,,
1249,3247,12120029,第3247题 试题编号：12120029,除非（）时，航空器高度不得低于精密进近的下滑道。,A.气象条件适用于做目视进近,B.航空器驾驶员有要求,C.雷达故障,D. A 或 B,,
1250,3248,12120030,第3248题 试题编号：12120030,引导航空器穿越最后进近航道时，管制员应当在航空器穿越（）通知航空器驾驶员。,A.前,B.时,C.后,D.点,,
1251,3249,12120031,第3249题 试题编号：12120031,塔台管制范围内为目视气象条件时，按VFR飞行的航空器与进入塔台管制区按IFR飞 行的航空器之间的冲突由（）调配。,A.进近管制员,B.进近雷达管制员,C.进近程序管制员,D.塔台管制员,,
1252,3250,12120032,第3250题 试题编号：12120032,塔台管制员发出着陆许可，应当具备（）条件。,A.在航空器进近着陆的航径上，没有其他航空器活动,B.跑道上无障碍物,C.符合尾流间隔规定,D. A、B 和 C,,
1253,3251,12120033,第3251题 试题编号：12120033,进近雷达管制员应当在航空器到达距着陆接地点（）km前发布着路许可。,A.	2,B.	4,C.	8,D.	15,,
1254,3252,12120034,第3252题 试题编号：12120034,场面监视雷达应当用于（）。,A.航空器在最后进近时的航向引导,B.防止航空器在着陆过程中遭到鸟击,C.监视机场区域内的天气情况,D.监视机场区域内不能目视观察部分的交通情况,,
1255,3253,12120035,第3253题 试题编号：12120035,场面监视雷达上的情报可用于（）。,A.提供机动区内的重要气象情报,B.提供机动区内的重要交通情报,C.在起飞、着陆前确定跑道上无交通活动,D. B 和 C,,
1256,3254,12120036,第3254题	试题编号：12120036,当航空器驾驶员要求或管制员认为有必要时，管制员可依照场面监视雷达信息向航空 器提供（）情报服务。,A.指导性的滑行,B.指导性的进近,C.气象,D. A、B 和 C,,
1257,3255,12120037,第3255题	试题编号：12120037,雷达管制员（）提供雷达管制服务。,A.应当继续,B.应当停止,C.可以继续,D. A、B 和 C,,
1258,3256,12120038,第3256题	试题编号：12120038,当雷达显示器上出现7600编码时，在确认航空器已完全失去通信能力后，如果该航空 器所在区域正在采用雷达间隔，雷达管制员（）采用雷达间隔。,A.可以继续,B,应当继续,C.应当停止,D. A、B 和 C,,
1259,3257,12120039,第3257题	试题编号：12120039,当雷达显示器上出现7600编码时，在确认航空器已完全失去通信能力后，如果该航空 器即将进入采用雷达间隔的下一区域时，且已被识别，该区域（）间隔。,A.应当采用程序,B.可以采用雷达,C.应当采用雷达,D.应当采用雷达监控下的程序,,
1260,3258,12120040,第3258题	试题编号：12120040,在机场管制服务中，利用监视雷达引导按VFR飞行的航空器时，（）将该航空器引入 仪表气象条件。,A.可以,B.不可以,C.若雷达精度符合规定就可以,D.航空器驾驶员要求时可以,,
1261,3259,12120041,第3259题 试题编号：12120041,机场塔台管制与进近管制之间的移交，应当在航空器即将进入跑道前完成，或在航空 器离地后立即完成，以确保离场航空器能在起飞后在距跑道末端（）km内被识别。,A.	0.5,B.	1,C.	2,D.	3,,
1262,3260,12120042,第3260题 试题编号：12120042,航空器需要紧急放油时，其他航空器与放油航空器间隔：距放油区（）km以上。,A.	8,B.	12,C.	16,D.	20,,
1263,3261,12120043,第3261题 试题编号：12120043,下列二次雷达编码正确的是（）。,A.	1309,B.	2538,C.	8824,D.	5670,,
1264,3262,12120044,第3262题 试题编号：12120044,利用精密进近雷达实施监控服务时，遇（）即终止雷达监控进近。,A.航空器报告看到进近灯光、跑道,B.航空器报告目视地面,C.航空器不需要雷达监控进近,D. A、B 和 C,,
1265,3263,12120045,第3263题 试题编号：12120045,在（）的情况下可对VFR航空器实施雷达引导。,A.航空器驾驶员有要求而管制员工作负荷允许,B.管制员建议引导而经该航空器同意,C.规定有引导VFR航空器的程序,D. A、B 和 C,,
1266,3264,12120046,第3264题	试题编号：12120046,雷达管制的航空器与相邻的进近雷达管制区边界之间的间隔，在未经协调前，不得小 于（）km。,A.	5,B.	10,C.	15,D.	3,,
1267,3265,12120047,第3265题	试题编号：12120047,进近雷达管制的最低水平间隔标准不得小于（）kin。,A.	6,B.	10,C.	15,D.	20,,
1268,3266,12120048,第3266题	试题编号：12120048,雷达管制间隔不适用于（）。,A.经过雷达识别的航空器之间,B.在起飞跑道末端2km之内能被识别的离场航空器与经雷达识别的航空器之间,C.经过雷达识别的VFR飞行和IFR飞行的航空器之间,D.未经雷达识别的航空器之间,,
1269,3267,12120049,第3267题	试题编号：12120049,利用一次雷达测定两架航空器之间的距离标准是（）。,A,两个雷达目标的最近边缘,B.两个雷达目标的最远边缘,C.两个雷达目标的中心点,D. 一个雷达目标的边缘与另一个雷达目标的中心点,,
1270,3268,12120050,第3268题	试题编号：12120050,在湿跑道的情况下（符合标准），管制员在安排航空器的着陆间隔时，应当（）。,A.大于正常情况的间隔,B.小于正常情况的间隔,C.等于正常情况的间隔,D.按雷达间隔,,
1271,3269,12120051,第3269题 试题编号：12120051,航空器在云外绕飞雷雨时，距离积雨云（浓积云）昼间不少于（）km,夜间不得少于 （）km；两个云体之间不少于（）km时，方可从中间通过。,A.	10；	15；	20,B.	5； 10； 20,C.	10；	20；	40,D.	10；	15；	25,,
1272,3270,12120052,第3270题	试题编号：12120052,提供雷达管制服务前，雷达管制员应当对航空器进行（）。,A.应答机编码设定,B.无线电检查,C.雷达识别,D.证实应答机编码,,
1273,3271,12120053,第3271题	试题编号：12120053,实施进近雷达管制，当航空器处于（）阶段时，雷达管制员不可以对航空器的速度加 以调整和限制。,A.上升,B.下降,C.平飞,D.最后进近,,
1274,3272,12120054,第3272题 试题编号：12120054,在实施雷达管制速度限制时，雷达管制员所指定的速度，（）经航空器驾驶员认可。,A.应当,B.不需要,C.不一定,D. 6000m以上时不需要,,
1275,3273,12120055,第3273题 试题编号：12120055,当使用指示空速时，指定速度通常为（）km/h的倍数，当使用马赫时，为（）马赫 数的倍数。,A.	10； 0.01,B.	10； 0.02,C.	20； 0.02,D.	20； 0.01,,
1276,3274,12120056,第3274题 试题编号：12120056,在实施速度限制时，（）飞行阶段应当避免速度的增减交替进行。,A.任何,B.最后进近,C.中间进近,D.起始进近,,
1277,3275,12120057,第3275题	试题编号：12120057,当先前指定的调速不再需要时，（）通知航空器驾驶员。,A.不,B.应当,C.没有必要,D.立即,,
1278,3276,12120058,第3276题	试题编号：12120058,中间和最后进近的航空器的调速量不得大于（）km/h。,A.	100,B.	80,C.	40,D.	20,,
1279,3277,12120059,第3277题	试题编号：12120059,（）时，精密进近雷达管制员应当通知航空器复飞并说明原因。,A,航空器在五边出现危险情况,B.在有其他飞行冲突,C.在没有及时收到塔台管制员的着陆许可,D. A, B 和 C,,
1280,3278,12120060,第3278题	试题编号：12120060,一次监视雷达和二次监视雷达用语提供空中交通管理服务时，应当（）使用。,A.结合或单独,B.单独,C.结合,D.按管制员的意图,,
1281,3279,12120061,第3279题	试题编号：12120061,（）应当依照雷达设备的技术说明，调整使用雷达显示器并对其精确性进行充分的检 查。,A.雷达保障部门人员,B.雷达维修人员,C.雷达管制员,D.程序管制员,,
1282,3280,12120062,第3280题	试题编号：12120062,提供给空中交通管理单位使用的雷达，其视频地图至少需有（）等内容。,A.移交点航路中心线或航路两侧边线,B.最低引导高度,C.紧急着陆区,D. A、B 和 C,,
1283,3281,12120063,第3281题	试题编号：12120063,雷达视频图不能使用时，（）在识别的航空器之间实施雷达间隔。,A.可以,B.不可以,C.由值班领导决定后，可以,D.若取得雷达保障部门认同，可以,,
1284,3282,12120064,第3282题	试题编号：12120064,雷达管制服务终止时，应当通知航空器，但在（）情况下，可以不通报。,A.航空器已由仪表飞行改为目视飞行,B.航空器已经着陆,C.航空器已按指令转换到其他频率上,D. A、B 和 C,,
1285,3283,12120065,第3283题	试题编号：12120065,无线电失效时，特殊编码使用（）,A.	7500,B.	7600,C.	7700,D.	2000,,
1286,3284,12120066,第3284题	试题编号：12120066,紧急和遇险时，应当使用（）特殊编码。,A.	7500,B.	7600,C.	7700,D.	2000,,
1287,3285,12120067,第3285题	试题编号：12120067,在（）的情况下，可以认为航空器高度已被确认。,A.高度显示与航空器驾驶员报告的高度差别小于60m,B.地面航空器高度的连续读数变化小于机场标高正负60m,C.标牌上的高度与其他管制单位所确认的高度一致,D. A、B 和 C,,
1288,3286,12120068,第3286题	试题编号：12120068,管制员应当在失去通信联络的航空器预计到达着陆机场导航台上空的时间后（）分钟 内，禁止其他航空器在等待空域内下降。,A.	5,B.	10,C.	20,D.	30,,
1289,3287,12120069,第3287题	试题编号：12120069,除非搭台管制室可以提供目视间隔或与管制单位间另有协议，雷达管制员在履行进近 管制职责时，应当对着陆航空器 （ ）的正确与否负责。,A.姿态,B.间隔,C.航向,D.下降梯度,,
1290,3288,12120070,第3288题	试题编号：12120070,提供雷达进近管制服务时，（）改变机场的最低着陆天气标准。,A.可以,B.不可以,C.视实际情况由当地机场当局决定是否,D,由航空器驾驶员决定是否,,
1291,3289,12120071,第3289题	试题编号：12120071,雷达设备失效，由雷达间隔转向程序间隔时，在（）情况下可采用半数高度层调配高 度间隔。,A. 一般,B.通常,C.紧急,D.航空器有要求,,
1292,3290,12120072,第3290题	试题编号：12120072,当雷达设备突然失效时，雷达管制员应当首先通告（）雷达服务终止并实施程序管制 间隔标准。,A.值班领导,B.军航管制室,C.雷达保障部门,D.所有管制下的航空器,,
1293,3291,12120073,第3291题	试题编号：12120073,如果地面无线电设备故障不能继续提供雷达服务时，雷达管制员应当立即（）与程序 管制员共同采取措施，在航空器之间建立程序管制间隔。,A.标出所有航空器的位置,B.标出所有已识别航空器的位置,C.通知相邻区域管制室,D.通知各有关飞行保障部门,,
1294,3292,22120074,第3292题	试题编号：22120074,空管中所说的着陆时刻是指航空器着陆后前轮接地的瞬间。,T,F,,,,
1295,3293,22120075,第3293题	试题编号：22120075,昼间航空器从起飞滑跑至上升到100m的过程中，一般不与机长通话。,T,F,,,,
1296,3294,22120076,第3294题	试题编号：22120076,航空器起飞时刻是指航空器起飞后上升到100m的时刻。,T,F,,,,
1297,3295,22120077,第3295题	试题编号：22120077,管制员向航空器发布着陆许可，一般应在航空器距离跑道入口处6-12km之前发出。,T,F,,,,
1298,3296,22120078,第3296题	试题编号：22120078,机场塔台管制与进近管制之间的移交，应当在航空器即将进入跑道前完成，或在航空 器离地后立即完成，以确保离场航空器能在起飞后在距跑道末端1km内被识别。,T,F,,,,
1299,3297,12120079,第3297题	试题编号：12120079,安装机场场面监视雷达，应当依据机场工作条件、交流流量以及（）。,A.能见度和机场布局确定,B.跑道视程和机场布局确定,C.跑道视程和当地盛行气象条件确定,D.能见度和当地盛行气象条件确定,,
1300,3298,12121001,第3298题	试题编号：12121001,离场航空器起飞后需要立即和塔台管制室以外的空中交通管制单位联系的，地面管制 或塔台管制室应当在（）后通知航空器。,A.航空器请求开车,B.航空器滑行,C,发出放行许可或离场情报,D.航空器离地,,
1301,3299,12121002,第3299题	试题编号：12121002,在管制室之间进行管制移交时，移交单位应当在航空器飞越管制移交点前（）分钟与 接收单位进行管制移交。,A.	10,B.	30,C.	15,D.	30,,
1302,3300,12121003,第3300题	试题编号：12121003,区域管制室应当在不迟于航空器飞越管制移交点前（）分钟，将进场航空器的情报通 知进近管制室。,A.	25,B.	10,C.	5,D.	15,,
1303,3301,12121004,第3301题	试题编号：12121004,各管制室之间进行管制移交时，移交单位应当在航空器飞越管制移交点前（）分钟与 接受单位进行管制移交。,A.	10,B.	30,C.	15,D.	20,,
1304,3302,12121005,第3302题	试题编号：12121005,进近管制室应当在不迟于航空器飞越管制移交点前（）分钟，将进场航空器的情报通 知塔台管制室。,A.	8,B.	2,C.	5,D.	3,,
1305,3303,12121006,第3303题	试题编号：12121006,航空器飞离塔台管制室责任区时，塔台管制室应当与（）按规定进行移交。,A.飞行签派室,B.飞行报告室,C.进近或区域管制室,D.军航管制室,,
1306,3304,12121007,第3304题 试题编号：12121007,塔台管制范围为目视气象条件时，机场塔台与进近管制室之间的管制移交应当在（） 完成。,A.航空器即将进入跑道前或在航空器离地后,B.航空器进入跑道后和航空器加入航线时,C.与航空器脱波后,D.航空器推出时,,
1307,3305,12121008,第3305题 试题编号：12121008,雷达管制移交时，接受方在（）立即完成识别。,A.航空器过交接点前,B.航空器过交接点时,C.与航空器建立无线电联系时,D.雷达发现该航空器时,,
1308,3306,12121009,第3306题 试题编号：12121009,实施雷达管制移交时，移交方应当（）。,A.在航空器进入接受方所辖区域前完成雷达管制移交,B.在雷达识别的转换被接受后及时与航空器脱离联络,C.保持标牌与相应的目标相关,D. A、B 和 C,,
1309,3307,12121010,第3307题 试题编号：12121010,航空器在被移交给塔台管制室后，未向塔台报告，或者报告一次后即失去无线电联 络，或者在任何情况下，在预计着陆时间之后（）分钟尚未着陆的，塔台管制员应当 向进近管制室或区域管制室报告。,A. 2,B. 3,C. 5,D. 10,,
1310,3308,12121011,第3308题	试题编号：12121011,当不能与在管制区内飞行的航空器保持（）通信联络时，管制单位应当按规定程序采 取措施。,A. 5分钟,B. 8分钟,C. 10分钟,D.双向无线电,,
1311,3309,12121012,第3309题	试题编号：12121012,管制协调后，飞越移交点时间在进近管制室与塔台管制室之间相差超过（）分钟，应 当更正。,A. 1,B. 2,C. 3,D. 5,,
1312,3310,12121013,第3310题	试题编号：12121013,航空器在预计飞越报告点（）分钟后仍未收到报告的，值班管制员应当立即查问情况 并设法取得位置报告。,A. 1,B. 2,C. 3,D. 5,,
1313,33,12121014,第33n题	试题编号：12121014,管制协调后，飞越移交点的时间在进近管制室与塔台管制室之间相差超过（）分钟 的，应当进行更正。,A. 3,B. 5,C. 10,D. 15,,
1314,3312,12121015,第3312题	试题编号：12121015,除非另有协议，在仪表飞行条件下，进近管制室()到达的航空器移交给塔台管制 室。,A.每次只能把一架,B.每次只能把二架,C.可以同时把二架,D.可以同时把二架以上,,
1315,3313,12121016,第3313题	试题编号：12121016,本单位内各管制席位之间，应当相互交换()的航空器飞行计划和管制情报。,A.管制责任由一个管制席位移交给另一个管制席位,B.在靠近扇区之间边界飞行的可能影响相邻扇区交通管制,C.管制的责任由程序管制员交给雷达管制员的航空器以及其他受影响,D. A、B 和 C,,
1316,3314,22121017,第3314题	试题编号：22121017,离场航空器滑行时，地面席位管制员密切注意航空器位置和滑行方向，直到等待点或 移交点，并将进程单移交给塔台管制员。,T,F,,,,
1317,3315,22121018,第3315题	试题编号：22121018,离场航空器起飞后需要立即和塔台管制室以外的空中交通管制单位联系的，地面管制 席或塔台管制室应当在航空器离地后通知航空器。,T,F,,,,
1318,3316,22121019,第3316题	试题编号：22121019,航空器在被移交给塔台管制室后，未向塔台报告，或者报告一次后即失去无线电联 络，或者在任何情况下，在预计着陆时间之后3分钟尚未着陆的，塔台管制员应当向 进近管制室或区域管制室报告。,T,F,,,,
1319,3317,22121020,第3317题	试题编号：22121020,在管制室之间进行管制移交时，移交单位应当在航空器飞越管制移交点前5分钟与接 收单位进行管制移交。,T,,,,,
1320,3318,22121021,第3318题	试题编号：22121021,管制协调后，飞越移交点时间在进近管制室与塔台管制室之间相差超过5分钟，应当 更正。,T,F,,,,
1321,3319,22121022,第3319题	试题编号：22121022,航空器在预计飞越报告点5分钟后仍未收到报告的，值班管制员应当立即查问情况并 设法取得位置报告。,T,F,,,,
1322,3320,12121023,第3320题	试题编号：12121023,机场管理机构应当与空中交通管理机构，依据相关规定建立地面车辆和人员进出地面 保护区或者机动区作业的工作制度（含协议）和协调机制。相关工作制度和协调机制 内容不包括（）。,A.跑道、滑行道以及土面区等的每日巡视检查次数和时间,B.各类作业过程中发生紧急情况时的处置程序等,C,各类作业人员与塔台管制员联系的通信方式、标准用语和车辆呼号,D.进出地面保护区或者机动区作业地面的车辆类型,,
1323,3321,12122001,第3321题	试题编号：12122001,起落航线飞行通常为（），如果受条件限制，亦可规定为（）。,A.高高度飞行；低高度飞行,B.左航线；右航线,C.低高度飞行；高高度飞行,D.右航线：左航线,,
1324,3322,12122002,第3322题	试题编号：12122002,«做起落航线飞行的航空器与最低安全高度上的航空器，其垂直间隔不得小于（）in。,A. 100,B. 200,C. 300,D. 500,,
1325,3323,12122003,第3323题	试题编号：12122003,夜间起落航线飞行的高度通常为（）皿至（）ni。,A.	200；	300,B.	300；	400,C.	300；	500,D.	300；	600,,
1326,3324,12122004,第3324题 试题编号：12122004,昼间起落航线飞行，航空器起飞后，开始第一转弯和结束第四转弯的高度不得低于（）m,A.	50,B.	100,C.	150,D.	200,,
1327,3325,12122005,第3325题	试题编号：12122005,昼间起落航线飞行，航空器起飞后，开始第一转弯的高度低空小航线不得低于（）m,A. 50,B. 100,C, 150,D. 200,,
1328,3326,12122006,第3326题	试题编号：12122006,低空小航线的高度不得低于（）m。,A, 100,B, 120,C. 150,D. 200,,
1329,3327,12122007,第3327题	试题编号：12122007,作起落航线飞行的航空器与最低高度层上的航空器，其垂直间隔不得小于（）瞑,A. 150,B. 300,C. 450,D. 600,,
1330,3328,12122008,第3328题	试题编号：12122008,夜间起落航线飞行，不得超越前面航空器，各航空器之间的（）间隔不得小于（） km。,A.侧向；4,B.纵向；4,C.侧向；3,D.纵向；5,,
1331,3329,12122009,第3329题	试题编号：12122009,夜间起落航线飞行，在起落航线上同时飞行的航空器数量不得超过（）架。,A. 8,B. 4,C. 6,D. 2,,
1332,3330,12122010,第3330题	试题编号：12122010,昼间，从塔台能看见起落航线上全部航空器时，在起落航线上同时飞行的航空器数量 不得超过（）架。,A. 3,B. 4,C. 5,D. 2,,
1333,3331,12122011,第3331题	试题编号：12122011,昼间，从塔台不能看见起落航线某些航段上的航空器，在起落航线上同时飞行的航空 器数量不得超过（）架。,A. 3,B. 4,C. 5,D. 2,,
1334,3332,12122012,第3332题	试题编号：12122012,«在夜间起落航线飞行中，不得超越前面航空器，并由（）负责其纵向间隔配备，航空 器与地面障碍物之间的垂直间隔由（）负责。,A.管制员；管制员,B.航空器驾驶员；航空器驾驶员,C.管制员；航空器驾驶员,D.航空器驾驶员；管制员,,
1335,3333,12122013,第3333题	试题编号：12122013,因空中交通繁忙，跑道临时关闭以及有关紧急着陆的其他航空器，不能许可航空器立 即着陆的，管制员应当通知航空器并采取（）。,A.调整航空器之间的间隔,B.扩大或缩小起落航线,C.安排目视等待,D. A, B 和 C,,
1336,3334,12122014,第3334题 试题编号：12122014,夜间起落飞行，不得超越前面的航空器，各航空器之间的（）间隔不得小于（） km。,A.侧向；4,B.纵向；4,C.侧向；3,D,纵向；5,,
1337,3335,12122015,第3335题 试题编号：12122015,夜间起落航线飞行，航空器起飞后，开始第一转弯和结束第四转弯的高度不得低于 （）皿。,A. 50,B. 100,C 150,D. 200,,
1338,3336,12122016,第3336题 试题编号：12122016,夜间起落航线飞行的高度通常为（）皿至（）m.,A. 200； 300,B. 300； 400,C, 300； 500,D. 300； 600,,
1339,3337,12122017,第3337题 试题编号：12122017,昼间起落航线飞行，航空器起飞后，开始第一转弯和结束第四转弯的高度不得低于 （）mo,A. 50,B. 100,C. 150,D. 200,,
1340,3338,12122018,第3338题 试题编号：12122018,夜间起落航线飞行，航空器起飞后，开始第一转弯和结束第四转弯的高度不得低于 （）mo,A. 50,B.	100,C.	150,D.	200,,
1341,3339,12122019,第3339题	试题编号：12122019,昼间起落航线飞行，航空器起飞后，开始第一转弯高度低空小航线不得低于（）mo,A.	50,B.	100,C.	150,D.	200,,
1342,3340,12122020,第3340题	试题编号：12122020,作起落航线飞行的航空器与最低安全高度上的航空器，其垂直间隔不得小于（）m0,A.	100,B.	200,C.	300,D.	500,,
1343,3341,12122021,第3341题	试题编号：12122021,夜间飞行时，航空器在起落航线或者加入、脱离起落航线时，航空器驾驶员能够目视 （）和（），管制员可允许其做夜间起落航线飞行。,A.跑道；机场,B.跑道；地面灯光,C.机场；地面灯光,D.以上都不对,,
1344,3342,22122022,第3342题	试题编号：22122022,做起落航线飞行的航空器与最低安全高度上的航空器，其垂直间隔不得小于150m。,T,F,,,,
1345,3343,22122023,第3343题	试题编号：22122023,夜间起落航线飞行的高度通常为300m至600也,T,F,,,,
1346,3344,22122024,第3344题	试题编号：22122024,昼间起落航线飞行，航空器起飞后，开始第一转弯的高度低空小航线不得低于50联,T,,,,,
1347,3345,22122025,第3345题	试题编号：22122025,夜间飞行时，航空器在起落航线或者加入、脱离起落航线时，航空器驾驶员能够目视 机场和地面灯光，管制员可允许其做夜间起落航线飞行。,T,F,,,,
1348,3346,22122026,第3346题	试题编号：22122026,在夜间起落航线飞行中，不得超越前面航空器，并由管制员负责其纵向间隔配备，航 空器与地面障碍物之间的垂直间隔由航空器驾驶员负责。,T,F,,,,
1349,3347,22122027,第3347题	试题编号：22122027,夜间起落航线飞行，不得超越前面的航空器，各航空器之间的纵向间隔不得小于3km。,T,F,,,,
1350,3348,22122028,第3348题	试题编号：22122028,昼间起落航线飞行，航空器起飞后，开始第一转弯和结束第四转弯的高度不得低于 1OOm,T,F,,,,
1351,3349,22122029,第3349题	试题编号：22122029,夜间起落航线飞行，航空器起飞后，开始第一转弯和结束第四转弯的高度不得低于200m 0,T,F,,,,
1352,3350,12123001,第3350题	试题编号：12123001,机场运行最低标准是指机场适用于起飞或着陆的限制，对于起飞，用（）或（）表示,A.	DH； MDH,B.	VIS； MDH,C.	RVR； MDH,D.	VIS； RVR,,
1353,3351,12123002,第3351题	试题编号：12123002,对于精密进近着陆，机场运行最低标准用（）或/和（）和（）表示。,A.	VIS； RVR； MDH,B.	VIS； OCH； MDH,C.	VIS； RVR； DH,D.	VIS； OCH； DH,,
1354,3352,12123003,第3352题	试题编号：12123003,对于非精密进近着陆，机场运行最低标准用（）或/和（）和（）表示。,A.	VIS； RVR； DH,B.	VIS； OCH； MDH,C.	VIS； RVR； MDH,D.	VIS；云高；MDH,,
1355,3353,12123004,第3353题	试题编号：12123004,超障高（OCH）是指以（）的标高平面为测算高的基准，按照适当的超障准则确定的 最低高。,A.跑道延长线,B.跑道入口,C.机场进离场航线的投影,D.机场基准点,,
1356,3354,12123005,第3354题	试题编号：12123005,（）是指在精密进近中，以跑道入口的标高平面为基准规定的高，航空器下降至这个 高，如果不能取得继续进近所需的目视参考，必须开始复飞。,A.	DH,B.	MDH,C.	Missed approach,D.	OCH,,
1357,3355,12123006,第3355题	试题编号：12123006,（）是指白天能看到和辨别出明显的不发光物体或晚上能看到明显的发光物体的距 离。,A.	VIS,B.	RVR,C.	TODA,D.	DH,,
1358,3356,12123007,第3356题 试题编号：12123007,()是指航空器在跑道中线上，驾驶员能看到跑道道面标志或跑道边灯或中线灯的最 大距离。,A.	AIS,B.	VIS,C.	RVR,D.	DH,,
1359,3357,12123008,第3357题 试题编号：12123008,I类(CAT I )运行：决断高不低于()，能见度不小于800m或跑道视程不小于 550nl的精密进近和着陆。,A.	15m,B.	30m,C.	45m,D.	60m,,
1360,3358,12123009,第3358题 试题编号：12123009,I类(CAT I )运行：决断高不低于60m (200ft),能见度不小于()m或跑道视程 不小于550m的精密进近和着陆。,A.	200m,B.	400m,C.	600m,D.	800m,,
1361,3359,12123010,第3359题 试题编号：12123010,I类(CAT I )运行：决断高不低于60m (200ft),能见度不小于800m或跑道视程不 小于()m的精密进近和着陆。,A.	300m,B.	450m,C.	550m,D.	800m,,
1362,3360,12123011,第3360题 试题编号：12123011,【I类(CATH)运行：决断高低于()，但不低于301n (100ft),跑道视程不小于 350m的精密进近和着陆。,A.	30m,B.	60m,C.	90m,D.	45m,,
1363,3361,12123012,第3361题 试题编号：12123012,II类(CATID运行：决断高低于60m (200ft),但不低于(),跑道视程不小于 350m的精密进近和着陆。,A.	30m,B.	45m,C.	60m,D.	90m,,
1364,3362,12123013,第3362题 试题编号：12123013,II类(CAT II)运行：决断高低于60m(200ft),但不低于30m (100ft),跑道视程 不小于()m的精密进近和着陆。,A.	200m,B.	300m,C.	350m,D.	550m,,
1365,3363,12123014,第3363题 试题编号：12123014,IHB类(CATIIIB)运行：决断高低于30nl (100ft)或无决断高，跑道视程()的精密 进近和着陆。,A.不小于200m,B.小于150m,C.小于1501U但不小于50m,D.小于200m但不小于50m,,
1366,3364,12123015,第3364题 试题编号：12123015,IIIC类(CATIIIC)运行是指()和()的精密进近和着陆。,A.决断高低于30m；跑道视程不小于200nl,B.决断高低于30m (100ft)；或无决断高；跑道视程小于200m；但不小于50m,C,决断高低于60nl (200ft)：但不低于30m (100ft)；跑道视程不小于350m,D.无决断高和无跑道视程,,
1367,3365,12123016,第3365题 试题编号：12123016,IIIA类(CATIIIA)运行：决断高低于()或无决断高；跑道视程不小于200m的精密 进近和着陆。,A.	30m,B.	45m,C.	60m,D.	90m,,
1368,3366,12123017,第3366题 试题编号：12123017,IIIA类(CATIIIA)运行：决断高低于301n (100ft)或()，跑道视程不小于200m的 精密进近和着陆。,A.不低于20m,B.不低于15m,C.不低于10m,D.无决断高,,
1369,3367,12123018,第3367题 试题编号：12123018,IIIA类(CATIIIA)运行：决断高低于30m (100ft)或无决断高，跑道视程不小于() m的精密进近和着陆。,A.	150m,B.	200m,C.	350m,D.	550m,,
1370,3368,12123019,第3368题 试题编号：12123019,IIIB类(CATIIIB)运行：决断高低于()或无决断高，跑道视程小于200m但不小于 50m的精密进近和着陆。,A.	30m,B.	45m,C.	60m,D.	90m,,
1371,3369,12123020,第3369题 试题编号：12123020,IIIB类(CATIIIB)运行：决断高低于301n (100ft)或()，跑道视程小于200m但不 小于50nl的精密进近和着陆。,A.不低于20m,B.不低于15m,C.不低于10m,D.无决断高,,
1372,3370,22123021,第3370题 试题编号：22123021,机场运行最低标准是一个机场可用于着陆和备降的限制。,T,F,,,,
1373,3371,22123022,第3371题	试题编号：22123022,RVR是指白天能看到和辨别出明显的不发光物体或晚上能看到明显的发光物体的距 离。,T,F,,,,
1374,3372,22123023,第3372题	试题编号：22123023,机场运行最低标准是指机场适用于起飞或着陆的限制，对于起飞，用VIS或MDH表 不O,T,F,,,,
1375,3373,22123024,第3373题	试题编号：22123024,对于精密进近着陆，机场运行最低标准用VIS或/RVR和DH表示。,T,F,,,,
1376,3374,22123025,第3374题	试题编号：22123025,对于非精密进近着陆，机场运行最低标准用VIS或/RVR和MDH表示。,T,F,,,,
1377,3375,22123026,第3375题	试题编号：22123026,超障高（0CH）是指以机场基准点的标高平面为测算高的基准，按照适当的超障准则确 定的最低高。,T,F,,,,
1378,3376,22123027,第3376题	试题编号：22123027,加H是指在精密进近中，以跑道入口的标高平面为基准规定的高，航空器下降至这个 高，如果不能取得继续进近所需的目视参考，必须开始复飞。,T,F,,,,
1379,3377,12123028,第3377题 试题编号：12123028,使用HUD实施特殊批准I类精密进近运行,DH最低为（）。,A.	15,B.	30,C.	45,D. 60,,
1380,3378,12123029,第3378题	试题编号：12123029,使用HUD实施标准I类精密进近运行,DH最低为（）。,A.15,B.30,C.45,D.60,,
1381,3379,12123030,第3379题 试题编号：12123030,航空运营人申请使用HUD实施的运行中不包括（）.,A.标准I类精密进近运行,B.标准II类精密进近运行,C.使用HUD实施RVR低于400米的起飞,D.使用HUD实施RVR低于450米的起飞,,
1382,3380,12123031,第3380题	试题编号：12123031,使用HUD实施特殊批准I类精密进近运行，当HUD运行的DH需提高至（）米（含） 以上时，不得实施本运行。,A.30,B.45,C.60,D.75,,
1383,3381,12123032,第3381题	试题编号：12123032,使用HUD实施特殊批准II类精密进近运行,DH不低于（）米。,A.	15,B.	30,C.	45,D.	60,,
1384,3382,12123033,第3382题	试题编号：12123033,当机场主导能见度小于1000米或当5/8以上云量的最低云层的云高小于（）米时, 民航气象服务机构应当为管制单位提供低能见度运行气象服务,A.	100,B.	150,C.	200,D.	300,,
1385,3383,12123034,第3383题 试题编号：12123034,低能见度运行准备、实施、结束各阶段的时机，其中不正确的是（）。,A.通知实施低能见度运行准备的时机为能见度1000米或云高90米，并呈下降趋势时,B.开始实施低能见度运行的时机为能见度降至800米、或跑道视程降至550米或云高 降至60米时,C.结束低能见度运行的时机为跑道视程达到800米且云高达到75米，并呈上升趋势,D.结束低能见度运行的时机为跑道视程达到550米且云高达到60米，并呈上升趋势,,
1386,3384,12124001,第3384题 试题编号：12124001,实施隔离平行运行时，离场航迹应当在起飞后立即与相邻跑道的进近复飞航迹建立不 小于（）度的扩散角。,A. 30,B. 45,C. 15,D. 60,,
1387,3385,12124002,第3385题 试题编号：12124002,实施平行跑道独立平行离场时，两条离场航迹在航空器起飞后立即建立不小于（） 度的扩散角。,A. 15,B. 30,C. 45,D. 60,,
1388,3386,12124003,第3386题 试题编号：12124003,实施平行跑道独立平行离场时，具有能够在跑道末端外（）km以内识别航空器的监 视雷达设备。,A. 1.5,B. 2,C. 3,D. 4,,
1389,3387,12124004,第3387题 试题编号：12124004,当监视雷达和地面设施符合《中国民用航空通信导航雷达工作规则》中有关进近类型 的相关标准时，可以在平行跑道隔离平行运行中实施下列类型的进近，以下说法错误 的是（）。,A.仪表着陆系统精密进近,B.监视雷达进近或者精密雷达进近,C.目视进近,D.以上都不对,,
1390,3388,12124005,第3388题	试题编号：12124005,平行跑道同时仪表运行按照跑道用于进近和离场的使用方式可分为（）等四种模式。,A.独立平行仪表进近、相关平行仪表进近、独立平行离场、隔离平行运行,B.独立平行仪表进近、隔离平行仪表进近、独立平行离场、隔离平行运行,C.独立平行仪表进近、相关平行仪表进近、独立平行离场、相关平行运行,D.独立平行仪表进近、隔离平行仪表进近、独立平行离场、相关平行运行,,
1391,3389,12124006,第3389题 试题编号：12124006,独立平行仪表进近模式，是指在相邻的平行跑道仪表着陆系统上进近的航空器之间()时，在平行跑道上同时进行的仪表着陆系统进近的运行模式。,A.需要配备规定的雷达间隔,B.不需要配备规定的雷达间隔,C.需要配备规定的程序间隔,D.不需要配备规定的程序间隔,,
1392,3390,12124007,第3390题	试题编号：12124007,()是指在相邻的平行跑道仪表着陆系统上进近的航空器之间需要配备规定的雷达间 隔时，在平行跑道上同时进行的仪表着陆系统进近的运行模式。,A.独立平行仪表进近模式,B,隔离平行仪表进近模式,C.相关平行仪表进近模式,D.相关平行运行模式,,
1393,3391,12124008,第3391题	试题编号：12124008,()是指离场航空器在平行跑道上沿相同方向同时起飞的运行模式。,A.独立平行仪表进近模式,B.隔离平行仪表进近模式,C.隔离平行运行模式,D.独立平行离场模式,,
1394,3392,12124009,第3392题	试题编号：12124009,独立平行离场模式下，当两条平行跑道的间距小于760m,航空器可能受尾流影响附，平行跑道离场航空器的放行间隔应当按照为()规定的放行间隔执行。,A.一条跑道,B.两条独立运行跑道,C.两条相关运行跑道,D.以上都不对,,
1395,3393,12124010,第3393题 试题编号：12124010,隔离平行运行模式是指在平行跑道上同时进行的运行，其中一条跑道（），另一条跑 道（）。,A.用于离场和进近，只用于进近,B.只用于离场，只用于离场和进近,C.用于离场和进近，也用于离场进近,D.只用于离场，只用于进近,,
1396,3394,12124011,第3394题 试题编号：12124011,平行跑道同时仪表运行模式中的混合运行是指（）。,A.	一条跑道只用于进近，另一条跑道按照独立平行仪表进近模式或者相关平行仪表进 近模式用于进近，或者按照隔离平行运行模式用于离场,B.	一条跑道只用于离场，另一条跑道按照隔离平行运行模式用于进近，或者按照独立 平行离场模式用于离场,C.	一条跑道只用于离场，另一条跑道按照独立平行仪表进近模式用于进近，或者按照 独立平行离场模式用于离场,D.两条平行跑道可以同时用于进近和离场,,
1397,3395,12124012,第3395题 试题编号：12124012,两条平行跑道中心线的间距不小于7601n时，允许航空器按照（）的模式运行。,A.独立平行仪表进近,B.相关平行仪表进近,C.独立平行离场,D.以上都不对,,
1398,3396,12124013,第3396题 试题编号：12124013,两条平行跑道中心线的间距不小于9151n时，允许航空器按照（）的模式运行。,A.独立平行仪表进近,B.相关平行仪表进近,C.独立平行离场,D.隔离平行运行,,
1399,3397,12124014,第3397题 试题编号：12124014,两条平行跑道中心线的间距不小于1035m时，允许航空器按照（）的模式运行。,A.独立平行仪表进近,B.相关平行仪表进近,C.独立平行离场,D,隔离平行运行,,
1400,3398,12124015,第3398题 试题编号：12124015,空中交通运行机构采用（）模式运行的，应当在两条平行跑道中心线延长线之间划设 一个（），并且应当为每一条跑道划设一个（），以确定（）航空器的正常运行空 域。,A.独立平行仪表进近，非侵入区，正常运行区，独立平行仪表进近,B.独立平行仪表进近，正常运行区，非侵入区，独立平行仪表进近,C.相关平行仪表进近，非侵入区，正常运行区，相关平行仪表进近,D.相关平行仪表进近，正常运行区，非侵入区，相关平行仪表进近,,
1401,3399,12124016,第3399题 试题编号：12124016,（）是指位于两条跑道中心线延长线之间特定的空域，在进行平行跑道同时进近的过 程中，当一架航空器进入该空域时，管制员应当指挥另一架受影响的正常飞行的航空 器避让。,A.正常运行区,B.独立运行区,C.相关运行区,D.非侵入区,,
1402,3400,12124017,第3400题 试题编号：12124017,（）是指从仪表着陆系统（ILS）航向道中心线向两侧延伸至指定范围内的空域。,A.正常运行区,B.独立运行区,C.相关运行区,D.非侵入区,,
1403,3401,12124018,第3401题 试题编号：12124018,非侵入区的长度应当从平行跑道最近的（）开始，沿进近反方向延伸至跑道中心线延 长线上平行进近的两架航空器之间的垂直间隔开始小于（）m的一点为止。,A.跑道入口处，400,B.跑道中心处，760,C.跑道入口处，300,D.跑道中心处，400,,
1404,3402,12124019,第3402题 试题编号：12124019,划设（）时，应当使得航空器超出（）范围的可能性最小，以减少偏航告警频率， 减轻管制员的工作负荷。,A.正常运行区，非侵入区,B.非侵入区，正常运行区,C.非侵入区，非侵入区,D.正常运行区，正常运行区,,
1405,3403,12124020,第3403题 试题编号：12124020,确定正常运行区的宽度时，应当考虑所使用的（）以及（）等因素。,A.正常运行区的长度，跑道之间的宽度,B.导航系统的精度，跑道之间的宽度,C.导航系统的精度，航空器保持航迹的精度,D.跑道之间的宽度，航空器保持航迹的精度,,
1406,3404,12124021,第3404题 试题编号：12124021,实施平行跑道同时仪表运行的空中交通运行机构应当分别为每条跑道指定（）塔台管 制员负责该条跑道的运行。,A. 一名,B.两名,C.三名,D.以上都不对,,
1407,3405,12124022,第3405题 试题编号：12124022,实施平行跑道同时仪表运行时，管制员应当按照《中国民用航空空中交通管理规则》 的规定，为航空器配备（）。,A.垂直间隔,B.水平间隔,C.雷达间隔,D.尾流间隔,,
1408,3406,12124023,第3406题 试题编号：12124023,中错误的是（）0,A.有关导航设施的运行符合《中国民用航空通信导航雷达工作规则》中的规定,B.有关通信、监视设施的运行符合《中国民用航空通信导航雷达工作规则》中的规定 和本规定的有关要求,C.相关空中和地面运行程序经过试验运行并且获得批准,D.以上都不对,,
1409,3407,12124024,第3407题 试题编号：12124024,参与实施平行跑道同时仪表试验运行和正式运行的空中交通运行机构应当按照《民用 航空航行情报工作规则》的规定提前发布《）或者（）。,A. AIP, PIB,B.航行通告，航行资料,C.航行通告，雪情通告,D.航行通告，AIP,,
1410,3408,12124025,第3408题	试题编号：12124025,实施平行跑道同时仪表试验运行和正式运行过程中，机场自动终端情报服务应当包含 正在进行的（）进近或者离场的有关详细信息。,A.独立平行仪表进近,B.相关平行仪表进近,C.独立平行离场,D.隔离平行运行,,
1411,3409,12124026,第3409题	试题编号：12124026,参与实施平行跑道独立平行仪表进近和相关平行仪表进近的空中交通运行机构还应当 发布下列航行情报信息，即（）。,A.跑道及相关仪表着陆系统的有关信息,B.运行模式、间隔标准等,C.运行时间,D.以上都对,,
1412,3410,12124027,第3410题	试题编号：12124027,参与实施平行跑道独立平行仪表进近和相关平行仪表进近的空中交通运行机构还应当 发布下列航行情报信息（）。,A.有关天气条件对运行的限制,B.在实施独立平行进近的情形下，正常运行区和非侵入区的作用和描述,C.相关程序的规定，包括雷达监控、复飞以及当发现有航空器切过了仪表着陆系统航 向道、或者将进入非侵入区时，空中交通运行机构的处置措施,D.以上都对,,
1413,34,12124028,第34n题	试题编号：12124028,参与实施平行跑道独立平行仪表进近和相关平行仪表进近的空中交通运行机构还应当 发布下列航行情报信息（）。,A.机载设备的要求,B.在实施独立平行进近的情形下，正常运行区和非侵入区的作用和描述,C.相应的仪表飞行程序,D.以上都对,,
1414,3412,12124029,第3412题	试题编号：12124029,对于航空器使用平行跑道进行独立仪表进近时，两条跑道复飞航迹至少相差（）度， 跑道两侧应当有至少（）m宽度的非侵入地带。,A.	30； 610,B.	45； 610,C.	30； 730,D.	45； 730,,
1415,3413,12124030,第3413题	试题编号：12124030,使用平行跑道进行独立仪表进近时，进近雷达管制员发现塔台管制员正在指挥航空器 复飞时，与正飞越跑道上空的航空器发生冲突，进近雷达管制员应当（）,A.立即通知塔台,B.指挥复飞航空器立即避让,C.立即插入塔台通话，指挥航空器避让,D.报告值班领导,,
1416,3414,12124031,第3414题	试题编号：12124031,航空器使用平行跑道实施相关平行仪表进近时，雷达方位精确度为（）度，更新周期 不超过（）s。,A.	0. 1； 0. 5,B.	0.3； 3,C.	0.3； 5,D.	0. 1； 5,,
1417,3415,12124032,第3415题	试题编号：12124032,引导航空器切入最后进近航道时，指定航空器所飞的航向与最后进近航道的夹角不得 大于（）度，双跑道同时■进近时该夹角不得大于（）度。,A.	40； 30,B.	30； 20,C.	40； 20,D.	30； 30,,
1418,3416,12124033,第3416题	试题编号：12124033,实施平行跑道独立平行离场应当具备的下列条件中，错误的是（）。,A.两条离场航迹在航空器起飞后立即建立不小于15度的扩散角,B.配备适当的监视雷达设备，其方位精度不得小于0.3度，更新周期不得大于5s,C.具有能够在跑道末端外2 km以内识别航空器的监视雷达设备,D.空中交通运行机构已经制定相应的管制指挥程序，保证航空器离场能够按照规定的 扩散航迹飞行,,
1419,3417,12124034,第3417题	试题编号：12124034,下列对于平行跑道混合运行模式的描述中，不属于半混合运行的是（）。,A. 一条跑道只用于进近，另条跑道按照独立平行仪表进近模式或者相关平行仪表进 近模式用于进近，或者按照隔离平行运行模式用于离场,B. 一条跑道只用于离场，另一条跑道按照隔离平行运行模式用于进近，或者按照独立 平行离场模式用于离场,C. 一条跑道只用于离场，另条跑道按照独立平行仪表进近模式用于进近，或者按照 独立平行离场模式用于离场,D.以上不全对,,
1420,3418,12124035,第3418题	试题编号：12124035,非侵入区的宽度应当为两条平行跑道正常运行区之间区域的宽度，并且不得小于（）m。,A. 410,B. 510,C. 420,D, 610,,
1421,3419,22124036,第3419题 试题编号：22124036,管制员发现航空器在转弯时切过了仪表着陆系统下滑道，或者航空器将进入非侵入区 时，应当指挥航空器立即回到正确的航迹上来。,T,F,,,,
1422,3420,22124037,第3420题 试题编号：22124037,正常运行区的宽度取决于导航系统的精度和航空器航迹保持的精度。,T,F,,,,
1423,3421,22124038,第3421题	试题编号：22124038,导航系统和航迹保持的精度越高，正常运行区的宽度就可以越窄。,T,F,,,,
1424,3422,22124039,第3422题 试题编号：22124039,独立平行离场模式，是指离场航空器在平行跑道上沿相同方向同时起飞的运行模式。 但是，当两条平行跑道的间距小于760山，航空器可能受尾流影响时，平行跑道离场航 空器的放行间隔应当按照为一条跑道规定的放行间隔执行。,T,F,,,,
1425,3423,22124040,第3423题	试题编号：22124040,隔离平行运行模式，是指在平行的跑道上同时进行的运行，其中一条跑道只用于起 飞，另一条跑道只用于进近。,T,F,,,,
1426,3424,22124041,第3424题	试题编号：22124041,一条跑道只用于进近，另一条跑道按照独立平行仪表进近模式或者相关平行仪表进近 模式用于进近，或者按照隔离平行运行模式用于离场，属于半混合运行。,T,F,,,,
1427,3425,22124042,第3425题	试题编号：22124042,一条跑道只用于起飞，另一条跑道按照隔离平行运行模式用于进近，或者按照独立平 行离场模式用于离场，属于混合运行。,T,F,,,,
1428,3426,22124043,第3426题	试题编号：22124043,混合运行是指两条平行跑道可以同时用于进近和离场。,T,F,,,,
1429,3427,22124044,第3427题	试题编号：22124044,正常运行区的长度应当从跑道入口处开始，沿进近反方向延伸至航空器加入跑道中心 线延长线的一点为止。,T,F,,,,
1430,3428,22124045,第3428题	试题编号：22124045,非侵入区（NTZ）是位于相邻跑道中心线延长线之间的特定空域。航空器进行相关平行 仪表进近时，由于不考虑与相邻跑道中心线延长线上的航空器之间的最小间隔，因此 应当划设非侵入区以保证航空器偏离航向道时的飞行安全。,T,F,,,,
1431,3429,22124046,第3429题	试题编号：22124046,非侵入区的长度应当从平行跑道最近的跑道入口处开始，沿进近反方向延伸至跑道中 心线延长线上平行进近的两架航空器之间的垂直间隔小于300m的一点。,T,F,,,,
1432,3430,22124047,第3430题 试题编号：22124047,非侵入区的宽度应当为两条平行跑道正常运行区之间的区域的宽度。,T,F,,,,
1433,3431,22124048,第3431题 试题编号：22124048,探测区是指管制员观察到航空器误入非侵入区的时间段内，航空器飞行所需的空域容 差。,T,F,,,,
1434,3432,22124049,第3432题 试题编号：22124049,修正区是指一个附加的容差空域，是在被威胁航空器完成其机动避让飞行的时间内该 航空器所需的空域容差。,T,F,,,,
1435,3433,22124050,第3433题 试题编号：22124050,正常运行区（N0Z）是从仪表着陆系统（ILS）航向道中心线向两侧延伸至指定范围内 的空域。航空器在跑道中心线延长线上实施ILS进近时，应当保持在此空域内飞行。,T,F,,,,
1436,3434,22124051,第3434题 试题编号：22124051,正常运行区的长度应当从跑道入口处开始，沿进近反方向延伸至距跑道入口 20km处。,T,F,,,,
1437,3435,22124052,第3435题 试题编号：22124052,相关平行仪表进近模式即在相邻的平行跑道仪表着陆系统上进近的航空器之间不需要 配备规定的雷达间隔时，在平行的跑道上同时进行的仪表着陆系统进近的运行模式。,T,F,,,,
1438,3436,22124053,第3436题 试题编号：22124053,独立平行仪表进近模式，即在相邻的平行跑道仪表着陆系统上进近的航空器之间需要 配备规定的雷达间隔时，在平行的跑道上同时进行的仪表着陆系统进近的运行模式。,T,F,,,,
1439,3437,22124054,第3437题	试题编号：22124054,平行跑道的同时运行，按照跑道分别用于进近和离场的使用方式可分为非混合运行和 混合运行。,T,F,,,,
1440,3438,12124055,第3438题	试题编号：12124055,平行跑道独立进近时，应有专职管制员对对每一条跑道进近的航空器进行监视，以保 证当航空器之间的垂直间隔小于（）ni»,A. 300,B. 150,C. 90,D. 60,,
1441,3439,22124056,第3439题	试题编号：22124056,在同一个仪表着陆系统航向道上的航空器之间符合《民用航空空中交通管理规则》中 规定的最小纵向间隔。,T,F,,,,
1442,3440,12124057,第3440题	试题编号：12124057,实施独立平行仪表进近，对于机场海拔高度低于（）米，且跑道中心线间距不小于 2745米的平行跑道，可以不设专职雷达管制员对每一条跑道进近的航空器进行监视， 其职责由为该跑道提供进近管制服务的管制员承担。,A. 1500,B. 1525,C. 1600,D. 1625,,
1443,3441,22124058,第3441题	试题编号：22124058,平行跑道独立进近监视每条跑道进近的雷达管制员或者承担相应职责的进近管制员， 应当具有对相应的机场管制频率超控的能力.,T,F,,,,
1444,3442,12124059,第3442题	试题编号：12124059,实施平行跑道独立进近是，发现航空器正在进入非侵入区，负责监视相邻仪表着陆系 统航向道活动的雷达管制员或者承担相应职责的进近管制员，应当指挥在其监视仪表 着陆系统航向道上受影响的航空器立即爬升和转弯到指定的高度和航向，以避开偏航 的航空器。,A.保持航向,B.下降,C.爬升,D.爬升和转弯,,
1445,3443,12124060,第3443题	试题编号：12124060,当有关地面设施符合规定进近类型的必要标准时，可以在隔离平行运行中使用下述哪 种类型进近程序。,A. ILS进近,B. MLS进近,C. ILS进近和目视进近,D. MLS进近和目视进近,,
1446,3444,12124061,第3444题	试题编号：12124061,民航局受理空中交通运行机构实施平行跑道同时仪表运行的申请后，空中交通运行机 构应当会同机场管理机构按照民航局要求组织开展试验运行。平行跑道同时仪表运行 的试验运行期一般不少于（）年，试验运行期不计入审批期限。,A. 0.5,B. 1,C. 1.5,D. 2,,
1447,3445,22124062,第3445题	试题编号：22124062,空中交通运行机构实施平行跑道同时仪表运行，不需提交平行跑道同时仪表运行批复 的复印件。,T,F,,,,
1448,3446,12124063,第3446题	试题编号：12124063,平行跑道同时仪表运行试验运行应当划分为（）阶段，分别对应不同气象条件。,A.不限,B. 一个及以上,C.两个及以上,D.：三个及以上,,
1449,3447,12124064,第3447题	试题编号：12124064,平行跑道同时仪表运行试验运行第一阶段，应当在（）气象条件下开展；后续试验运 行的阶段，应当纳入其他气象条件，并考虑本场特殊天气（如风切变、侧风、逆风、 雷暴、紊流等）。,A.目视,B.仪表,C.精密进近,D.不限,,
1450,3448,12124065,第3448题	试题编号：12124065,平行跑道同时仪表运行经技术专家组检查评估，试验运行存在不足的，（）应当提出 整改意见。必要时，可以责令暂停或者中止试验运行。,A.民航局,B.民航地区管理局,C.民航局或者民航地区管理局,D.民航局空管处,,
1451,3449,12124066,第3449题	试题编号：12124066,平行跑道同时仪表试验运行满（）年，技术专家组应当向民航局或者民航地区管理局 提出试验运行评估检查情况报告。,A. 0.5,B. 1,C. 2,D. 3,,
1452,3450,12124067,第3450题	试题编号：12124067,运行单位未按规定提交实施平行跑道同时仪表运行申请材料，擅自实施平行跑道同时 仪表运行的，由民航局或者民航地区管理局责令其停止运行，可以对有关单位处警告 或者（）的罚款。,A. 1万元以上3万元以下,B. 1万元以上5万元以下,C. 3万元以上5万元以下,D. 2万元以上5万元以下,,
1453,3451,12124068,第3451题	试题编号：12124068,备、人员资格等持续符合本规定相关要求的，由民航局或者民航地区管理局处警告或 者（ ） 的罚款。造成严重后果，构成犯罪的，依法追究有关责任人的刑事责任。,A. 2万元以上5万元以下,B. 3万元以上5万元以下,C. 1万元以上5万元以下,D. 1万元以上3万元以下,,
1454,3452,12125001,第3452题	试题编号：12125001,RVR是指在跑道中线上，航空器上的驾驶员能看到（）或（）或（）的距离。,A.跑道道面上的标志，进近灯，中线灯,B.跑道端，跑道边界灯，中线灯,C.跑道道面上的标志，跑道边界灯，中线灯,D.以上都不对,,
1455,3453,12125002,第3453题	试题编号：12125002,当本场主导能见度和/或正在使用跑道的任一位置RVR小于（）m时，塔台管制员应 向起飞或着陆的航空器驾驶员通报RVR情报。,A. 1000,B. 1500,C. 2000,D. 5000,,
1456,3454,12125003,第3454题	试题编号：12125003,塔台管制员不受气象部门（）的RVR情报及（）的RVR情报的约束，可以根据航空 器实际起飞或着陆地带向航空器驾驶员通报该位置的RVR。,A.向本场发布，AT IS播报,B.向本场外发布，Weather播报,C.向本场发布，Weather播报,D.向本场外发布，AT IS播报,,
1457,3455,12125004,第3455题	试题编号：12125004,塔台管制员通报RVR或目视能见度时，不得以（）代替RVR或以RVR代替（）。,A.塔台目视能见度，塔台目视能见度,B.跑道目视能见度，塔台目视能见度,C.塔台目视能见度，跑道目视能见度,D.跑道目视能见度，跑道目视能见度,,
1458,3456,12125005,第3456题	试题编号：12125005,RVR的使用单位是“（）”，塔台管制员通报时应按RVR指示器上显示的实际数值报 告。,A. ft,B. 100ft,C. m,D. km,,
1459,3457,12125006,第3457题	试题编号：12125006,对离场航空器，管制单位发出（）许可时，由塔台管制员通报起飞跑道的RVR。,A.起飞,B.进跑道,C.地面滑行,D.推出开车,,
1460,3458,12125007,第3458题	试题编号：12125007,对进场航空器，由塔台管制员在发布（）时通报着陆跑道的RVR。,A.继续进近许可,B.落地许可,C.脱离跑道许可,D.地面滑行许可,,
1461,3459,12125008,第3459题	试题编号：12125008,当本场主导能见度〈1500m,而所有探测点的RVR21500m时，只通报（）或（）实际 显示数值。,A. RVRP1500；跑道能见度指示器,B. RVR1500； RVR 指示器,C. RVRP1500； RVR 指示器,D. RVR1500；跑道能见度指示器,,
1462,3460,12125009,第3460题	试题编号：12125009,主导能见度或跑道视程低于（）m时，空中交通管制单位应当向航空器通告跑道视程 数值。,A. 800,B. 1500,C. 2000,D. 4000,,
1463,3461,12125010,第3461题	试题编号：12125010,有自动观测系统的机场，当能见度小于1500m时，管制员应当通知本机场的（）。,A.能见度,B. 云高、云量,C.天气实况,D.跑道视程,,
1464,3462,12125011,第3462题	试题编号：12125011,当正在使用的跑道起飞或接地地带RVR小于（）m时，不论其值大小，均应按该地带 RVR指示器实际显示的数值进行通报。,A.	500,B.	1000,C.	1500,D.	2000,,
1465,3463,12125012,第3463题	试题编号：12125012,带（MID,若有）和/或终端地带（END）的RVRO,A.	500,B.	600,C.	1000,D.	1500,,
1466,3464,22125013,第3464题	试题编号：22125013,塔台管制员不受气象部门向本场发布的RVR情报及ATIS播报的RVR情报的约束，可 以根据航空器实际起飞或着陆地带向航空器驾驶员通报该位置的RVR。,T,F,,,,
1467,3465,22125014,第3465题	试题编号：22125014,塔台管制员通报RVR或目视能见度时，不得以跑道目视能见度代替RVR或以RVR代替 塔台目视能见度。,T,F,,,,
1468,3466,12125015,第3466题	试题编号：12125015,使用HUD实施特殊批准I类精密进近运行，RVR不低于（）。,A.	300,B.	350,C.	450,D.	550,,
1469,3467,12125016,第3467题	试题编号：12125016,使用HUD实施特殊批准H类精密进近运行，实施RVR不低于（）米。,A.	300,B.	350,C.	450,D.	550,,
1470,3468,12125017,第3468题	试题编号：12125017,实施特殊批准H类精密进近运行,要求有不少于（）个正常工作的RVR传感器，其中 1个必须安装在（）。,A.	2；接地区,B.	3；接地区,C.	2；升降带,D.	3；升降带,,
1471,3469,12125018,第3469题	试题编号：12125018,在满足相应要求的跑道上，可使用HUD实施RVR低于400米，但不低于（）米的低能 见度起飞。,A.	60,B.	75,C.	90,D.	120,,
1472,3470,12126001,第3470题	试题编号：12126001,使用同一条跑道进近着陆，前机为重型机后机为轻型机时，其非雷达尾流间隔不得少 于（）分钟。,A.	4,B.	3,C.	2,D.	1,,
1473,3471,12126002,第3471题	试题编号：12126002,使用同一条跑道进近着陆，前机为中型机后机为轻型机时，其非雷达尾流间隔不得少 于（）分钟。,A.	4,B.	3,C.	2,D.	1,,
1474,3472,12126003,第3472题	试题编号：12126003,使用同一条跑道进近着陆，前机为重型机后机为中型机时，其非雷达尾流间隔不得少 于（）分钟。,A.	4,B.	3,C.	2,D.	1,,
1475,3473,12126004,第3473题	试题编号：12126004,使用跑道中心线距离小于760m的平行跑道起飞离场，前机为重型机后机为中型机时, 其非雷达尾流间隔不得少于（）分钟。,A.	4,B.	3,C.	2,D.	1,,
1476,3474,12126005,第3474题	试题编号：12126005,训（熟）练飞行连续起飞时，除非机长能保证在高于前方航空器航径的高度以上飞 行，否则其尾流间隔应当再增加（）分钟。,A.	1,B.	2,C.	3,D.	4,,
1477,3475,12126006,第3475题	试题编号：12126006,重型机在前，轻型机在后的着陆尾流间隔是（）分钟。,A.	3,B.	2,C.	1,D.	4,,
1478,3476,12126007,第3476题	试题编号：12126007,起飞航空器使用同一跑道，重型机（前）与中型机（后）的尾流间隔为（）分钟。,A.	1,B.	2,C.	3,D.	4,,
1479,3477,12126008,第3477题 试题编号：12126008,航空器按起飞全重分为重型、中型和轻型三类，起飞全重（）千克以上为重型机。,A. 106000（不含）,B. 106000 （含）,C. 136000 （不含）,D. 136000 （含）,,
1480,3478,12126009,第3478题 试题编号：12126009,训（熟）练飞行连续起飞时，除非航空器驾驶员能保证在高于前方航空器航径的高度 以上飞行，否则其尾流间隔应当再增加（）分钟。,A. 1,B. 2,C. 3,D. 4,,
1481,3479,12126010,第3479题 试题编号：12126010,使用跑道中心线距离小于760m的平行跑道起飞离场，前机为重型机后机为轻型机时， 其非雷达尾流间隔不得少于（）分钟。,A. 4,B. 3,C. 2,D. 1,,
1482,3480,12126011,第3480题 试题编号：12126011,使用跑道中心线距离小于7601n的平行跑道起飞离场，前机为中型机后机为轻型机时， 其非雷达尾流间隔不得少于（）分钟。,A. 4,B. 3,C. 2,D. 1,,
1483,3481,12126012,第3481题 试题编号：12126012,使用交叉跑道起飞离场，前机为中型机后机为轻型机且后航空器将在前航空器的同一 高度上，或者低于前航空器且高度差小于300m的高度上穿越前航空器的航迹时，其非 雷达尾流间隔不得少于（）分钟。,A. 4,B. 3,C. 2,D. 1,,
1484,3482,12126013,第3482题 试题编号：12126013,使用交叉跑道起飞离场，前机为重型机后机为中型机且后航空器将在前航空器的同一 高度上，或者低于前航空器且高度差小于300m的高度上穿越前航空器的航迹时，其非 雷达尾流间隔不得少于（）分钟。,A. 4,B.3,C,2,D. 1,,
1485,3483,12126014,第3483题	试题编号：12126014,使用交叉跑道起飞离场，前机为重型机后机为轻型机且后航空器将在前航空器的同一 高度上，或者低于前航空器且高度差小于300m的高度上穿越前航空器的航迹时，其非 雷达尾流间隔不得少于（）分钟。,A. 4,B. 3,C. 2,D. 1,,
1486,3484,12126015,第3484题 试题编号：12126015,使用同一跑道起飞离场，前机为重型机后机为轻型机且后航空器只使用跑道的一部分 起飞，其非雷达尾流间隔不得少于（）分钟。,A. 4,B. 3,C, 2,D. 1,,
1487,3485,12126016,第3485题 试题编号：12126016,使用同一跑道起飞离场，前机为重型机后机为中型机且后航空器只使用跑道的一部分 起飞，其非雷达尾流间隔不得少于（）分钟。,A. 4,B. 3,C. 2,D. 1,,
1488,3486,12126017,第3486题	试题编号：12126017,使用同一跑道起飞离场，前机为中型机后机为轻型机且后航空器只使用跑道的一部分 起飞，其非雷达尾流间隔不得少于（）分钟。,A. 4,B.	3,C.	2,D.	1,,
1489,3487,22126018,第3487题 试题编号：22126018,当使用同一跑道前后起飞离场的航空器为重型机和轻型机时，前后航空器间非雷达尾 流间隔不得少于3分钟。,T,F,,,,
1490,3488,22126019,第3488题 试题编号：22126019,当使用同一跑道前后起飞离场的航空器为中型机和轻型机时，前后航空器间非雷达尾流间隔不得少于2分钟。,T,F,,,,
1491,3489,22126020,第3489题 试题编号：22126020,使用跑道中心线距离小于760m的平行跑道起飞离场，前机为重型机后机为轻型机且后 航空器在跑道中部起飞时，其非雷达尾流间隔不得少于3分钟。,T,F,,,,
1492,3490,22126021,第3490题 试题编号：22126021,使用跑道中心线距离小于760m的平行跑道起飞离场，前机为中型机后机为轻型机且后 航空器在跑道中部起飞时，其非雷达尾流间隔不得少于3分钟。,T,F,,,,
1493,3491,22126022,第3491题 试题编号：22126022,使用跑道中心线距离小于760m的平行跑道起飞离场，前机为重型机后机为中型机且后 航空器在跑道中部起飞时，其非雷达尾流间隔不得少于2分钟。,T,F,,,,
1494,3492,12127001,第3492题 试题编号：12127001,使用同一条跑道进近着陆，前机为重型机后机为中型机时，其雷达尾流间隔不得少于()km。,A.	9.3,B.	11. 1,C. 7.4,D. 5.7,,
1495,3493,12127002,第3493题	试题编号：12127002,使用同一条跑道进近着陆，前后机均为重型机时，其雷达尾流间隔不得少于（）kmo,A.	9.3,B.	11. 1,C.	7.4,D.	5.7,,
1496,3494,12127003,第3494题	试题编号：12127003,使用同一条跑道进近着陆，前机为中型机后机为轻型机时，其雷达尾流间隔不得少于 （）km。,A.	9.3,B.	11. 1,C.	7.4,D.	5.7,,
1497,3495,12127004,第3495题	试题编号：12127004,雷达管制尾流标准：中型航空器在前，轻型航空器在后，其间隔标准为（）kni。,A.	5.7,B.	7.4,C.	10,D.	11. 1,,
1498,3496,12127005,第3496题	试题编号：12127005,使用同一条跑道进近着陆，前机为重型机后机为轻型机时，其雷达尾流间隔不得少于 （）km。,A.	9.3,B.	11. 1,C.	7.4,D.	5.7,,
1499,3497,12127006,第3497题	试题编号：12127006,雷达管制尾流标准适用于跟进航空器与先行航空器同高度时，或当跟进航空器在先行 航空器下方垂直间隔小于（）田高度飞行时采用。,A.	1000,B.	500,C.	600,D. 300,,
1500,3498,12127007,第3498题 试题编号：12127007,五架航空器使用同一跑道同时进近，按落地顺序机型依次为；MD1K B737、MD90、 B767和运12,其雷达间隔的尾流间隔最低标准依次为：（）km、（）km、（ ） km 和（）km。,A. 11. K 9. 3、5. 7、11. 1,B. 9.3、7.4、5.7、11. 1,C. 9.3, 5.7, 5.7, 11. 1,D. 11. K 7.4、5.7、9.3,,
1501,3499,22127008,第3499题 试题编号：22127008,使用同一条跑道进近着陆，前机为重型机后机为轻型机时，其雷达尾流间隔不得少于 11. lkmo,T,F,,,,
1502,3500,12128001,第3500题 试题编号：12128001,直升机可以在距离障碍物（）m以外飞移，速度不得超过（）km/h。,A.	5； 5,B.	8； 10,C.	10； 15,D.	20； 20,,
1503,3501,12128002,第3501题 试题编号：12128002,直升机可以在距离障碍物10m以外，（）空中滑行。,A.	1—10m的高度上,B.	20km/h的速度,C.	10 — 20m高度上,D.	15-20kin/h 的速度,,
1504,3502,12128003,第3502题 试题编号：12128003,直升机起飞、着陆地点面积的直径应当根据机型确定，其长宽均不得小于旋翼直径的（）O,A.	2倍,B.	3倍,C.	4倍,D.	5倍,,
1505,3503,12128004,第3503题	试题编号：12128004,直升机起飞、着陆地点面积的直径应当根据机型确定，各起飞、着陆地点之间的左右 间隔应当大于旋翼直径的（）。,A.	2倍,B.	3倍,C.	4倍,D.	5倍,,
1506,3504,12128005,第3504题	试题编号：12128005,直升机起飞、着陆地点面积的直径应当根据机型确定，各起飞、着陆地点之间的前后 距离应当大于机身长度的（）。,A.	2倍,B.	3倍,C.	4倍,D.	5倍,,
1507,3505,12128006,第3505题	试题编号：12128006,直升机在机场上空飞越地面航空器的高度不得低于（）m。,A.	50,B.	30,C.	25,D.	45,,
1508,3506,12128007,第3506题	试题编号：12128007,目视飞行直升机使用同一起飞着陆区起飞，着陆时，最低间隔标准应当符合如下规 定：先起飞，着陆的直升机离开起飞，着陆区之前，着陆的直升机（）。,A.可以进入起飞，着陆区,B.不得进入起飞，着陆区,C.可以开始下降高度,D,不得开始下降高度,,
1509,3507,12128008,第3507题	试题编号：12128008,直升机可以在距离障碍物（）m以外飞移，速度不得超过（）km/h。,A.	5； 5,B.	8； 10,C.	10； 15,D.	20； 20,,
1510,3508,12128009,第3508题 试题编号：12128009,直升机可以在距离障碍物10m以外，（）空中滑行。,A.	1-lOni的高度上,B.	20km/h的速度,C.	10-20m高度上,D.	15-20km/h 的速度,,
1511,3509,12128010,第3509题	试题编号：12128010,直升机在机场上空飞越地面航空器的高度不得低于（）m。,A.	50,B.	30,C.	25,D.	45,,
1512,3510,12128011,第3510题	试题编号：12128011,目视飞行直升机使用同一起飞着陆区起飞、着陆时，最低间隔标准应当符合如下规 定：先起飞、着陆的直升机离开起飞、着陆区之前、后起飞的直升机（）。,A.不可以开车,B.不得进入起飞着陆区,C.可以开始起飞,D.不得开始起飞,,
1513,3511,12128012,第3511题	试题编号：12128012,目视飞行直升机使用同一起飞着陆区起飞、着陆时，最低间隔标准应当符合如下规 定：先起飞、着陆的直升机离开起飞、着陆区之前、着陆的直升机（）。,A.可以进入起飞、着陆区,B.不得进入起飞、着陆区,C,可以开始下降高度,D.不得开始下降高度,,
1514,3512,12128013,第3512题	试题编号：12128013,目视飞行直升机使用同一起飞着陆区起飞、着陆时，最低间隔标准应当符合如下规 定：起飞点与着陆点的间隔在（）m以上，起飞、着陆航线又不交叉时，（）同时 起飞、着陆。,A.	30,不得准许,B.	60,可以准许,C.	30,可以开始,D.	60,不得开始,,
1515,3513,12128014,第3513题	试题编号：12128014,直升机在停机坪上起飞和着陆时，与其他航空器、障碍物水平距离不小于（）1IU,A.	5,B.	10,C.	15,D.	20,,
1516,3514,12128015,第3514题 试题编号：12128015,直升机在停机坪上起飞和着陆时，在机场上空飞越障碍物的高度不得低于（）迎。,A.	10,B.	15,C.	20,D.	25,,
1517,3515,12128016,第3515题 试题编号：12128016,直升机在野外着陆、起飞时，通常应当预先选定和布置野外着陆场地，其场地应当选 择净空条件好、地势平坦坚实、（）适当的地带。,A.长度,B.宽度,C.坡度,D.高度,,
1518,3516,12128017,第3516题 试题编号：12128017,目视飞行直升机使用同一起飞着陆区起飞，着陆时，最低间隔标准应当符合如下规 定：起飞点与着陆点的间隔在（）in以上，起飞，着陆航线又不交叉时，（）同时 起飞，着陆。,A.	30:不得准许,B.	60；可以准许,C.	30:可以开始,D.	60；不得开始,,
1519,3517,12129001,第3517题 试题编号：12129001,目视进近是航空器驾驶员执行（）计划时保持能见飞向着陆机场的一种进近方式。,A.	6000m （含）,B.	6000m （不含）,C.	6600m （含）,D.	6600m （不含） 第3518题 试题编号：12129002,,
1520,3519,12129003,第3519题 试题编号：12129003,目视进近不同于起落航线飞行，（）设置复飞航段，航空器驾驶员不能完成（）进 近时，应当及时转为（）进近或者复飞，管制员应当提供必要的协助并为其配备符合 规定的间隔。,A.需要；目视；仪表,B.不需要；目视；仪表,C.需要；仪表；目视,D.不需要；仪表；目视,,
1521,3520,12129004,第3520题 试题编号：12129004,（）间隔与程序间隔、雷达间隔、（）间隔以及尾流间隔共同构成飞行间隔服务的 完整序列。,A.目视；RNP,B.仪表；RNP,C.目视；ADS-B,D.仪表；ADS-B,,
1522,3521,12129005,第3521题 试题编号：12129005,目视间隔和进近以（）为主、（）为辅；有效避免了因设备精度、管制技能、通话 干扰和仪表间隔造成的调配时机延误和飞行间隔浪费。,A.管制员监控；航空器驾驶员自主飞行,B.管制员指挥：航空器驾驶员自主飞行,C.航空器驾驶员自主飞行；管制员监控,D.航空器驾驶员自主飞行；管制员指挥,,
1523,3522,22129006,第3522题 试题编号：22129006,目视间隔是为航路、终端和塔台管制空域内飞行高度6000m （含）以下运行的航空器 配备的一种飞行间隔。,T,F,,,,
1524,3523,22129007,第3523题 试题编号：22129007,目视进近是航空器驾驶员执行仪表飞行规则计划时保持能见飞向着陆机场的一种进近 方式。,T,F,,,,
1525,3524,22129008,第3524题	试题编号：22129008,目视进近不同于起落航线飞行，需要设置复飞航段，航空器驾驶员不能完成目视进近 时，应当及时转为仪表进近或者复飞，管制员应当提供必要的协助并为其配备符合规 定的间隔。,T,F,,,,
1526,3525,22129009,第3525题	试题编号：22129009,目视间隔与程序间隔、雷达间隔、RNP间隔以及尾流间隔共同构成飞行间隔服务的完 整序列。,T,F,,,,
1527,3526,22129010,第3526题	试题编号：22129010,目视间隔和进近以航空器驾驶员自主飞行为主、管制员指挥为辅，有效避免了因设备 精度、管制技能、通话干扰和仪表间隔造成的调配时机延误和飞行间隔浪费。,T,F,,,,
1528,3527,12130001,第3527题	试题编号：12130001,塔台管制员能够持续目视能见两架相关航空器，且相关航空器间不存在尾流间隔影 响，或者前机不是（）时，塔台管制员可以为相关航空器之间配备目视间隔，此时目 视间隔责任由（）承担。,A.中型机：航空器驾驶员,B.中型机；管制员,C. B757；航空器驾驶员,D. B757；管制员,,
1529,3528,12130002,第3528题	试题编号：12130002,航空器驾驶员实施目视进近必须在（）保持对着陆机场或者前机的持续能见。,A.任何情况下都,B.起始进近段,C.中间进近段,D.最后进近段,,
1530,3529,12130003,第3529题	试题编号：12130003,航空器驾驶员实施目视进近时，着陆机场云底高应当大于或等于（）m,能见度应当 大于或等于（）km。,A.	300； 5,B.	600； 5,C.	300； 8,D.	600； 8,,
1531,3530,12130004,第3530题	试题编号：12130004,当着陆机场云高大于最低雷达引导高度（）皿以上，而且机场能见度大于（）km 时，管制员可以通过雷达引导航空器进行目视进近。,A.	120； 5,B.	150； 5,C.	120； 8,D.	150； 8,,
1532,3531,12130005,第3531题	试题编号：12130005,关于目视进近的实施，下列说法不正确的是（）。,A.如果可能，空中交通管制单位应当通过自动情报通播（ATIS）系统公布着陆机场的 进近运行方式,B.没有自动情报通播服务的机场，进近或者塔台管制员应当在机组首次联系时，主动 向航空器驾驶员通报着陆机场的运行方式和进近类型,C.双跑道或者多跑道同时■进近时，管制员应当通过明确的活动通报让机组清楚了解哪 架飞机是他要跟进的，避免发生混淆情况,D.在目视进近过程中，航空器驾驶员只可以沿盲降进近,,
1533,3532,12130006,第3532题	试题编号：12130006,飞行繁忙机场实施目视进近时，管制员可以雷达引导航空器飞向着陆机场，直至航空 器转向四边位置后再发布目视进近许可，航空器三转弯位置最好控制在五边（）km 以外，进近切入角度不大于（）度。,A.	8； 30,B.	8； 45,C.	10； 30,D.	10； 45,,
1534,3533,12130007,第3533题	试题编号：12130007,在空管指挥中，下列说法不正确的是（）。,A.如果管制员发现进近航空器无法满足落地间隔要求，或出现飞行活动冲突，应当立 即指挥航空器减速、机动飞行、中断进近或转向避让，并进行相关活动通报,B.当航空器驾驶员因观察位置或者距离原因无法目视前机但能够看见机场时，直到驾 驶员报告前机目视能见，管制员才可以为其发布目视进近许可,C.如果管制员发现进近航空器无法满足落地间隔要求，或出现飞行活动冲突，应当立 即指挥航空器减速、机动飞行、中断进近或转向避让，并进行相关活动通报,D.航空器驾驶员失去目视参考而无法完成目视进近时，管制员应当及时指挥航空器转 为仪表进近或者复飞，并为其配备符合规定的间隔,,
1535,3534,12130008,第3534题	试题编号：12130008,当平行跑道中的一条实施目视进近，其它跑道同时运行仪表进近时，如果航空器驾驶 员不愿实施目视进近，管制员应当为其与前机配备规定的仪表间隔，并为其与相邻跑 道仪表进近的航空器之间配备（）km以上的侧向间隔。,A.	3,B.	4,C.	5,D.	6,,
1536,3535,12130009,第3535题	试题编号：12130009,关于目视进近的实施，下列说法正确的是（）。,A.如果雷达引导天气标准不够，但着陆机场云高大于等于150m,能见度大于等于 5km,仍然可以实施目视进近,B.如果雷达引导天气标准不够，但着陆机场云高大于等于300m,能见度大于等于 5km,仍然可以实施目视进近,C.如果雷达引导天气标准不够，但着陆机场云高大于等于300m,能见度大于等于 4km,仍然可以实施目视进近,D.如果雷达引导天气标准不够，就不可以实施目视进近 第3536题 试题编号：12130010,,
1537,3537,12130011,第3537题	试题编号：12130011,在空管工作中，下列说法不正确的是（）。,A.管制员应当及时了解天气情况，一旦机场天气标准不能满足目视进近气象条件或者 出现多架航空器无法实施目视进近的情况，应当及时终止目视进近运行,B.平行跑道实施同时进近时，当空中交通管制单位指挥航空器在一条跑道上实施目视 进近，在其它跑道上只能实施仪表进近,C.目视间隔和进近运行受气象因素影响较大，当机场天气标准无法满足目视气象条件 时，跑道运行方式将由目视进近转变为仪表进近，飞行间隔标准也将由目视间隔增大 到仪表间隔,D.当起飞路径出现汇聚、交叉、对头等情况而无法满足保持目视间隔要求时，管制员 不得为连续起飞的航空器之间配备目视间隔,,
1538,3538,12130012,第3538题 试题编号：12130012,当起飞航空器之间因（）、（）和尾流影响等航空器性能因素而无法满足保持目视 间隔要求时，管制员不得为连续起飞的航空器之间配备目视间隔。,A.前重后轻，前快后慢,B.前重后中，前慢后快,C.前重后轻，前慢后快,D.前中后轻，前快后慢,,
1539,3539,12130013,第3539题	试题编号：12130013,关于目视进近的实施，下列说法不正确的是（）。,A.管制员雷达引导航空器实施目视进近时，应当为同一跑道运行的航空器之间配备规 定的雷达或者尾流间隔，直到航空器驾驶员看到前机并接受目视间隔,B.接受目视进近许可的航空器驾驶员应当始终保持目视其它相关航空器，并通过有效 的目视观察方法和间隔保持技巧建立并保持安全的目视间隔,C.终端或者进近管制员发布目视进近许可后，应当在该航班的进程单或者雷达标牌上 标注“V”，以区别于其它进近类型航空器,D.当着陆机场气象条件符合目视进近运行标准时，管制员方可以向航空器驾驶员发布 目视进近许可,,
1540,3540,22130014,第3540题	试题编号：22130014,航空器驾驶员实施目视进近时必须在最后进近段保持对着陆机场或者前机的持续能 见。,T,F,,,,
1541,3541,22130015,第3541题	试题编号：22130015,航空器驾驶员实施目视进近时，着陆机场云底高应当大于或等于300m,能见度应当大 于或等于5km。,T,F,,,,
1542,3542,22130016,第3542题	试题编号：22130016,如果目的地机场没有天气情报服务，即使航空器驾驶员报告能够保持目视下降并飞向 着陆机场时，管制员仍然不可以许可航空器驾驶员实施目视进近。,T,F,,,,
1543,3543,22130017,第3543题	试题编号：22130017,当着陆机场云高大于最低雷达引导高度1501n以上，而且机场能见度大于5km时，管制 员可以通过雷达引导航空器进行目视进近。,T,,,,,
1544,3544,22130018,第3544题 试题编号：22130018,如果雷达引导天气标准不够，但着陆机场云高大于等于300m,能见度大于等于4km, 仍然可以实施目视进近。,T,F,,,,
1545,3545,22130019,第3545题 试题编号：22130019,平行跑道实施同时进近时，当空中交通管制单位指挥航空器在一条跑道上实施目视进 近，在其它跑道上只能实施仪表进近。,T,F,,,,
1546,3546,12130020,第3546题 试题编号：12130020,车辆在航空器活动区行驶时，当遇有航空器滑行或被拖行时，车辆应在航空器一侧安 全距离外避让，不得在滑行的航空器前（）米内穿行或（）米内尾随、穿行。,A.	100； 50,B.	200； 50,C.	100； 75,D.	200； 75,,
1547,3547,12131001,第3547题 试题编号：12131001,当出现大风及其他不利气候条件时，应当增加对()的巡视检查次数，发现问题应当及 时处理。影响运行安全时，应当及时报告空中交通管理部门和其他相关部门，并发布 ()。,A.排水系统；航行通告,B.飞行区；航行通告,C.跑道；大风预告,D.升降带；大风预告,,
1548,3548,12131002,第3548题	试题编号：12131002,巡视检查的车辆应当安装()旋转灯标，并在检查期间始终开启。检查人员应当穿反 光背心或外套。,A.黄色,B.红色,C.白色,D.绿色,,
1549,3549,12131003,第3549题	试题编号：12131003,巡视检查期间，下车检查时，检查人员离开车辆的距离不得超过(),随身携带对讲 机，检查车辆应当处于()状态。,A.	50迎；运行,B.	100m；运行,C.	100m；停止,D.	50m；停止,,
1550,3550,12131004,第3550题	试题编号：12131004,当塔台管制员发现与飞行区巡查人员通信联系中断时，应当立即按照()的处置程序 执行。,A.告警情况,B.遇险情况,C.不明情况,D.紧急情况,,
1551,3551,12131005,第3551题	试题编号：12131005,跑道日航空器着陆架次大于210架次的，测试跑道摩擦系数的频率应当不少于()。,A.每周一次,B.每两周一次,C.每月一次,D.每半年一次,,
1552,3552,12131006,第3552题 试题编号：12131006,跑道日航空器着陆架次为151至210架次的，测试跑道摩擦系数的频率应当不少于 ()。,A.每周一次,B.每两周一次,C.每月一次,D.每半年一次,,
1553,3553,12131007,第3553题 试题编号：12131007,跑道日航空器着陆架次为91至150架次的，测试跑道摩擦系数的频率应当不少于 ()。,A.每周一次,B.每两周一次,C.每月一次,D.每半年一次,,
1554,3554,12131008,第3554题 试题编号：12131008,跑道日航空器着陆架次为31至90架次的，测试跑道摩擦系数的频率应当不少于 ()。,A.每周一次,B.每两周一次,C.每三个月一次,D.每半年一次,,
1555,3555,12131009,第3555题 试题编号：12131009,跑道日航空器着陆架次为16至30架次的，测试跑道摩擦系数的频率应当不少于 ()。,A.每周一次,B.每两周一次,C.每三个月一次,D.每半年一次,,
1556,3556,12131010,第3556题 试题编号：12131010,跑道日航空器着陆架次为15次以下的，测试跑道摩擦系数的频率应当不少于()。,A.每周一次,B.每两周一次,C.每三个月一次,D.每年一次,,
1557,3557,12131011,第3557题 试题编号：12131011,当出现()情况后，机场管理机构不必立即测试跑道摩擦系数。,A.遇大雨或者跑道结冰、积雪,B.在跑道上施洒除冰液或颗粒,C.航空器偏出、冲出跑道,D.跑道积水超过5mni,,
1558,3558,12131012,第3558题 试题编号：12131012,没有配备跑道摩擦系数测试设备的机场，当跑道上有积雪时，应当向塔台管制员通报 积雪的种类(干雪、湿雪、雪浆和压实的雪)和厚度。航空器能否起降由()决定。,A.管制员,B.签派人员,C.飞行机组,D.性能人员,,
1559,3559,12131013,第3559题 试题编号：12131013,建立跑道、滑行道巡视检查工作制度和协调机制应当包括()巡视检查的次数和时 间。,A.每周,B.每月,C.每年,D.每日,,
1560,3560,12131014,第3560题 试题编号：12131014,每日跑道开放使用前，机场管理机构应当对跑道进行()次全面检查。当每条跑道日 着陆大于15架次时，还应当进行中间检查，并不应小于()次。,A. 2； 3,B. 3； 4,C. 1； 3,D. 4； 4,,
1561,3561,12131015,第3561题 试题编号：12131015,对跑道实施检查时，检查方向应当与航空器起飞或着陆的方向()。采用驾车方式检 查时，除驾驶员外车辆上应当至少有一名专业检查人员，并且车速不得大于()公里/ 小时。,A.相反；45,B.相同；45,C.相反；50,D.相同；50,,
1562,3562,12131016,第3562题 试题编号：12131016,在实施机场低能见度程序运行时，（）进行常规巡视检查。,A.可以对跑道和滑行道,B.可以对跑道，不可以对滑行道,C.可以对滑行道，不得对跑道,D.不得对跑道、滑行道,,
1563,3563,12131017,第3563题 试题编号：12131017,在巡视检查过程中发现（）情况时，应当立即停止该跑道的使用。,A.跑道出现直径（长边）大于5cm的掉块的；,B.跑道道面断裂，包括整块板或局部，并出现错台或局部松动的,C,跑道道面断裂，包括整块板及局部，但不出现错台，板块不松动的,D.跑道出现直径（长边）小于12cm的掉块，但深度小于7cm且坡度不大于45度角的 破损的,,
1564,3564,12131018,第3564题 试题编号：12131018,当跑道上有积雪或者局部结冰时，如跑道摩擦系数低于（），应当关闭跑道。,A.	0.3,B.	0.35,C.	0.4,D.	0.45,,
1565,3565,12131019,第3565题 试题编号：12131019,跑道开放运行期间下雪时，应当根据雪情确定测试跑道摩擦系数的时间间隔，并及时 对跑道进行除冰雪作业，保证跑道摩擦系数不低于0。,A.	0.3,B.	0.35,C.	0.4,D.	0.45,,
1566,3566,22131020,第3566题 试题编号：22131020,当跑道、滑行道、机坪上有外来物或者其他异常情况时，机场管理机构应对上述区域 进行检查。,T,F,,,,
1567,3567,22131021,第3567题 试题编号：22131021,未经塔台管制员许可，任何人员、车辆不得进入运行中的跑道、滑行道。,,,,,,
1568,3568,22131022,第3568题	试题编号：22131022,在跑道、滑行道或其附近区域进行不停航施工，施工车辆、人员需要通过正在对航空 器开放使用的道面时，应当增加道面检查次数，确保不因外来物影响飞行安全，并应 当制定具体措施，确保施工车辆、人员不影响航空器的正常运行。,T,F,,,,
1569,3569,22131023,第3569题	试题编号：22131023,每季度应当对跑道、滑行道和机坪的铺筑面进行一次全面的步行检查。,T,,,,,
1570,3570,22131024,第3570题 试题编号：22131024,检查人员再次进入跑道之前应当再次申请并获得塔台管制员的许可。 T,F,,,,,
1571,3571,22131025,第3571题 试题编号：22131025,检查人员在进入跑道、滑行道之前，应当得到塔台管制员的许可。,T,F,,,,
1572,3572,22131026,第3572题 试题编号：22131026,机场管理机构应当定期测试跑道摩擦系数,T,F,,,,
1573,3573,22131027,第3573题 试题编号：22131027,跑道表面摩擦系数不得低于《民用机场飞行区技术标准》中规定的维护规划值。,T,F,,,,
1574,3574,22131028,第3574题 试题编号：22131028,跑道表面摩擦系数应当包括跑道每三分之一段的数值及跑道全长的平均值，并依航空 器进近方向依次公布。,,,,,,
1575,3575,22131029,第3575题	试题编号：22131029,每日应当至少对滑行道、机坪、升降带、跑道端安全地区、飞行区围界、巡场路巡视 检查至少3次。,T,F,,,,
1576,3576,22131030,第3576题	试题编号：22131030,以连续50米长道面的摩擦系数为评价指标的，在表面摩擦系数低于维护规划值或者测 试曲线显示跑道多处存在表面摩擦系数(累计长度大于50米)低于最小的摩阻值时， 机场管理机构应当立即采取措施改善道面摩阻特性。,T,F,,,,
1577,3577,22131031,第3577题	试题编号：22131031,跑道日航空器着陆10架次以上的机场，应当配备跑道摩擦系数测试设备进行测试。,T,F,,,,
1578,3578,12131032,第3578题	试题编号：12131032,跑道开放运行期间，进入地面保护区或者机动区的车辆和人员应当向塔台管制员进行 申请，报告内容不包括()。,A.车辆大小,B.当前等待位置,C.预计行驶路线,D.预计滞留时间,,
1579,3579,22131033,第3579题	试题编号：22131033,跑道开放运行期间，进入地面保护区或者机动区的车辆和人员应当向塔台管制员进行 申请，塔台管制员发布进入许可后，可直接进入。,T,F,,,,
1580,3580,22131034,第3580题	试题编号：22131034,管制单位收到机场管理机构关于禁止航空器起降、关闭跑道的通知时，无需立即暂停 航空器起降。,T,F,,,,
1581,3581,22131035,第3581题	试题编号：22131035,当管制单位收到航空器驾驶员报告，反映跑道刹车效应低于机场管理机构提供的跑道 表面状况，且未达到“差”或“极差”时，管制单位应当立即核实。,T,F,,,,
1582,3582,12131036,第3582题	试题编号：12131036,在滑行道或机位滑行通道上设置“MAX SPAN”（最大翼展）标志有助于防止飞机误滑，此标志属于（）标志。,A.信息,B.强制性指令,C.等待位置,D.引导,,
1583,3583,12131037,第3583题	试题编号：12131037,净空道可包含在（）。,A.可用着陆距离,B.起飞可用距离,C.起飞滑跑可用距离,D.加速停止可用距离,,
1584,3584,12132001,第3584题	试题编号：12132001,下列描述中，。不属于跑道侵入。,A.航空器或者车辆穿越跑道等待位置标志,B.航空器从尚未脱离跑道的航空器或者车辆的后方通过,C,航空器或者车辆从正在着陆的航空器的前方穿越,D.前机着陆飞越跑道入口后，指示跑道外航空器进入跑道等待,,
1585,3585,12132002,第3585题	试题编号：12132002,下列描述中，（）属于跑道侵入。,A.同一位置连续起飞航空器，前机滑跑后，允许后机进入跑道等待,B.航空器或者车辆穿越跑道等待位置标志,C.前机着陆飞越跑道入口后，指示跑道外航空器进入跑道等待,D.前机起飞抬前轮后，向跟进落地的后机发布着陆许可,,
1586,3586,22132003,第3586题	试题编号：22132003,在跑道侵入预防中，除非涉及穿越跑道时，否则管制员无须对跑道运行情况进行持续 有效地观察。,T,F,,,,
1587,3587,22132004,第3587题	试题编号：22132004,航空器或者车辆穿越跑道等待位置标志属于跑道侵入。,T,F,,,,
1588,3588,22132005,第3588题	试题编号：22132005,航空器从尚未脱离跑道的航空器或者车辆的后方通过属于跑道侵入。,T,,,,,
1589,3589,22132006,第3589题	试题编号：22132006,越，可以允许地面航空器穿越同一跑道。,T,F,,,,
1590,3590,12132007,第3590题	试题编号：12132007,根据事件的严重程度，跑道侵入分为()类。,A.	3,B.	4,C.	5,D.	6,,
1591,3591,12132008,第3591题	试题编号：12132008,在发布着陆许可后，塔台管制员得知跑道上或者跑道附近有可能危害起飞或者降落航空 器安全的障碍,或者已经发生以及即将发生侵入跑道的事件时,应当首先采取的措施是: (),A.立即通知相关责任领导,B.指挥降落的航空器复飞或者中断进近,C.通知航空器出现跑道侵入或者跑道上有障碍以及障碍在跑道上的位置,D.通知相关管制单位和部门,,
1592,3592,22132009,第3592题	试题编号：22132009,在跑道有飞行活动期间，禁止在跑道端之外300米以内、跑道中心线两侧75米以内的 区域进行任何施工作业。,,,,,,
1593,3593,22132010,第3593题	试题编号：22132010,在跑道端之外300米以内、跑道中心线两侧75米以内的区域进行的任何施工作业，在 航空器起飞、着陆前15min,施工单位应当完成清理施工现场的工作，包括填平、夯 实沟坑以及其他等效措施，将人员、机具、车辆全部撤离施工区域。,T,F,,,,
1594,3594,12133001,第3594题	试题编号：12133001,*A380-800尾流等级用字母()表示。,A. H,B. J,C. S,D. M,,
1595,3595,12133002,第3595题	试题编号：12133002,*A380机型机组与管制员首次联系时首次联系时，飞行员必须在其航班呼号后加()内 容。,A. ultra,B. extra,C. super,D. very,,
1596,3596,12133003,第3596题	试题编号：12133003,使用同一跑道连续进近着陆航空器之间，若前机为A380-800,后机分别为中型机、轻 型机，所需的非雷达尾流间隔分别为()分钟。,A. 3； 4,B. 3； 3,C 2； 3,D. 3； 5,,
1597,3597,12133004,第3597题	试题编号：12133004,使用同一跑道全跑道连续起飞航空器之间，若前机为A380-800,后机分别为其它重型 机、中型机、轻型机，所需的非雷达尾流间隔分别为()分钟。,A.	2；	3；	4,B.	2；	3；	3,C.	2；	4；	5,D.	3；	4；	5,,
1598,3598,12133005,第3598题	试题编号：12133005,前后起飞离场或进近着陆的航空器，若前机为A380-800,后机分别为其它重型机、中 型机、轻型机时，其雷达尾流间隔分别为（）千米。,A. 9,3； 11. 1； 13,B. 9.3； 13； 14.8,C. 11. 1； 13； 14.8,D. 7.4； 9.3； 11. 1,,
