1,1,10101001,第1题 试题编号：10101001,标准大气条件下的平均海平面温度是()。,0℃,10℃,15℃,25℃,C,13
2,2,10101002,第2题	试题编号：10101002,标准大气条件下，11KM以下的气温直减率是()。,0.65℃/100m,1.0℃/100m,-0.1℃/100m,是一个变化的量,A,
3,3,10101003,第3题	试题编号：10101003,对流层的一个特征是()。,包含大气中的全部水汽,总体上,随着高度的升高温度下降,气象要素水平分布无变化,随着高度的升高温度上升,B,
4,4,10101004,第4题		试题编号：10101004,对流层顶的特征是()。,气温直减率＞1℃/100m,对流层上部,厚度在1km左右,气温直减率≤0,有较强烈的湍流,气流运行极不平稳,在空中3km左右气温直减率＞0,B,
5,5,10101005,第5题		试题编号：10101005,当飞机保持一定的高度飞行，在穿过对流层进入平流层时，气温会()。,降低,升高,无变化,先降低后升高,B,
6,6,10101006,第6题	试题编号：10101006,对流层空气热量的主要来源是()辐射。,空气吸收太阳,二氧化碳和水汽吸收太阳,臭氧吸收太阳,空气吸收地面,D,
7,7,10101007,第7题	试题编号：10101007,中纬度地区对流层上界的高度通常是()。,8~9km,10~12km,15~17km,17~18km,B,
8,8,10101008,第8题	试题编号：10101008,中纬度地区对流层上界的高度通常是()删除。,,,,,null,
9,9,10101009,第9题	试题编号：10101009,大气处于标准状态时，离海平面8000m高度上的气温是。,-37℃,-48℃,-52℃,-65℃,A,
10,10,20101010,第10题	试题编号：20101010,标准大气条件下的平均海平面温度是15℃,T,F,,,T,
11,11,20101011,第11题	试题编号：20101011,当飞机保持一定的高度飞行，在穿过对流层进入平流层时，气温会升高。,T,F,,,T,
12,12,20101012,第12题	试题编号：20101012,在标准大气中飞机在空中测得的气温是-24℃,则飞机所在高度是3000m。,T,F,,,F,
13,13,10102001,第13题	试题编号：10102001,某地点的海拔高度是指()。,该点到机场平面的距离,该点到平均海平面的垂直距离,该点到1013hpa气压面的垂直距离,该点上的气压高度表拨到QFE指针指示的高度,B,
14,14,10102002,第14题	试题编号：10102002,航路飞行中，高度表的气压基准面是()。,QFE,QNH,QNE,海平面气压面,C,
15,15,10102003,第15题	试题编号：10102003,飞机停在跑道上，当气压值调到场压时，气压高度表一般看作指示()，实际上指示 ()。,场面高度,座舱高度,零高度,座舱高度,标准海压高度,修正高度,零高度,零点高度,B,
16,16,10102004,第16题	试题编号：10102004,飞机停在跑道上,当气压值调到修正海压时,气压高度表一般看作指示(),实际上指示()。,零高度,零高度加座舱高度,场面高度,场面高度加座舱高度,机场标高,机场标高加座舱高度,零点高度,零点高度加座舱高度,C,
17,17,10102005,第17题	试题编号：10102005,假定零点高度是()。,本站气压值与标准海平面气压值的差值,本站气压值与海平面气压值的差值,场面气压值与海平面气压值的差值,场面气压值与标准海平面气压值的差值,D,
18,18,10102006,第18题	试题编号：10102006,飞行速度一定时，空气密度越大，则()。,升力越大,升力越小,所需推力越小,发动机输出功率越小,A,
19,19,10102007,第19题	试题编号：10102007,一天中最低气温出现在()。,地方时上午10点左右,大约日出前一小时,午夜,地方时下午4时左右,B,
20,20,10102008,第20题	试题编号：10102008,地球上发生天气变化最直接的原因是()。,太阳黑子的活动,海岸线走向的改变,空气湿度的增加,气压的改变,D,
21,21,10102009,第21题	试题编号：10102009,QNH表示()。,场压,修正海平面气压,实际气压,本站气压,B,
22,22,10102010,第22题	试题编号：10102010,()是描述低压延伸出的狭长区域。,槽,飓风或台风,飕线,鞍,A,
23,23,10102011,第23题	试题编号：10102011,空气在上升、下沉过程中，仅由于外界压力改变而导致空气温度改变的变化称为 ()。,等温,非绝热变化,逆温,绝热变化,D,
24,24,10102012,第24题	试题编号：10102012,反气旋指的是()。,静风区,高压区,低压区,急流区,B,
25,25,10102013,第25题	试题编号：10102013,当气温升高时，首先引起()。,相对湿度增大,相对湿度减小,水汽含量增加,水汽含量减少,B,
26,26,10102014,第26题	试题编号：10102014,空中槽是指()。,A.空中低压伸出来的狭长区域,B.空中高压伸出来的狭长区域,C.空中高压至低压的连线部分,D.空中均压区,A,
27,27,10102015,第27题	试题编号：10102015,修正海平面气压是指()。,把标准大气场面气压值,按标准大气条件修正到海平面上的气压值,把场面气压按实际大气条件修正到海平面上的气压值,把场面气压按标准大气条件修正到海平面上的气压值,把标准大气场面气压值,按实际大气条件修正到海平面上的气压值,C,
28,28,10102016,第28题	试题编号：10102016,当飞机按气压式高度表保持一定高度飞向低压区时，其实际高度的变化是()。,逐渐变低,逐渐变高,先变低,后变高,先变高,后变低,A,
29,29,10102017,第29题	试题编号：10102017,飞机进入较强下降气流和上升气流区时，高度指示会分别比实际高度()。,偏高、偏低,偏高、偏高,偏低、偏高,偏低、偏低,A,
30,30,10102018,第30题	试题编号：10102018,在高原机场，飞机在进近下降的过程中，气压高度表指示()高度。,零点,标准气压,修正海平面气压,B或C,C,
31,31,10102019,第31题	试题编号：10102019,下列因素中不利于增加起飞重量的有()。,使用下坡跑道,使用大角度襟翼,高温天气,逆风起飞,C,
32,32,10102020,第32题	试题编号：10102020,两个高压与两个低压所夹区域称为()气压区。,鞍形,高压,低压,均压区,A,
33,33,10102021,第33题	试题编号：10102021,上坡时，未饱和湿空气绝热冷却的近似速率是()。,0.65℃/100m,1℃/100m,0.5℃/100m,0.1℃/100m,B,
34,34,10102022,第34题	试题编号：10102022,()定为本站气压。,高度表拨正值,在机场标高上的标准大气压力,本站气压订正到海平面上的气压值,在机场标高上的实际压力,D,
35,35,10102023,第35题	试题编号：10102023,()会引起空气块的非绝热变化。,空气块做快速上升下沉运动,空气块贴地水平运动,降水,雷雨,B,
36,36,10102024,第36题	试题编号：10102024,当空气块绝热下沉时,其温度会升高,原因是()的结果。,外界对空气块压缩做功产生热量,空气中水汽蒸发释放潜热,空气分子剧烈摩擦产生热量,气块膨胀对外界做功,A,
37,37,10102025,第37题	试题编号：10102025,饱和水汽压的大小表示空气()。,所含水汽部分的压强,含水汽量的多少,的饱和程度,含水汽的能力,D,
38,38,10102026,第38题	试题编号：10102026,相对湿度的大小表示空气()。,的含水汽量,的饱和程度,中所含水气的密度,包含水汽的能力,B,
39,39,10102027,第39题	试题编号：10102027,当机场的场压为1010.2hpa,而机长误调为1001.2hpa时,飞机实际进场高度()。,偏高,偏低,可能偏高,也可能偏低,没影响,A,
40,40,10102028,第40题	试题编号：10102028,在空中，如果实际温度比标准大气温度高，那么()。,标准大气气压高度比实际气压高度高,标准大气气压高度比实际气压高度低,标准大气气压高度和实际气压高度相等,标准大气气压高度和实际气压高度无法比较,B,
41,41,10102029,第41题	试题编号：10102029,地面温度为25℃,露点温度为12℃,一空气块从地面上升达到饱和时的高度是()。,825m,1625m,2800m,650m,B,
42,42,20102030,第42题	试题编号：20102030,气压高度表是一个高灵敏度的空盒气压表,它是根据气压随高度递增的规律来显示飞行高度。,T,F,,,F,
43,43,20102031,第43题	试题编号：20102031,标准大气中3km、5.5km以及11km高度处的气压值分别是850hPa；500hPa；300hPa。,T,F,,,F,
44,44,20102032,第44题	试题编号：20102032,当气温升高时,航空器的起飞重量会增加,滑跑距离会缩短。,T,F,,,F,
45,45,20102033,第45题	试题编号：20102033,飞机的载重量受气温变化的影响很大,当气温高于标准大气温度时,空气密度变小,产生的升力也小,因而载重量减小,反之低于标准大气温度时,载重量增加。,T,F,,,T,
46,46,20102034,第46题	试题编号：20102034,飞机起飞(降落)前,要根据起飞(降落)机场的修正海压调整高度表,这时高度表表示的是相对于起飞（降落）机场的高度加上机场标高,航线飞行中,则要按照标准海平面气压调整高度表,以避免飞机在空中相撞。,T,F,,,T,
47,47,10103001,第47题	试题编号：10103001,用风向袋估计风速时，如风袋被吹平，则风速可达（）m/s.,5—6,10—12,15—20,20—25,B,
48,48,10103002,第48题	试题编号：10103002,山谷风规律是()。,白天近地层的风由谷底吹向山坡,夜间由山坡吹向谷底,白天近地层的风由山坡吹向谷底,夜间由谷底吹向山坡,白天由高压吹向低压区,夜间由低压吹向高压区,白天由低压吹向高压区,夜间由高压吹向低压区,A,
49,49,10103003,第49题	试题编号：10103003,海陆风规律是()。,白天由高压吹向低压区,夜间由低压吹向高压区,白天由低压吹向高压区,夜间由高压吹向低压区,白天近地层的风由陆地吹向海洋,夜间由海洋吹向陆地,白天近地层的风由海洋吹向陆地,夜间由陆地吹向海洋,D,
50,50,10103004,第50题	试题编号：10103004,空气沿山的背风坡下降时,空气会变得()。,干燥、温暖,潮湿、温暖,干燥、寒冷,潮湿、寒冷,A,
51,51,10103005,第51题	试题编号：10103005,当地面图上风力达到()m/s时标志大风标记。,8,12,16,20,B,
52,52,10103006,第52题	试题编号：10103006,大风是由()原因造成的。,寒潮,热带气旋,雷雨,以上均正确,D,
53,53,10103007,第53题	试题编号：10103007,在理论上,()地区的地转偏向力对风向无影响。,极地,中纬度,赤道,高纬度,C,
54,54,10103008,第54题	试题编号：10103008,在南半球地转偏向力对风向的影响是。,使风绕低压顺时针方向旋转,使风绕高压顺时针方向旋转,使风绕低压逆时针方向旋转,使其右偏,A,
55,55,10103009,第55题	试题编号：10103009,在北半球离地8000m上空飞行时,如果航线上是逆风,则高压区在航线的()。,右前方,左后方,左侧,右侧,C,
56,56,10103010,第56题	试题编号：10103010,地面风具有明显日变化的主要原因是()。,动量下传,摩擦力的变化,水汽含量的变化,地转偏向力的变化,A,
57,57,10103011,第57题	试题编号：10103011,北半球航空器由高压区飞往低压区,则航线上应吹()。,右侧风,顺风,左侧风,逆风,C,
58,58,10103012,第58题	试题编号：10103012,在摩擦层中,风会穿越等压线由高压流向低压,原因是摩擦导致()。,风速减小引起地转偏向力的减小,风速减小引起气压梯度力的减小,湍流的增加,风速加大引起地转偏向力的减小,A,
59,59,10103013,第59题	试题编号：10103013,自由大气中,风随高度变化的主要原因是()。,气温随高度的变化,气温的水平差异,气压随高度的变化,摩擦力随高度的变化,B,
60,60,10103014,第60题	试题编号：10103014,近地面层风从早上到午后的日变化规律是风向()。,左偏转,风速增大,右偏转,风速减小,右偏转,风速增大,左偏转,风速减小,C,
61,61,10103015,第61题	试题编号：10103015,在北半球,根据摩擦层中风随高度变化的规律判断,若航空器在开始进近着陆时是逆风,接地时则会遇到()。,左侧逆风,右侧逆风,顺风,右侧风,A,
62,62,20103016,第62题	试题编号：20103016,只要情况允许,应选择在顺风或顺侧风高度上飞行,以增大航程或节省飞行时间和燃料。,T,F,,,T,
63,63,20103017,第63题	试题编号：20103017,飞机的起飞和着陆,通常都在顺风条件下进行,因为顺风能使离地速度和接地速度减小,因而,缩短飞机起飞和着陆的滑跑距离。,T,F,,,F,
64,64,20103018,第64题	试题编号：20103018,飞机的起飞和着陆,应尽量在逆风条件下进行,因为这样可以使离地速度和着陆速度减小,能缩短飞机起飞滑跑距离和着陆距离。,T,F,,,T,
65,65,20103019,第65题	试题编号：20103019,气象上的风向指风的来向,90°的风,指的是向东吹去的风。,T,F,,,F,
66,66,20103020,第66题	试题编号：20103020,风速对不同空速的飞机的影响是不同的,高速飞行时受风的影响相对较大。,T,F,,,F,
67,67,20103021,第67题	试题编号：20103021,当跑道侧风在航空器侧风标准附近时,是否起飞或着陆,由管制员根据机型自行决定。,T,F,,,F,
68,68,20103022,第68题	试题编号：20103022,各种类型的飞机都有其起飞着陆所容许的最大侧风值,其大小与飞机结构特点及机翼单位面积负荷有关。,T,F,,,T,
69,69,10104001,第69题	试题编号：10104001,在逆温层中,温度随高度升高而。,升高,降低,不变,不一定,A,
70,70,10104002,第70题	试题编号：10104002,逆温出现时会导致()的情况。,整层稳定度增加,整层稳定度减小,强烈的垂直运动,积雨云出现,A,
71,71,10104003,第71题	试题编号：10104003,平/回流逆温,发生在()。,冬、春季从海上来的暖空气流经的冷地表上,从高纬度来的冷空气流经的地表上,冬、春季从陆地上来的冷空气流到海面上,从高压流向低压的气流中,A,
72,72,10104004,第72题	试题编号：10104004,()是指气层内某一气块受垂直方面的扰动后,返回或远离原平衡位置的趋势和程度。,大气稳定度,不稳定能量,对流,乱流,A,
73,73,10104005,第73题	试题编号：10104005,空气剧烈的垂直运动称()。,乱流,对流,风,湍流,B,
74,74,10104006,第74题	试题编号：10104006,对飞行影响最大的垂直运动是()。,强对流,系统性缓慢抬升,乱流,大气波动,A,
75,75,10104007,第75题	试题编号：10104007,有充沛水汽的近地面层，出现逆温时的特征是()。,将有强对流发生,能见度变坏,大气不稳定度增加,有积雨云出现,B,
76,76,10104008,第76题	试题编号：10104008,如果随高度升高,大气温度保持不变或有微升,说明气团是()。,含水汽量很大,不稳定的,中性稳定的,稳定的,D,
77,77,10104009,第77题	试题编号：10104009,()可确定大气稳定度。,温度对数压力图表(T-LnP图)中的不稳定能量区域的大小,地面天气图,观测站报告的场压、风、湿度、温度,重要天气报告,A,
78,78,10104010,第78题	试题编号：10104010,在低空逆温层下,当相对湿度较高时,常会出现什么样的天气()。,平稳的气流和因雾、霾或低云而造成的低能见度,弱风切变和因下雨而造成的低能见度,颠簸气流和因雾、低的层云和阵雨而造成的低能见度,波动气流,有层积云和间歇性小雨,A,
79,79,10104011,第79题	试题编号：10104011,逆温层常发生在()。,急流内,对流云系下方,盛夏近地面层中的干热地表上空,西风带中,C,
80,80,10104012,第80题	试题编号：10104012,处于稳定状态气层中的空气块()。,做下沉运动时,其内部温度会低于环境温度,做上升运动时,其内部温度会高于环境温度,做上升运动时,其内部温度会低于环境温度,在上升下沉过程中气块内部温度始终保持不变,C,
81,81,20104013,第81题	试题编号：20104013,在逆温层中,温度随高度升高而升高。,T,F,,,T,
82,82,20104014,第82题	试题编号：20104014,有充沛水汽的近地面层,出现逆温时的特征是能见度变坏。,T,F,,,T,
83,83,20104015,第83题	试题编号：20104015,在低空逆温层下,当相对湿度较高时,常会出现波动气流,有层积云和间歇性小雨。,T,F,,,F,
84,84,10105001,第84题	试题编号：10105001,机场运行最低标准中的云高指()。,9000m以下遮蔽半个以上天空的最低云层底部离地面的高度,6000m以下遮蔽半个以上天空的最低云层底部离地面的高度,3000m以下遮蔽半个以上天空的最低云层底部离地面的高度,5000m以下遮蔽半个以上天空的最低云层底部离地面的高度,B,
85,85,10105002,第85题	试题编号：10105002,有云和碧空相比,云层的出现不利于()白天的气温和()夜间的气温。,提高,提高,降低,提高,降低,降低,提高,降低,D,
86,86,10105003,第86题	试题编号：10105003,降水产生的()影响飞机起飞和着陆。,碎雨云,卷云,层云,高云,A,
87,87,10105004,第87题	试题编号：10105004,在()高度上飞行常遇到高云和积雨云。,7000m,对流层顶以下,10000m,对流层顶以上,B,
88,88,10105005,第88题	试题编号：10105005,当云中温度()而云下温度高于0℃时,云内水凝物降落形成空中是雪而地面为雨的现象。,高于4℃,高于0℃,低于0℃,低于-4℃,C,
89,89,10105006,第89题	试题编号：10105006,形成积状云的垂直运动是()。,大气波动,系统性垂直运动,对流运动,大气乱流,C,
90,90,10105007,第90题	试题编号：10105007,某机场气象台观测的几种云的累积云量是:3Fn3005Fc5008Ns800,则该机场的总云量是()。,16,10,13,8,D,
91,91,10105008,第91题	试题编号：10105008,在下述何种云中飞行气流比较平稳()。,层积云和高积云,高积云和高层云,高层云和雨层云,层积云和淡积云,C,
92,92,10105009,第92题	试题编号：10105009,在不稳定层结下出现的天气现象是()。,连续性降水,阵性降水,层状云,雾,B,
93,93,10105010,第93题	试题编号：10105010,碎雨云和高积云的简写符号分别为()。,Fc,Ac,Fn,As,Fn,Sc,Fn,Ac,D,
94,94,10105011,第94题	试题编号：10105011,积状云中的降水是()。,连续性降水,间歇性降水,阵性降水,固态降水,C,
95,95,10105012,第95题	试题编号：10105012,波状云中的降水是()。,连续性降水,间歇性降水,阵性降水,固态降水,B,
96,96,10105013,第96题	试题编号：10105013,层状云中的降水是()。,连续性降水,间歇性降水,阵性降水,强降水,A,
97,97,10105014,第97题	试题编号：10105014,对飞行可能造成危害最大的云系是()。,波状云系,层状玄系,堡状云系,飑线云系,D,
98,98,10105015,第98题	试题编号：10105015,最容易产生航空器积冰的降水形态是()。,毛毛雨,阵雨,冻雨,霰,C,
99,99,10105016,第99题	试题编号：10105016,潮湿而不稳定的空气被迫沿山坡上升,所形成的云将是()。,卷状云,厚度不大,无乱流,层状云,有轻度乱流或无乱流,平行于山脉走向的静止的荚状云,积状云,垂直发展旺盛,有阵雨,D,
100,100,10105017,第100题	试题编号：10105017,下列何组云是按云底高度由高到低排列的()。,浓积云,卷层云,层积云,卷层云,高层云,雨层云,雨层云,高层云,层积云,卷积云,高积云,卷层云,B,
101,101,10105018,第101题	试题编号：10105018,云和降水的水平范围通常都很大的云是（）。,高层云和高积云,高积云和雨层云,雨层云和高层云,高层云和积雨云,C,
102,102,10105019,第102题	试题编号：10105019,飞行中遇到冰粒表明()。,在较高高度上有风切变,在较高高度上有锋区,在较高高度上有急流,航空器周围有雷暴活动,D,
103,103,10105020,第103题	试题编号：10105020,在很厚且没有得到详细云系分布资料的雨层云中做仪表飞行的最大危险是()。,闯入云中埋置的积雨云中,仪表指示失常,迷航,飞错高度层,A,
104,104,10105021,第104题	试题编号：10105021,()表明云中有过冷水存在。,冻雨,毛毛雨,阵雨,冰雹,A,
105,105,10105022,第105题	试题编号：10105022,与山地波相关的驻留云是()。,积状云,卷云,层状云,滚轴状云,D,
106,106,10105023,第106题	试题编号：10105023,()的云底高度经常低于100m。,St,Ns,Cb,Cs,A,
107,107,10105024,第107题	试题编号：10105024,产生阵性降水和间歇性降水的主要云状分别是()。,Cb、Ci,Tcu、Sc,Cb、Ns,Ns、Sc,B,
108,108,10105025,第108题	试题编号：10105025,从航空器上看到云顶明亮,说明云层()。,薄,厚,含水量小,含杂质多,B,
109,109,10105026,第109题	试题编号：10105026,如果天空出现堡状云,则说明()。,气层很不稳定,对流很强,气层很稳定,空中有逆温层,下部有对流发展,D,
110,110,10105027,第110题	试题编号：10105027,在下述何种降水中能见度最差()。,小雨,中雨,大雨,中雪,D,
111,111,10105028,第111题	试题编号：10105028,航空器爬升中遇到冻雨时,可认为()。,上层云中温度在冰点以上,云下温度在冰点以下,上层云中温度在冰点以下,云下温度在冰点以上,上层云中温度在冰点以下,云下温度在冰点以下,上层云中温度在冰点以上,云下温度在冰点以上,B,
112,112,10105029,第112题	试题编号；10105029,如果飞行中发生湿雪形式的降水则()。,飞行高度的温度在冰点以上,飞行高度以上云层温度在冰点以上,地面温度在冰点以下,地面温度在冰点以上,A,
113,113,10105030,第113题	试题编号：10105030,存在()时，说明空中有非常强烈的乱流。,淡积云,荚状云,积雨云,层云,C,
114,114,10105031,第114题	试题编号：10105031,高空风的大小会影响积雨云顶部形状,高空风大时以()积雨云为主。,鬃状,砧状,秃,浓,A,
115,115,20105032,第115题	试题编号：20105032,低云由于其云底高度较低，故对在高空飞行的大型飞机影响较小。,T,F,,,F,
116,116,20105033,第116题	试题编号：20105033,高层云和高积云都属于中云。,T,F,,,T,
117,117,20105034,第117题	试题编号：20105034,低云对飞行的影响不仅因为云所在高度低，而且还因为云底结构复杂。,T,F,,,T,
118,118,20105035,第118题	试题编号：20105035,误入浓积云可能会遭受冰雹的袭击。,T,F,,,F,
119,119,20105036,第119题	试题编号：20105036,如果上午出现堡状云，则午后有可能发展成积雨云。,T,F,,,T,
120,120,20105037,第120题	试题编号：20105037,我国低云出现最少的地区在东北。,T,F,,,F,
121,121,20105038,第121题	试题编号：20105038,我国总云量最多的地区在川黔一带。,T,F,,,T,
122,122,20105039,第122题	试题编号：20105039,在雨层云(NS)和高层云(AS)中，一般无积冰。,T,F,,,F,
123,123,10106001,第123题	试题编号：10106001,大气很干燥的春季,如有强大的冷空气南下,中国西北、华北地区常产生危害飞行的天气现象是()。,大风和沙尘暴天气,强降水,雾,云中积冰,A,
124,124,10106002,第124题	试题编号：10106002,在北半球的()，天气系统一般是自西向东移动的。,极地地区,温带地区,热带地区,赤道附近,B,
125,125,10106003,第125题	试题编号：10106003,按热力分类,气团可以分成()。,赤道、副热带气团,热带、副热带气团,冷、暖气团,北极、冰洋气团,C,
126,126,10106004,第126题	试题编号：10106004,副热带高压中心以晴空为主，而其南侧通常以()。,层状玄为主,积状云为主,晴空为主,卷云为主,B,
127,127,10106005,第127题	试题编号：10106005,当热带风暴发展成台风时,其中心风力可达()以上。,6级(12m/s),9级(21m/s),12级(33m/s),3级(12m/s),C,
128,128,10106006,第128题	试题编号：10106006,热带风暴在海上移行的距离愈长()。,发展得愈强盛,其强度愈弱,天气愈缓和,势力越弱,A,
129,129,10106007,第129题	试题编号：10106007,春秋两季控制我国的气团主要是()。,西伯利亚气团,热带大陆气团,西伯利亚和热带太平洋气团,极地冰洋气团,C,
130,130,10106008,第130题	试题编号：10106008,在北半球与低压区有关的空气环流是（）。,向内、向下和沿反时针方向,向外、向上和沿顺时针方向,向外、向下和沿顺时针方向,向内、向上和沿反时针方向,D,
131,131,10106009,第131题	试题编号：10106009,在赤道两旁的洋面上,气流受副高引导而形成()。,偏东风,偏西风,偏南风,偏北风,A,
132,132,10106010,第132题	试题编号：10106010,热低压位于()。,地面冷高压中,赤道辐合带中,干燥,阳光充裕的地表上空,副热带高压中,C,
133,133,10106011,第133题	试题编号：10106011,副热带高压西北部雷暴一般向()方向移动。,西北,东北,西,南,B,
134,134,10106012,第134题	试题编号：10106012,赤道辐合带中范围最大的云团是()。,季风云团,信风云团,爆米花云团,东风波,A,
135,135,10106013,第135题	试题编号：10106013,东风波是副热带高压南侧发展强盛的气旋性天气系统,其主要的特征是:()。,含有大范围强对流雷暴带,含有大量层状云,以晴空天气为主,高云为主,A,
136,136,10106014,第136题	试题编号：10106014,北半球近地面层,由于大气环流作用而形成的风带是赤道东风带、()、副极地东风带。,中纬度西风带,中纬度东风带,中纬度南风带,中纬度北风带,A,
137,137,10106015,第137题	试题编号：10106015,北半球近地面层，由于大气环流作用而形成的气压带是赤道低压带、()、副极地低 压带、极地高压带。,A.温带气旋带,B,副热带高压带,C.热带风暴带,D.副热带低压带,B,
138,138,10106016,第138题	试题编号：10106016,大尺度天气系统的水平范围约为()。,500~5000km,5000km以上,50〜500km,50km以下,A,
139,139,10106017,第139题	试题编号：10106017,一般而言,气团的水平范围为()。,几十千米到几百千米,几百千米到几千千米,几千千米到几万千米,几万千米以上,B,
140,140,10106018,第140题	试题编号：10106018,我国产生"春雨"或"秋雨"的重要原因是由于()碰撞引起。,冰洋气团和赤道气团,热带太平洋气团和西伯利亚气团,冰洋海洋气团和热带海洋气团,西伯利亚气团和赤道气团,B,
141,141,10106019,第141题	试题编号：10106019,在北纬30度至60度的范围内,受副热带高压带和副极地低压带的影响,形成()。,西风带,东风带,东北信风带,北风带,A,
142,142,10106020,第142题	试题编号：10106020,地面冷高压中空气运动的特点是()。,中心有下沉运动,低层有气流外流,中心有上升运动,低层有气流内流,中心有下沉运动,高层有气流外流,中心有上升运动,高层有气流外流,A,
143,143,10106021,第143题	试题编号：10106021,北半球航空器由西向东穿越槽线飞行时，风向一般会()。,由左侧风变为顶风,由左侧风变为右侧风,由右侧风变为左侧风,由右侧风变为顺风,B,
144,144,10106022,第144题	试题编号：10106022,当航空器在气压槽附近飞行时，由于温度梯度、风向变化引起航空器强烈颠簸时，应 当()以脱离颠簸区。,继续沿槽线飞行,加大速度飞行,改变高度层,向温度梯度大的区域飞行,C,
145,145,10106023,第145题	试题编号：10106023,气旋常生成在()。,锋面上,高空锋区的下方,海面上,冷暖气团之间,B,
146,146,10106024,第146题	试题编号：10106024,对台风移动路径影响最大的天气系统是()。,高空槽,副热带高压,冷锋,温带气旋,B,
147,147,10106025,第147题	试题编号：10106025,冬季侵入我国的西伯利亚气团将产生()天气。,满天层状云,晴空和辐射雾,积状云和雷暴,层积云,B,
148,148,10106026,第148题	试题编号：10106026,当热带风暴外围对流云带消失、热带风暴变圆时,通常预示其将()。,进一步加强,减弱消失,向东运动,向南运动,B,
149,149,20106027,第149题	试题编号：20106027,热带气旋加强时可以看到“眼”更加清晰或其周围的密蔽云区变得更加浓密。,T,F,,,T,
150,150,20106028,第150题	试题编号：20106028,在赤道两旁的洋面上,气流受副高引导而形成偏南风。,T,F,,,F,
151,151,20106029,第151题	试题编号：20106029,地面冷高压中空气运动的特点是中心有下沉运动，低层有气流外流。,T,F,,,T,
152,152,10107001,第152题	试题编号：10107001,在锋面两侧,下面何种气象要素的差异最大()。,风速,气压,空气湿度,气温,D,
153,153,10107002,第153题	试题编号：10107002,在下面各种锋中，锋面天气覆盖面积最广的是()。,冷锋,暖锋,静止锋,锢囚锋,C,
154,154,10107003,第154题	试题编号：10107003,根据冷锋的移动情况可将其分为()。,急行和缓行冷锋,静止和锢囚锋,急行和静止锋,缓行和锢囚锋,A,
155,155,10107004,第155题	试题编号：10107004,夏季,不稳定的急行冷锋中云系主体是()。,层积云,高积云,高层云,沿锋线排列的狭窄积雨云带,D,
156,156,10107005,第156题	试题编号：10107005,冷暖气团间温差最大的区域是()。,槽线附近,锋线附近,切变线附近,飓线附近,B,
157,157,10107006,第157题	试题编号：10107006,锋两侧风速的变化是:当穿越锋到冷区时风速会()。,减小,增大,不变,先增大后减小,B,
158,158,10107007,第158题	试题编号：10107007,哪种类型的天气与具有暖湿不稳定气团的发展中的暖锋有关()。,层状云,闪电,连续性降水,积状云,气流平稳,连续性降水,层状云中有积状云,乱流强,阵性降水,大风,积状云,强烈降温,C,
159,159,10107008,第159题	试题编号：10107008,影响飞行的恶劣天气,如有破坏性的大风,强烈的雷暴等,常与下述哪种天气系统相伴出现()。,快速移动的暖锋,缓慢移动的暖锋,缓行冷锋,急行冷锋,D,
160,160,10107009,第160题	试题编号：10107009,与暖锋有关的影响飞行的天气是()。,天气变化突然,辐射雾,大风,因降水蒸发而形成的雾,D,
161,161,10107010,第161题	试题编号：10107010,关于冷锋,下列说法中不正确的是()。,冷锋一年四季都有,尤其在冬半年更为常见,全国各地都能受其影响,冷锋过后气温降低,层状云中有积状云,乱流强,阵性降水,D,
162,162,10107011,第162题	试题编号：10107011,在()区域飞行,虽然无积雨云的影响,但可产生比较强烈的颠簸。,锋面气旋,热低压,温度梯度很大的,热带气旋,C,
163,163,10107012,第163题	试题编号：10107012,夏季,当报告江南某地区有锋生时,那个地区机场()。,风速加大、降水加强、气流不稳定,可能有埋置雷暴,天气将好转,会有高压区出现,有霾或烟出现,A,
164,164,10107013,第164题	试题编号：10107013,()属于急行冷锋引起的不稳定天气带。,热雷暴,切变线,槽线,飕线,D,
165,165,10107014,第165题	试题编号：10107014,空中锋区表现为温度梯度很大的等温线密集区域,当航空器沿温度梯度方向垂直穿越锋区时因()的改变常引起颠簸。,密度,风向,水汽量,云系,A,
166,166,10107015,第166题	试题编号：10107015,在稳定的暖风上由东北向西南飞行时，经过云系所排列的次序是()。,Ci-Cs-As-Ns,Cs-As-Ci-Ns,Ci-Cc-Ac-Ns,Ns-As-Cs-Ci,A,
167,167,10107016,第167题	试题编号：10107016,稳定的缓行冷锋来临时,所看到的层状云出现的次序是()。,Ci-Cs-As-Ns,As-Ns-Cs-Ci,Ci-As-Cs-Ns,Ns-As-Cs-Ci,D,
168,168,10107017,第168题	试题编号：10107017,稳定的急行冷锋来临时，所看到的层状云出现的次序是()。,Ci-As-Cs-Ns,As-Ns-Cs-Ci,Ci-Cs-As-Ns,Ns-As-Cs-Ci,C,
169,169,10107018,第169题	试题编号：10107018,机长在起飞前从天气图上看到,一条稳定的缓行冷锋正好移到他的目的地机场,他应想到,此时目的地机场的天气状况是()。,阴天,有小雨,湍流较弱,有积雨云,阵雨和大风,晴天,辐射雾和较弱的乱流,雨过天晴,偏北风和较强乱流,A,
170,170,10107019,第170题	试题编号：10107019,我国北方某机场正位于冷锋后的冷高压前沿,则该机场可能出现的天气是()。,晴天,有辐射雾,阴天,小雨和低云,平流雾,能见度极差,晴天,大风和风沙天气,D,
171,171,10107020,第171题	试题编号：10107020,稳定的缓行冷锋具有()的特征。,空中槽前倾,锋面坡度很大,强雷暴带,空中槽后倾,D,
172,172,10107021,第172题	试题编号：10107021,航空器在3000m以下水平穿越冷锋，由暖区进入冷区时()。,云系底高会由低变高,云系底高会由高变低,云系会越来越厚,气压会由高变低,A,
173,173,10107022,第173题	试题编号：10107022,()会引起地面冷锋移速加快。,冷空气由黄土高原进入华北地区,冷锋到达天山北麓,锋面开始锢囚,锋面到达华南沿海,A,
174,174,10107023,第174题	试题编号：10107023,()会引起锋面波动。,冷锋后部有新的冷空气侵入,冷锋到达华南沿海,开始锢囚的锋面,入海冷锋,A,
175,175,20107024,第175题	试题编号：20107024,向冷空气一侧移动的锋面是冷锋；向暖空气一侧移动的锋面是暖锋；24小时移动不超过1个纬距的是准静止锋。,T,F,,,F,
176,176,20107025,第176题	试题编号：20107025,在锋的两侧,常有明显的气温差、露点差,风呈气旋性切变,锋线大多处于明显的低压槽中。,T,F,,,T,
177,177,20107026,第177题	试题编号：20107026,在锋的两侧，通常冷气团内水汽较多，暖气团内水汽较少。,T,F,,,F,
178,178,20107027,第178题	试题编号：20107027,同一条冷锋，其锋线上的天气并不是处处相同。,T,F,,,T,
179,179,20107028,第179题	试题编号：20107028,暖锋附近颠簸强度比冷锋强。,T,F,,,F,
180,180,20107029,第180题	试题编号：20107029,若暖气团处于暖湿不稳定状态，则在锋面的层状云中常隐藏着积雨云。,T,F,,,T,
181,181,10108001,第181题	试题编号：10108001,航空器起飞着陆时使用跑道主要取决于()。,小于,等于,大于,二者不可比较,A,
182,183,10108003,第183题	试题编号：10108003,农业作业飞行的最低天气标准，平原地区是（）。,云高不低于100m,能见度不小于3km,云高不低于150m,能见度不小于5km,云高不低于200m,能见度不小于5km,云高不低于300m,能见度不小于5km,B,
183,184,10108004,第184题	试题编号：10108004,形成风沙的条件是存在强风和()。,强烈的风速切变,强烈的风向切变,干硬的土质,干松的土质,D,
184,185,10108005,第185题	试题编号：10108005,辐射雾是指地面辐射冷却使贴地层变冷而形成的雾,其形成的有利条件是()。,晴朗的夜间,有强烈的地面有效辐射,近地面气层水汽含量充沛,有稳定的温度层结,低层有微风和一定强度的湍流,以上全对,D,
185,186,10108006,第186题	试题编号：10108006,当跑道能见度低于()时进行RVR观测。,1500m,1000m,800m,550m,A,
186,187,10108007,第187题	试题编号：10108007,雾(FG)是指能见度()。,<800m,>1000m,<1000m,<10000m,C,
187,188,10108008,第188题	试题编号：10108008,轻雾表示能见度至少()。,2000m,1500m,1000m,800m,C,
188,189,10108009,第189题	试题编号：10108009,形成辐射雾的气象条件是()。,冬季在水汽丰沛的冷高压中心,有轻风的夜晚,阴云密布的傍晚,强对流活动区域的中心,夏季低压中心,带有强风的不稳定区,A,
189,190,10108010,第190题	试题编号：10108010,当降落站报告有大雾,机场能见度不好时,可认为()。,有胞线在机场上空活动,机场上空可能会发生雷暴,机场上空大气是不稳定的,机场上空大气是稳定的,D,
190,191,10108011,第191题	试题编号：10108011,()是形成上坡雾的必要条件。,空气潮湿,气层稳定、有缓慢一致的向山坡上运动的气流,空气干燥、气层极不稳定,潮湿、静风、降水,空气干燥、风速很小,A,
191,192,10108012,第192题	试题编号：10108012,平流雾是由()形成的。,辐射冷却,干冷空气流经暖而湿的下垫面,暖而湿的空气流经冷的下垫面逐渐冷却,暖湿空气上坡,C,
192,193,10108013,第193题	试题编号：10108013,雾的定义是:由于空气中含有大量水汽使能见度()。,小于1km的天气现象,为1到10km的天气现象,低于15km的天气现象,低于20km的天气现象,A,
193,194,10108014,第194题	试题编号：10108014,辐射雾常发生于()中心。,夏季、低压区,冬季、高压区,副热带高压区,锋面低压,B,
194,195,10108015,第195题	试题编号：10108015,观测站四周一半及一半以上的视野范围都能达到的能见度叫()。,主导能见度,最小能见度,跑道能见度,着陆能见度,A,
195,196,10108016,第196题	试题编号：10108016,当机场被积雪覆盖时,会大大减小的是()。,和跑道视程相当,小于跑道视程,大于跑道视程,大于水平能见度,B,
196,198,10108018,第198题	试题编号：10108018,锋面雾多出现在()。,暖锋前后,冷锋前后,静止锋前后,锢囚锋前后,A,
197,199,10108019,第199题	试题编号：10108019,一般情况下,辐射雾最浓的时间在()。,上半夜,下半夜,日出时,上午,C,
198,200,10108020,第200题	试题编号：10108020,我国平流雾出现的季节主要在()。,春、夏季,夏、秋季,秋、冬季,冬、春季,A,
199,201,10108021,第201题	试题编号：10108021,我国辐射雾出现的季节主要在()。,春、夏季,夏、秋季,秋、冬季,冬、春季,C,
200,202,10108022,第202题	试题编号：10108022,霾形成在()。,冬季、缓行冷锋前缘有稳定层结的回暖区域中,夏季、副热带高压边缘不稳定区域中,冬季、冷锋后部的大风区中,夏季、急行冷锋降水区中,A,
201,203,10108023,第203题	试题编号：10108023,在对流层顶下飞行,影响能见度的天气现象是()。,雾,霾,风沙,浮尘,B,
202,204,10108024,第204题	试题编号：10108024,白天有平流雾移到沿海机场,什么原因使平流雾消散或抬升而形成低云()。,地面辐射冷却,下垫面干燥,地面风速≥8m/s,气温露点差减小,C,
203,205,10108025,第205题	试题编号：10108025,烟幕和逆温层的正确关系是()。,烟幕可出现在不同高度的几个逆温层下,烟幕只出现在地面附近高度较低的逆温层下,逆温层越高,烟幕就越厚,可到对流层顶,在大气不稳定时,烟幕可抬升而形成霾或浮尘,B,
204,206,10108026,第206题	试题编号：10108026,形成烟幕,不仅要有烟源,而且还要有适合的天气条件即()。,高度较高的逆温层和高空相应的风向风速,高度较低的逆温层和近地面层中适宜的风向风速,高度较高的逆温层和近地面层中适宜的风向风速,高度较高的逆温层和近地面层中较大的风速,B,
205,207,10108027,第207题	试题编号：10108027,冬季均压区和鞍形场中容易产生辐射雾的动力原因是()。,水汽充沛,辐合上升气流较强,风力微弱,云较多,A,
206,208,20108028,第208题	试题编号：20108028,当机场被积雪覆盖时,跑道能见度不受影响。,T,F,,,F,
207,209,20108029,第209题	试题编号：20108029,在飞行活动中所谓"机场关闭",就气象条件而言,主要是以风和能见度为标准。,T,F,,,F,
208,210,20108030,第210题	试题编号：20108030,周围多山的机场因净空条件差,最低气象条件比平原地区的机场低。,T,F,,,F,
209,211,20108031,第211题	试题编号：20108031,当降落站报告有大雾,机场能见度不好时,可认为机场近地层大气是不稳定的。,T,F,,,F,
210,212,10109001,第212题	试题编号：10109001,单个微下击暴流的估计维持时间是()。,从下冲气流撞击地面到消散需要5小时,从下冲气流撞击地面到消散需要10小时,从下冲气流撞击地面到消散需要15小时,从下冲气流撞击地面到消散很少超过15分钟,D,
211,213,10109002,第213题	试题编号：10109002,能在雷暴云下方的地面上或地面附近引起灾害性大风的局地强下降气流称为()。,下沉气流,下击暴流,飑线,低空急流,B,
212,214,10109003,第214题	试题编号：10109003,飞机在空中遭雷雨的危害程度和时间长短与飞机通过()有关。,该雷暴区的大小,该雷暴区的部位,该雷暴区的强度,以上全对,D,
213,215,10109004,第215题	试题编号：10109004,下击暴流所造成的强的()，对飞行安全构成了极大的威胁。,暴雨,冰雹,低空风切变,积冰,C,
214,216,10109005,第216题	试题编号：10109005,下击暴流在地面附近造成的()性的阵风,可产生很强的水平风切变,对飞机的起飞和降落影响很大。,辐散,辐合,聚散,聚合,A,
215,217,10109006,第217题	试题编号：10109006,如果报告航路上有大到暴雨发生,那么可以断定航路上有()云存在。,Cb,Cu,St,Sc,A,
216,218,10109007,第218题	试题编号：10109007,()是积雨云进入成熟期的标志。,积雨云顶部砧状云的出现,云体快速增长,云体内为一致的高速上升气流,云顶高度在6000瓜以下,A,
217,219,10109008,第219题	试题编号：10109008,在积雨云的生命周期中，()的特征是云体内全部为下降气流。,发展阶段,成熟阶段,消散阶段,积云阶段,C,
218,220,10109009,第220题	试题编号：10109009,在成熟积雨云中,下降气流是危险的,因为()。,会诱发闪电,会诱发飞机积冰,会影响飞行能见度,下沉中向四周扩散和云外向内辐合气流形成切变,危害飞行安全,D,
219,221,10109010,第221题	试题编号：10109010,热力性雷暴的产生与()。,大气层结稳定度、湿度及地表加热程度有关,当时的地面风速有关,空中是否有云有关,锋面移动速度有关,A,
220,222,10109011,第222题	试题编号：10109011,()是指在炎热季节里由多个积雨云群组成的狭窄带有强风的强对流天气带。,冷锋,龙卷,飑线,风切变,C,
221,223,10109012,第223题	试题编号：10109012,雷暴的一种移动方式是漂移,另一种移动方式是()。,传导,传播,震动,流动,B,
222,224,10109013,第224题	试题编号：10109013,在雷暴单体生命期中,对飞行危害最大的阶段是()。,积云阶段,成熟阶段,消亡阶段,初生阶段,B,
223,225,10109014,第225题	试题编号：10109014,在成熟阶段的雷暴单体中()。,盛行上升气流,盛行下沉气流,升降气流并存,盛行水平气流,C,
224,226,10109015,第226题	试题编号：10109015,热雷暴形成的原因是()。,天气系统作用,地表增热不均,地形抬升作用,温度平流作用,B,
225,227,10109016,第227题	试题编号：10109016,夏季的冷锋雷暴是由于()而形成的。,空气潮湿、不稳定,温度较高,云层较厚,地面蒸发量大,A,
226,228,10109017,第228题	试题编号：10109017,形成雷暴的基本条件之一是()。,地面有高压存在,有足够冲击力,有足够的凝结核,有下沉气流存在,B,
227,229,10109018,第229题	试题编号：10109018,雷暴中有下冲气流的目视征兆是()。,有降水和地空闪电,有浓积云相伴随,有滚轴状云或雨幡,有砧状云顶,C,
228,230,10109019,第230题	试题编号：10109019,冷锋雷暴是冷空气强烈冲击()而形成的。,不稳定系统,暖湿空气,暖湿不稳定空气,积雨云,C,
229,231,10109020,第231题	试题编号：10109020,在山区,是否有雷暴产生主要看()。,20~30km,15km,30km以上,10km,A,
230,233,10109022,第233题	试题编号：10109022,在风暴的传播过程中()。,随着风暴的传播,风暴单体会逐渐减弱消亡,随着风暴的传播,风暴单体不断加强,随着风暴的传播,旧的单体会不断减弱消亡,新的单体又不断生成,随着风暴的传播,风暴单体会逐渐新生,C,
231,234,10109023,第234题	试题编号：10109023,飑线最突出的特征是()。,飑线之前有中尺度雷暴高压,飑线之后有中尺度雷暴高压,飑线之后有前导低压,飑线前后均有高压,B,
232,235,10109024,第235题	试题编号：10109024,雷暴来临之前,地面风是向()吹去。,雷暴云区,雷暴的前方,雷暴前进的右方,雷暴四周,A,
233,236,10109025,第236题	试题编号：10109025,雷暴在积云阶段所具有的特征是()。,滚轴状云低,云中充满上升气流,频繁的闪电,升降气流并存,B,
234,237,10109026,第237题	试题编号：10109026,下述何种天气现象标志着雷暴已进入成熟阶段()。,地面开始下雨,出现了强上升气流,云体增长速度达到最大,出现了混乱的低云,A,
235,238,10109027,第238题	试题编号：10109027,强烈雷暴中的多单体风暴,其结构是()。,由多个处于不同发展阶段的雷暴单体所组成,这些单体有组织地排成一列,形成一个有机的整体,由几个雷暴单体簇集而成,这些单体往往处于不同的发展阶段,由一个大而强的单体构成,由几个超级单体风暴组成,A,
236,239,10109028,第239题	试题编号；10109028,飞机在云中绕飞雷雨时应具备的条件是()。,有雷达的航空器或者根据气象雷达探测能够确切判明雷雨位置,大中型航空器,距离积雨云和浓积云80kni以上,飞行真实高度在1000m以上,A,
237,240,10109029,第240题	试题编号：10109029,昼间从云下目视绕飞雷雨,航空器飞行的真实高度距最高障碍物的最低垂直间隔在山地。,不得低于400m,不得低于500m,不得低于600m,不得低于1000m,C,
238,241,10109030,第241题	试题编号：10109030,()天气系统产生的雷暴常常是白天减弱消散,晚上形成和增强。,空中槽,切变线,暖锋,静止锋,太平洋副热带高压,冷锋,B,
239,242,10109031,第242题	试题编号：10109031,雷达显示器上出现块状鲜艳回波时,常是()的回波。,层状云,风切变,波状云,雷暴,D,
240,243,10109032,第243题	试题编号：10109032,积雨云中上升气流中的水汽凝结成水时,()。,促使云中水汽减少,会释放热量,会从周围大气中吸收热量,会使云体消散,B,
241,244,10109033,第244题	试题编号：10109033,在积雨云的生命周期中,发展阶段的特征是()。,频繁的闪电,持续一致的上升气流,云体内气流有升有降,天空出现伪卷云,B,
242,245,10109034,第245题	试题编号：10109034,积雨云的移动会引起气压的变化,在气压涌升期将会发生()。,强烈的雷电、强烈的下冲气流、强烈的降水,气压升高天气暂时变好,云体消散,降水停止,A,
243,246,10109035,第246题	试题编号：10109035,最容易产生龙卷母云的天气系统类型是()。,850hPa图上的切变线,热低压,急行冷锋或鹿线,地面冷高压,C,
244,247,10109036,第247题	试题编号：10109036,()是产生系统性雷暴的天气系统。,冷涡,大陆冷高压,热低压,副热带高压,A,
245,248,10109037,第248题	试题编号：10109037,因为晚上(),所以静止锋雷暴通常在晚上加强。,冷空气活跃,空气水汽含量多,云顶辐射降温,近地层气温降低,C,
246,249,10109038,第249题	试题编号：10109038,雷暴中心经过一地时,该地气象要素变化规律是温度下降、()、风向突变。,湿度上升,湿度下降,气压上升,气压下降,C,
247,250,10109039,第250题	试题编号；10109039,一般来说,-20°C层与层之间的厚度与产生冰雹的关系是()。,基本上没有关系,厚度较大时,有利于产生冰雹,厚度较小时,有利于产生冰雹,厚度居中时,有利于产生冰雹,C,
248,251,10109040,第251题	试题编号：10109040,听到第一声雷声大致表明雷暴云顶出现冰晶化现象,据此可判断云顶已达到()附近。,-5℃,-10℃,-20℃,-30℃,C,
249,252,10109041,第252题	试题编号：10109041,积雨云在红外云图上为白色,而在可见光云图上为浅灰至灰色,说明云体最有可能()。,正在发展,刚刚成熟,云顶和下部云体脱离,云体瓦解,转变为雨层云,C,
250,253,10109042,第253题	试题编号：10109042,在航线飞行中,如遇前方有数量不多的热雷暴或地形雷暴时,通常可以()。,从云的上风方向绕过,从云的下风方向绕过,从云下通过,从云中穿过,A,
251,254,10109043,第254题	试题编号：10109043,在微下冲气流遭遇中,最大下降气流可能强达()。,3m/s(28km/h),5m/s(82km/h),30m/s(108km/h),4m/s(14km/h),C,
252,255,10109044,第255题	试题编号：10109044,当机场上空有CB活动时,如果跑道周围盛行很强的顺时针方向转动的外流气流,则表明了()的信息。,位于跑道中心有一下冲气流区,跑道处于上升气流区中,机场将发生大雾天气,锋面将移动到本场上空,A,
253,256,10109045,第256题	试题编号：10109045,飑线常常在()发展。,冷锋后的冷气团中,冷锋前的暖气团中,暖锋前的冷气团中,副热带高压中,B,
254,257,10109046,第257题	试题编号：10109046,当积雨云云顶高度在8000m左右时,航空器最好距离云体()。,2km绕过,8km绕过,3km绕过,1km绕过,B,
255,258,20109047,第258题	试题编号：20109047,雷暴云下的雨幡说明雷暴云中上升气流较强,无强烈下降气流。,T,F,,,F,
256,259,20109048,第259题	试题编号：20109048,一个雷暴云可以由几个雷暴单体构成。,T,F,,,T,
257,260,20109049,第260题	试题编号：20109049,根据冲击力的大小,可将雷暴分为普通雷暴和强烈雷暴。,T,F,,,F,
258,261,20109050,第261题	试题编号：20109050,由于消散阶段的雷暴单体已经进入最后阶段,因此对飞行的影响很小。,T,F,,,F,
259,262,20109051,第262题	试题编号：20109051,容易产生雷暴的天气系统包括锋面、东北冷涡、西南涡、空中槽线切变线、台风倒槽等。,T,F,,,T,
260,263,20109052,第263题	试题编号：20109052,积雨云顶部的卷云砧的大小与离高空急流轴的距离有关,离急流轴越近,卷云砧越不明显。,T,F,,,F,
261,264,20109053,第264题	试题编号：20109053,产生冰雹的雷暴一定是强烈雷暴。,T,F,,,T,
262,265,20109054,第265题	试题编号：20109054,航线上未穿过任何天气系统,但飞机还是可能会碰到雷暴。,T,F,,,T,
263,266,20109055,第266题	试题编号：20109055,飞机在遇到下击暴流时,其性能总是先变好。,T,F,,,T,
264,267,20109056,第267题	试题编号：20109056,在绕飞雷暴云时,应选择雷暴云的上风方向绕过。,T,F,,,T,
265,268,20109057,第268题	试题编号：20109057,飞机在雷暴旺盛期比在雷暴消散阶段早期更易遭闪击。,T,F,,,F,
266,269,20109058,第269题	试题编号：20109058,我国雷暴出现最早的地区是湘西山地。,T,F,,,T,
267,270,20109059,第270题	试题编号：20109059,出现在我国的飑线都是自西向东移动的。,T,F,,,F,
268,271,20109060,第271题	试题编号：20109060,在强烈发展的积雨云中处处都会生成冰雹。,T,F,,,F,
269,272,20109061,第272题	试题编号：20109061,一般当云顶发展到-10℃等温线高度以上时,就会出现闪电和雷鸣,随着云顶增高,闪电和雷鸣便更加频繁。,T,F,,,F,
270,273,20109062,第273题	试题编号：20109062,航空器在遇到强雷暴时,可以从云底穿过。,T,F,,,F,
271,274,10110001,第274题	试题编号：10110001,()的风切变情况导致空速增大。,增大垂直风速,增大顺风,增大逆风,减小逆风,C,
272,275,10110002,第275题	试题编号：10110002,()的风切变情况会导致空速的损失。,垂直气流引起,逆风减小和顺风增大,增大逆风,减小顺风,B,
273,276,10110003,第276题	试题编号：10110003,对于固定机翼的航空器,在起飞期间当遇到强度增加的顺风切变时()。,起飞滑跑距离会增加,起飞滑跑距离会缩短,起飞后上升力增加,会突然跃升的现象,A,
274,277,10110004,第277题	试题编号：10110004,对于固定机翼的航空器,在起飞期间当遇到强度增加的逆风切变时()。,起飞滑跑距离会增加,起飞滑跑距离会缩短,起飞后上升力增加,会突然跃升的现象,B,
275,278,10110005,第278题	试题编号：10110005,飞机从大逆风进入小逆风时所遇到的风切变时()。,顺风切变,逆风切变,低空风切变,气旋性切变,A,
276,280,10110007,第280题	试题编号：10110007,低空风切变是指()以下空中风向风速的明显改变。,600m,300m,200m,100m,A,
277,281,10110008,第281题	试题编号：10110008,根据气象台的观测,跑道南头的风为西风,跑道北头的风为西南风,这种风切变是()。,水平风的垂直切变,水平风的水平切变,逆风切变,垂直风切变,B,
278,282,10110009,第282题	试题编号：10110009,较强的低空风切变多产生于下列何种天气系统中()。,海陆风和热低压,气旋和低涡,槽线和切变线,锋面和雷暴,D,
279,283,10110010,第283题	试题编号：10110010,在处于雷暴区边缘的机场起飞或着陆时,要特别注意下述何种天气()。,冰雹和暴雨,积冰和雷电,低能见度和低云,低空风切变,D,
280,284,10110011,第284题	试题编号：10110011,与雷暴有关的低空风切边引起的最大危害区出现在()。,快速移动的积雨云前方,砧状云正下方,积雨云后部,积雨云顶上空,积雨云侧后部,A,
281,285,10110012,第285题	试题编号：10110012,雷达回波显示的龙卷母云钩状回波中心空白区是()。,有利于飞行的区域,气流稳定区,无风切变区,强烈的风切变区,D,
282,286,10110013,第286题	试题编号：10110013,如报告跑道入口处有雷暴活动，此时着陆最可能受到的影响是()。,低空风切变,大雾,霾,锋面,A,
283,287,10110014,第287题	试题编号：10110014,中等强度以上低空风切变发生时,重要的天气背景是()。,600m以上空中有低压或低压槽活动,空中有强大的雷暴群活动或近地面层有强逆温层出现,地面有冷高压中心活动,地面有暖高压中心活动,B,
284,288,10110015,第288题	试题编号：10110015,在下面几种情况下能产生低空风切变的是()。,高空急流里的风速差异,积雨云中开始出现降水,微风吹过跑道附近的高大建筑物,产生高积云的空中波动气流,B,
285,289,10110016,第289题	试题编号：10110016,伴随雷暴的风切变,其出现位置的最正确的说法是()。,出现在雷暴单体的前方右侧,出现在雷暴云顶四周,出现在雷暴单体移动的前方和单体的正下方,出现在雷暴单体的所有侧面和单体的正下方,D,
286,290,10110017,第290题	试题编号：10110017,低空逆温层中,发生风切变的必要条件是()。,气温直减率＞0,近地面静风或微风,逆温层以上通常有大于15m/s的强风,逆温层上下边界风速不应有突变,逆温层上层风速要小,B,
287,291,10110018,第291题	试题编号：10110018,可能发生强烈风切变的区域是()。,风速在100m/s以上的急流轴的低压一侧,两条相邻等温线相距100km的区域,地面冷高压中心,副热带高压中心,A,
288,292,20110019,第292题	试题编号：20110019,飞机在遭遇风切变时,空速表指示一般都会发生明显变化。,T,F,,,T,
289,293,20110020,第293题	试题编号：20110020,低空风切变对大型飞机影响较大,对小型飞机没有影响。,T,F,,,F,
290,294,20110021,第294题	试题编号：20110021,在飞机着陆进入顺风切变区时,如果风切变层相对于跑道的高度较高,飞行员可以进行修正,使飞机正常下滑着陆。,T,F,,,T,
291,295,20110022,第295题	试题编号：20110022,对飞行危害最大的低空风切变通常是指近地面1000m以下的风切变。,T,F,,,F,
292,296,20110023,第296题	试题编号：20110023,飞机在遭遇风切变时,空速表指示一般都会发生明显变化。,T,F,,,T,
293,297,20110024,第297题	试题编号：20110024,据统计,低空风切变与雷暴关系密切,因此风切变飞行事故主要出现在夏季。,T,F,,,F,
294,298,20110025,第298题	试题编号：20110025,飞机从大逆风进入小逆风时所遇到的风切变是逆风切变。,T,F,,,F,
295,299,20110026,第299题	试题编号：20110026,与雷暴有关的低空风切变引起的最大危害区出现在快速移动的积雨云后方。,T,F,,,F,
296,300,10111001,第300题	试题编号：10111001,飞机积冰强度与气象条件和飞机的空气动力特性有关,主要与()因素有关。,云中过冷水含量,过冷水滴的大小,飞行速度及飞机积冰部位的曲率半径,以上全对,D,
297,301,10111002,第301题	试题编号：10111002,()易造成飞机积冰。,降水,降雪,过冷却水滴,湿度大,C,
298,302,10111003,第302题	试题编号：10111003,积冰强度的大小与()有关。,低云量,空气密度,降水量,云中含水量,D,
299,303,10111004,第303题	试题编号：10111004,强积冰多发生在云中温度为()的区域内。,4℃至-10℃,0℃至-10℃,0℃至-15℃,0℃至-20℃,B,
300,304,10111005,第304题	试题编号：10111005,无()设备或()的航空器,禁止在结冰区内飞行。,防冰,防冰设备有故障,加热,加热设备有故障,除霜,除霜设备有故障,救生,救生设备有故障,A,
301,305,10111006,第305题	试题编号：10111006,积冰种类有明冰、雾淞、毛冰和霜四种,其中()对飞行的危害较大,能够改变飞机的空气动力特性。,明冰,雾淞,毛冰,霜,A,
302,306,10111007,第306题	试题编号：10111007,航空器积冰的产生,主要是由于大气中存在()。,水滴,冰晶,过冷水滴,凝结核,C,
303,307,10111008,第307题	试题编号：10111008,一架飞机在雨层云中飞行时遇到轻度积冰,此时飞机上大气温度计读数为-15℃,要脱离积冰区最好的方法是。,下降高度,改变航线,上升高度,保持航向和高度,C,
304,308,10111009,第308题	试题编号：10111009,当飞机低速穿过温度为-20℃左右云滴较小的云中时,常形成()。,雾淞,明冰,毛冰,槽形积冰,A,
305,309,10111010,第309题	试题编号：10111010,飞机积冰主要发生在()范围内。,云中温度4℃至-40℃,云中温度露点差小于,云中温度4℃至-40℃,云中温度露点差大于7℃,云中温度至-20℃,云中温度露点差小于7℃,云中温度0℃至-20℃,云中温度露点差大于7℃,C,
306,310,10111011,第310题	试题编号：10111011,在以下何种情况下会碰到较强的飞机积冰()。,在积雨云的旁边飞行,在层云和层积云中飞行,在锋线附近的雨层云中长时间飞行,在积云的云内下部飞行,C,
307,311,10111012,第311题	试题编号：10111012,在飞行中遇到飞机积冰时,飞行员应注意()。,下降高度,减小空速,及时有力地修正飞行姿态的偏差,柔和操作,保持平飞姿态和飞行高度,及时调整飞机马力,严格保持飞行速度和高度,C,
308,312,10111013,第312题	试题编号：10111013,()是云中有过冷水的特征。,快速飞行的航空器上迅速形成明冰,云体中水滴直径很大,云中有冰晶存在,云中有水滴存在,A,
309,313,10111014,第313题	试题编号：10111014,最容易发生严重积冰的云中温度范围是()。,-2℃至-8℃,-18℃至-26℃,4℃至-2℃,0℃至-2℃,A,
310,314,10111015,第314题	试题编号：10111015,对流层中的积冰与飞行高度和云中含水量有关,因而中度以上积冰通常发生在3000m〜5000m高度上锋区附近的()云区中.,Ci,Cu,Cs,Ns,D,
311,315,10111016,第315题	试题编号：10111016,单发螺旋浆式航空器在可发生强积冰的环境中,(),积冰强度越大。,飞行速度越高,飞行速度越低,云中含水量越少,空中风越大,A,
312,316,10111017,第316题	试题编号：10111017,如果你飞进有雨夹雪的降水中,应考虑到()。,已飞进暖锋之中,不会出现飞机积冰,在飞行的高度上气温低于0℃,会出现强积冰,在飞行的高度上空气下沉增温,使雪融化,在飞行的高度上气温高于0℃，但仍会出现强积冰,D,
313,317,10111018,第317题	试题编号：10111018,()会导致霜的形成。,凝聚面的温度在冰点以下,并且有小水滴落下,露水聚集在凝聚面上冻结,空气中水汽在凝聚面凝华,凝聚面的温度在冰点以上,使冻结在凝聚面上的冰晶融化,C,
314,318,20111019,第318题	试题编号：20111019,积冰能改变飞机空气动力特性。,T,F,,,T,
315,319,20111020,第319题	试题编号：20111020,积冰对飞行的影响程度,除了与积冰类型有关外,主要取决于积冰强度。,T,F,,,T,
316,320,20111021,第320题	试题编号：20111021,飞机在-20℃左右的云中飞行时碰到飞机积冰,可以向上脱离积冰区。,T,F,,,T,
317,321,20111022,第321题	试题编号：20111022,毛冰通常是在冻雨中或在大水滴组成的温度为0至-10℃的过冷云中飞行时形成的。,T,F,,,F,
318,322,20111023,第322题	试题编号：20111023,在积雨云的云内下部，因为温度在0℃以上，所以没有积冰。,T,F,,,F,
319,323,20111024,第323题	试题编号：20111024,飞行中，中等强度以上积冰形成的必要条件是云中的雨滴大。,T,F,,,F,
320,324,10112001,第324题	试题编号：10112001,()是飞机飞行时产生的一对绕着翼尖的方向相反的闭合涡旋。,湍涡,尾涡,翼涡,低涡,B,
321,325,10112002,第325题	试题编号：10112002,在飞行中遇到飞机颠簸时,飞行员应注意()。,柔和操作,保持平飞姿态,及时调整飞机马力,严格保持飞行速度和高度,下降高度,增大空速,以上操作都可以,A,
322,326,10112003,第326题	试题编号：10112003,只引起轻微、快速、有时有节奏的颠簸时,应当报告为()的紊流。,偶尔轻微摇晃,中度紊流,中度摇晃,严重颠簸,A,
323,327,10112004,第327题	试题编号：10112004,当紊流引起高度和/或姿态改变,但航空器一直保持着有效地控制时,应当报告为连续()的紊流。,严重,中度,轻度,轻微,B,
324,328,10112005,第328题	试题编号：10112005,在7000m以上,经常遇到的乱流是()。,热力乱流,动力乱流,晴空乱流,飞机尾流,C,
325,329,10112006,第329题	试题编号：10112006,统计结果表明,颠簸层持续时间一般不超过()。,二十小时,二十分钟,一天,一周,B,
326,330,10112007,第330题	试题编号：10112007,航空器在飞行过程中产生颠簸,是因为遇到了()。,锋面云系,扰动气流,层状云系,降水,B,
327,331,10112008,第331题	试题编号：10112008,高原山区天气的显著特点是(),温度高,湿度大,乱流强烈,气压高,C,
328,332,10112009,第332题	试题编号：10112009,空气()与飞机尾迹有重大关系,气层(),越有利于飞机尾迹的形成。,湿度；湿度越小,湿度；湿度越大,温度；温度越小,温度；温度越大,B,
329,333,10112010,第333题	试题编号：10112010,如在飞行高度上遇到强烈紊流,飞机脱离办法是()。,增大空速,减小空速,改变高度,不予理会,C,
330,334,10112011,第334题	试题编号：10112011,在()情况下,要特别注意航空器尾流的消散时间。,逆风,顺风,侧风,静风,D,
331,335,10112012,第335题	试题编号：10112012,在对流层顶倾斜度较大的地区,距离对流层顶1-1.5km高度下,常出现()。,卷云,急流,升降气流,湍流,D,
332,336,10112013,第336题	试题编号：10112013,气层的稳定度减小时,飞机颠簸()。,消失,减弱,增强,无变化,C,
333,337,10112014,第337题	试题编号：10112014,与山地波相关的晴空紊流可延伸到()。,沿山的下风方向数百千米以上,向山的垂直上方延伸数十千米,沿山的上方方向数百千米以上,沿山的下风方向数千米以上,A,
334,338,10112015,第338题	试题编号：10112015,下面何种地区飞行可能会出现强烈的飞机颠簸()。,逆温层的下面,积雨云云体的边缘,暖锋附近,层状云中,B,
335,339,10112016,第339题	试题编号：10112016,在何种天气条件下进行飞行时容易碰到飞机颠簸()。,有轻雾,刚下过小雪,晴天有积云,阴天有小雨,C,
336,340,10112017,第340题	试题编号：10112017,有利于形成山地背风波的条件是()。,大气层不稳定,低层大气不稳定,上层稳定,大气层条件性不稳定,低层大气稳定,上层不稳定,B,
337,341,20112018,第341题	试题编号：20112018,在飞行中遇到飞机颠簸时,必须严格保持飞行高度。,T,F,,,F,
338,342,20112019,第342题	试题编号：20112019,急流附近产生晴空湍流的概率要比一般对流层中、上部低得多。,T,F,,,F,
339,343,20112020,第343题	试题编号：20112020,晴空乱流出现在9km以上的高空,以10km高度附近出现最多。,T,F,,,F,
340,344,20112021,第344题	试题编号：20112021,在低空,丘陵和山地上空的湍流易获得发展,所以山区颠簸比平原区多。,T,F,,,T,
341,345,20112022,第345题	试题编号：20112022,我国青藏高原地形起伏、风速大,因此动力乱流强,热力乱流很弱。,T,F,,,F,
342,346,20112023,第346题	试题编号：20112023,山地背风波是气流越山时,在一定条件下,山脊背风坡上空形成的湍流。,T,F,,,F,
343,347,20112024,第347题	试题编号：20112024,颠簸往往出现在对流层低层,在对流层中部,颠簸频率最小,在对流层上部,越接近对流层顶或最大风速高度,颠簸频率就越大。,T,F,,,T,
344,348,20112025,第348题	试题编号：20112025,山地背风波的影响,从山顶高度向上可伸展到整个对流层。,T,F,,,T,
345,349,10113001,第349题	试题编号：10113001,按照飞行高度区分,平流层飞行是指()的飞行。,10000m以上,9000m以上,12000m以上(含),12000m(不含)以上,D,
346,350,10113002,第350题	试题编号：10113002,火山灰可长时间地停留在()对高空飞行造成长期影响。,对流层,平流层,中层,热层,B,
347,351,10113003,第351题	试题编号：10113003,高空急流以其强大的()为特征。,风速和温度切变,风速和风切变,风速和轴对称性,风速和季节变动,B,
348,352,10113004,第352题	试题编号：10113004,当预计进入急流轴时，航空器驾驶员应当采取的动作是()。,从急流轴的一侧保持平飞以小于30度的角度进入,从急流轴的下方以大角度爬高进入,在水平方向上以大角度快速加入,从急流轴的上方以大角度进入,A,
349,353,10113005,第353题	试题编号：10113005,高空急流是位于对流层上部或平流层中大于()的狭窄强风带。,12m/s,30m/s,40m/s,50m/s,B,
350,354,10113006,第354题	试题编号：10113006,在高空急流区飞行过程中，威胁飞行安全的主要因素是()。,积冰,雷电,大风,颠簸,D,
351,355,10113007,第355题	试题编号：10113007,高空急流中的风有季节变化,其情况是()。,西风急流冬季较弱,急流轴上风速最低可达30m/s,西风急流夏季较弱,急流轴上风速最低可达20m/s,西风急流冬季强大,有时可达150〜180m/s,西风急流夏季强大,最大可达50~80m/s,C,
352,356,10113008,第356题	试题编号：10113008,在对流层顶有断裂现象和坡度较陡时,会出现何种影响飞行的现象()。,大气波动,晴空乱流,西风急流,下冲气流,B,
353,357,10113009,第357题	试题编号：10113009,高空急流及与之相连的晴空乱流在飞行中可目视判断,其特征之一是()。,在飞行高度上有烟尘或霾,有砧状云顶,有移动迅速的细长束状卷云带,有静止的荚状云和与之相连的滚轴状云,C,
354,358,10113010,第358题	试题编号：10113010,高空飞行时,飞机进入火山灰云的现象之一是()。,能闻到烟味,能见度变差,无线电通讯受到干扰,飞机颠簸增强,发动机发生喘振,排气温度升高,风向风速不断变化,远山显淡蓝色,C,
355,359,10113011,第359题	试题编号：10113011,北半球中、高纬度地区的急流是()。,南支、北支急流,外溢层急流,东风急流,赤道急流,A,
356,360,10113012,第360题	试题编号：10113012,急流周围通常存在()。,雨层云,大范围盾状云,大范围滚轴状云,积状云,B,
357,361,10113013,第361题	试题编号：10113013,北半球温带急流、副热带急流的前下方存在()。,空中锋区,雷雨区,雾区,低云区,A,
358,362,10113014,第362题	试题编号：10113014,急流区经常颠簸的区域主要位于()。,靠高压一侧,靠低压一侧(北侧),急流轴上方,急流轴上,B,
359,363,10113015,第363题	试题编号：10113015,高空急流云系多出现在急流轴的()并随风漂移。,低压一侧的下方,高压一侧的下方,左下方,垂直方向,B,
360,364,10113016,第364题	试题编号：10113016,冬季,在高空()最可能遇到强烈的晴空紊流。,卫星云图上带有横向短云波的盾状云系北部边缘的晴空区中,热低压中心的晴空区中,雷暴带中,赤道辐合带上空,A,
361,365,10113017,第365题	试题编号：10113017,与地面冷锋相关联的高空急流通常位于()。,地面冷锋的西北部上空,地面冷锋的东南部上空,地面冷锋的垂直上方,地面冷锋前方,A,
362,366,10113018,第366题	试题编号：10113018,急流通常在高空穿越()。,暖锋,准静止锋,锢囚锋,冷锋,C,
363,367,10113019,第367题	试题编号：10113019,温带地区急流轴通常位于对流层下部（）。,A.冷暖气团交界处，暖气团北部顶端,B.冷气团西北,C.地面锋上空,D.副热带高压脊线上,A,
364,368,10113020,第368题	试题编号：10113020,()可能产生影响飞行的强烈紊流。,平流层急流,副热带急流,东风急流,与层云相伴的急流,B,
365,369,10113021,第369题	试题编号：10113021,急流通常位于对流层顶附近()。,气温直减率最小处,温度梯度最小处,气压梯度最小处,温度梯度最大处,D,
366,370,10113022,第370题	试题编号：10113022,北半球对流层的中、高层通常存在温带急流,在冬季其活动的纬度范围是()。,40°N〜60°N,25°N~32°N,15°N〜20°N,60°N〜70°N,A,
367,371,10113023,第371题	试题编号：10113023,北半球对流层的中、高层通常存在副热带急流,在冬季其活动的纬度范围是。,40°N〜60°N,25°N~32°N,15°N〜20°N,60°N〜70°N,B,
368,372,10113024,第372题	试题编号：10113024,北半球对流层的中、高层通常存在热带东风急流,在冬季其活动的纬度范围是()。,A.	40° N〜60° N,B.	25° N~32° N,C.	15° N〜20° N,D.	60° N〜70° N,C,
369,373,20113025,第373题	试题编号：20113025,飞机在平流层中飞行比较平稳,阻力小,但因空气密度很小,故驾驶员操纵的反应力度也小,即可操纵性低于对流层。,T,F,,,T,
370,374,20113026,第374题	试题编号：20113026,在急流中飞行,若遇到颠簸越来越强时,应采用改变高度、航线的方法脱离颠簸区。,T,F,,,T,
371,375,20113027,第375题	试题编号：20113027,当两支急流彼此靠近时,在汇合区产生晴空乱流的频率很大。,T,F,,,T,
372,376,20113028,第376题	试题编号：20113028,在高空急流轴上,颠簸频率及强度的最大值大都出现在急流轴下方靠高压的一侧。,T,F,,,F,
373,377,10114001,第377题	试题编号：10114001,在TAF报文中,FG表示的天气现象是()。,烟,霾,雾,霜,C,
374,378,10114002,第378题	试题编号：10114002,在TAF报文中,BR表示的天气现象是()。,烟,霾,轻雾,毛毛雨,C,
375,379,10114003,第379题	试题编号：10114003,日常航空天气报告的名称是()。,TAF,ROFOR,METAR,SPECI,C,
376,380,10114004,第380题	试题编号：10114004,在TAF报文中,+RA表示的天气现象是()。,浓重的烟,浓重的霾,加强的降水,增强的毛毛雨,C,
377,381,10114005,第381题	试题编号：10114005,机场天气预报的名称是()。,TAF,SIGMET,AIRMET,VOLMET,A,
378,382,10114006,第382题	试题编号：10114006,在日常航空天气报告报文中,SCT表示云量的范围在()之间。,1/8至4/8,3/8至4/8,5/8至7/8,2/8至6/8,B,
379,383,10114007,第383题	试题编号：10114007,航空天气预报中的云底高度是指相对于()的垂直高度。,实际海平面,云下地表,标准海平面,下一层云,B,
380,384,10114008,第384题	试题编号：10114008,日常航空天气报告中发布CAV0K,天气现象应()。,无Sc云,无Cb云,无St云,无Ci云,B,
381,385,10114009,第385题	试题编号：10114009,CAVOK天气所指云底高度要()。,大于1500m,大于1000m,大于5000m,大于3000m,A,
382,386,10114010,第386题	试题编号：10114010,气象台发布一个预报意味着()以前发布的同一地点同一有效时间的同类任何预报或其中一部分。,延续,共存,取消,无关,C,
383,387,10114011,第387题	试题编号：10114011,SKC代表云量为()。,<1/8,1/8-2/8,3/8~5/8,7/8〜8/8,A,
384,388,10114012,第388题	试题编号：10114012,()预报不是每隔6小时发布一次的。,有效时段为18小时的航站天气预报,有效时段为9小时的航站天气预报,有效时段为24小时的航站天气预报,重要天气预告图,B,
385,389,10114013,第389题	试题编号：10114013,CAVOK表示:①能见度大于或等于10km；②无对航空有重要影响的天气现象；第三个条件是。,1500m(5000ft)或最高的最低(飞行)扇区高度(两者取其大)以下无云且无CB,碧空,1500m以下无云且无CB,碧空,500m以下无云且无CB,碧空,1000m以下无云且无CB,A,
386,390,10114014,第390题	试题编号：10114014,NSC表示()。,1500m以上无云,且无CB,1500m(5000ft)或最高的最低(飞行)扇区高度(两者取其大)以下无云且无CB,使用CAVOK或SKC也不恰当,1500m以下无云,且无CB,1000m以下无云,且无CB,B,
387,391,10114015,第391题	试题编号：10114015,在机场预报中,"9999"表示能见度()。,大于或等于5km,大于或等于10km,CAVOK天气,9999m,B,
388,392,10114016,第392题	试题编号：10114016,()指由于地面风的多变性不能用一个平均风向表示。,VRB,VBR,VVR,BVR,A,
389,393,10114017,第393题	试题编号：10114017,METAR电码形式趋势型着陆预报中,()表示预报没有变化发生。,NSW,BECMG,NOSIG,TEMPO,C,
390,394,10114018,第394题	试题编号：10114018,对空广播是指供应给()的气象情报。,航空器,机组,飞行中的航空器,飞行中的机组,C,
391,395,10114019,第395题	试题编号：10114019,在TAF预报中,预报的能见度为()。,最低能见度,水平能见度,主导能见度,着陆能见度,C,
392,396,10114020,第396题	试题编号：10114020,在日常航空天气报告中发布CAVOK时,对能见度的要求是()。,大于5km,小于10km,大于等于10km,大于3km,小于5km,小于1km,B,
393,397,10114021,第397题	试题编号：10114021,()可在实况图上查到。,航线上的高空风、急流,每小时机场天气实况,大气稳定度情况,锋面位置,B,
394,398,10114022,第398题	试题编号：10114022,在TAF报文中,缩写OCNL表示紧跟其后的天气现象发生的概率()。,大于80%,小于30%,大于50%,小于50%,C,
395,399,10114023,第399题	试题编号：10114023,()含有在航空器计划到达目的地机场时刻的预期天气信息。,雷达探测概要图(RSR),卫星云图,终端天气预报(TAF),终端天气实况(METAR),C,
396,400,10114024,第400题	试题编号：10114024,CAVOK和NSC的共同点是。,能见度≥10km,能见度≥5km,1500m(5000ft)或最高的最低飞行扇区高度（两者取其大）以下无云,且无积雨云,有别于SKC。,无重要天气现象,C,
397,401,10114025,第401题	试题编号：10114025,机场报告和预报中的云高使用的基准高度是()。,场面高度,标准海平面高度,假定零点高度,海拔高度,A,
398,402,10114026,第402题	试题编号：10114026,现在天气报告"VCSS"表示()。,机场附近有沙暴,机场附近有扬沙,机场附近有沙尘,机场附近有尘暴,A,
399,403,10114027,第403题	试题编号：10114027,TAF天气预报所覆盖的范围以跑道中点为圆心半径是()NM的圆。,10,5,15,20,B,
400,404,10114028,第404题	试题编号：10114028,终端天气预报中VCNTY所覆盖区域是:以跑道中心为圆心半径为()NM的范围。,5至25,1至5,10至15,10至100,A,
401,405,20114029,第405题	试题编号：20114029,TAF报中SQ表示尘暴。,T,F,,,F,
402,406,20114030,第406题	试题编号：20114030,METAR报中GS表示霰。,T,F,,,T,
403,407,20114031,第407题	试题编号：20114031,METAR报中RASN表示中等强度的雨夹雪,以雪为主。,T,F,,,F,
404,408,10115001,第408题	试题编号：10115001,气象情报中UA表示()。,飞机空中报告,重要气象情报,区域天气预报,日常航空天气报告,A,
405,409,10115002,第409题	试题编号：10115002,风切变警报中风切变的影响范围()。,跑道高度及其上空1000m高度,跑道高度及其上空800nl高度,跑道高度及其上空600m高度,跑道高度及其上空500m高度,D,
406,410,10115003,第410题	试题编号：10115003,民航气象情报类别中航路天气预报的表示符号为()。,SA,SP,FC,FR,D,
407,411,10115004,第411题	试题编号：10115004,()直接反映航线积冰条件的最准确信息。,卫星云图,飞行员报告,T-LnP图,天气图,B,
408,412,10115005,第412题	试题编号：10115005,VOLMET的含义是()„,传真图,重要天气预告图,对空天气广播,对流预计图,C,
409,413,10115006,第413题	试题编号：10115006,在高空飞行时,航空器遇到与云无关的紊流时,PIREP中常报告有(),,降水,积冰,CAT,热对流,C,
410,414,10115007,第414题	试题编号：10115007,缩写明语"WSWRNG"的意思是()。,积冰警报,颠簸警报,风切变警报,机场警报,C,
411,415,10115008,第415题	试题编号：10115008,民航气象情报类别中区域天气预报的表示符号为()。,FA,FT,FC,FR,A,
412,416,10115009,第416题	试题编号：10115009,UTC表示(),SFC表示()。,世界协调时；地面,世界协调时；近地面,北京时；近地面,北京时；地面,A,
413,417,10115010,第417题	试题编号：10115010,()只能在飞行期间直接观察而后在PIREP中报告。,飞机机体积冰,急流型风,对流层顶的高度,空中锋区,A,
414,418,10115011,第418题	试题编号：10115011,WS TKOF RWY36表示()。,36号跑道有风切变,36号跑道起飞方向有风切变,在36号跑道上着陆时遇到风切变,以上都不对,B,
415,419,10115012,第419题	试题编号：10115012,航路天气预报中的气温一般是指()。,地面气温,0℃线高度处气温,飞行高度上气温,起飞着陆机场的气温,C,
416,420,10115013,第420题	试题编号：10115013,风切变警报中,MBST表示。,山地颠簸,山地情况不明,微下击暴流,下击暴流,C,
417,421,20115014,第421题	试题编号：20115014,SIGMET由机场气象台发布。,T,F,,,F,
418,422,20115015,第422题	试题编号；20115015,气象情报中UA表示飞机空中报告。,T,F,,,T,
419,423,20115016,第423题	试题编号：20115016,SIGMET中OBSCTSHVYGR表示鹿线的伴有大雹的雷暴。,T,F,,,F,
420,424,10116001,第424题	试题编号：10116001,在空中等压面图上不分析的项目是()。,等高线,槽线,等温线,锋线,D,
421,425,10116002,第425题	试题编号：10116002,()是某一特定地区内锋面运动、紊流和积冰条件等信息的主要参考资料。,天气图,METER报,T-LnP图,RVR报告,A,
422,426,10116003,第426题	试题编号：10116003,地面天气图上蓝色实线所代表的是。,冷锋,暖锋,等压线,静止锋,A,
423,427,10116004,第427题	试题编号：10116004,属于地面天气图分析的项目是()。,现在天气现象,温度露点站,等温线,槽线,A,
424,428,10116005,第428题	试题编号：10116005,在高空天气图上,一个空三角旗和实三角旗分别表示风速为()和()。,10m/s、20m/s,10m/s、50m/s,20m/s、50m/s,20m/s、100m/s,C,
425,429,10116006,第429题	试题编号：10116006,850hPa,700hPa,500hPa天气图的平均高度分别是()。,1500m,3000iib5000m,2000m,4000m,6000m,1500m,3000m5500m,2000m,8000m,10000m,C,
426,430,10116007,第430题	试题编号：10116007 在地面天气图填图格式中的气压是。,在地面天气图填图格式中的气压是()。,本站气压,海平面气压,场面气压,标准海平面气压,B,
427,431,10116008,第431题	试题编号：10116008,属于等压面图上的填图项目是()。,温度露点差,三小时变压,气压,现在天气,A,
428,432,10116009,第432题	试题编号：10116009,在高空天气图中等温线之间的间隔为()。,4℃,5℃,8℃,16℃,A,
429,433,10116010,第433题	试题编号：10116010,航空天气报告中总云量填图值8,低云量填图值4,无高云,则推测出中云量为()。,3,4,5,6,B,
430,434,10116011,第434题	试题编号：10116011,天气形势预报是对()。,气象要素未来变化的预报,气压系统未来位置的预报,降水的预报,风力的预报,B,
431,435,10116012,第435题	试题编号：10116012,地面天气图上的等压线代表气压相同点的连线,其含义是()。,地面上气压值相同点的连线,将各测站实际大气气压订正到海平面上后,海平面气压值相同点的连线,本站高度上气压值相同点的连线,本站高度上标准大气气压值相同点的连线,B,
432,436,10116013,第436题	试题编号：10116013,天气图中700hPa等压面图平均高度大约是。,5500m,1800m,3000m,7500m,C,
433,437,10116014,第437题	试题编号：10116014,天气图中500hpa等压面图平均高度大约是()。,1800m,5500m,7400m,9500m,B,
434,438,10116015,第438题	试题编号：10116015,天气图中850hpa等压面图平均高度大约是()。,1000m,1800m,2400m,1500m,D,
435,439,20116016,第439题	试题编号：20116016,地面天气图上风向以矢杆表示,矢杆方向指向站圈,表示风的来向；风速以矢羽表示,矢羽一长划表示8m/s,矢羽一短划表示4m/s。,T,F,,,F,
436,440,20116017,第440题	试题编号：20116017,在地面天气图上,当等压线密集时,表示水平气压梯度越大,地面风也越大。,T,F,,,T,
437,441,20116018,第441题	试题编号：20116018,在高空天气图上,一个空三角旗和实三角旗分别表示风速为10和20m/s。,T,F,,,F,
438,442,20116019,第442题	试题编号：20116019,航空天气报告中总云量填图值8,低云量填图值4,无高云,则推测出中云量为4。,T,F,,,T,
439,443,10117001,第443题	试题编号：10117001,在()预告图中会出现阵雨的符号。,高层重要天气预告图,中层重要天气预告图,低层重要天气预告图,以上都不对,C,
440,444,10117002,第444题	试题编号：10117002,INTSF缩写表示()。,未来将发生某种天气,天气现象正在减弱,天气现象强度不变,天气现象有所加强,D,
441,445,10117003,第445题	试题编号：10117003,"埋置雷暴"的含义是()。,飑线内埋置有大量积雨云,预计积雨云将在一个稳定的气团中发展起来,积雨云埋置在厚度较大的层状云中,高压中心出现积雨云,C,
442,446,10117004,第446题	试题编号：10117004,低空重要天气情报的预报高度范围是()。,FL250~FL450,FL100~FL250,0~FL100,FL450~FL650,C,
443,447,10117005,第447题	试题编号：10117005,高层、中层和低层重要天气图分别表示()。,FL250以上、FL100至FL250、FL100以下的重要天气,FL230以上、FL100至FL230、FL100以下的重要天气,FL250以上、FL180至FL250、FL180以下的重要天气,FL280以上、FL100至FL280、FL100以下的重要天气,A,
444,448,10117006,第448题	试题编号：10117006,高层重要天气预告图的飞行高度层是()以上。,FL340,FL300,FL250,FL200,C,
445,449,10117007,第449题	试题编号：10117007,重要天气图上通常标有()等危害飞行的天气分布情况。,Cb云、急流、锋面,Cu云、锋面、热带风暴,Ci云、急流、热低压,Cc云、赤道辐合带、热低压,A,
446,450,10117008,第450题	试题编号：10117008,重要天气图上缩写SCT、BKN、OVC分别表示()。,少云、中云、多云,少云、多云、阴,多云、高云、低云,低云、中云、高云,B,
447,451,10117009,第451题	试题编号：10117009,在低空重要天气图中的MOIMAINOBSCURATION表示()。,山区有强烈风切变,山地情况不明,山地有较重降水现象发生,山地能见度小于5km,B,
448,452,10117010,第452题	试题编号：10117010,下列哪个简语在和CB结合使用时表示CB云在其影响区域最大覆盖率超过75%()。,EMBD,ISOL,OCNL,FRQ,D,
449,453,10117011,第453题	试题编号：10117011,"Low-Level Prognostic Chart"(低空天气预报图)所描绘天气的有效期是()小时。,2,4,6,24,C,
450,454,10117012,第454题	试题编号：10117012,高空急流轴的两短划表示高度层变化()或以下和（或）风速变化（）。,5000ft；20NM/h,5000ft；30NM/h,3000ft；20NM/h,3000ft；30NM/h,C,
451,455,10117013,第455题	试题编号：10117013,在重要天气预报图中“ISOL CB"表示标注区域内（）。,有50%的区域受CB的影响,有30%的区域受CB的影响,有孤立的积雨云,有40%的区域受CB的影响,C,
452,456,10117014,第456题	试题编号：10117014,对于国际飞行来说，制备"High-Level Significant Prognostic Chart"（高空重 要天气预报图）是为了用在()。,FL290以上的任何飞行高度层,FL100至FL180的高度层,FL180至FL600的高度层,FL100以下的高度层,C,
453,457,20117015,第457题	试题编号：20117015,在低层重要天气预告图中会出现阵雨的符号。,T,F,,,T,
454,458,20117016,第458题	试题编号：20117016,简语FRQ在和CB结合使用时表示CB云在其影响区域最大覆盖率超过75%。,T,F,,,T,
455,459,20117017,第459题	试题编号：20117017,高空急流轴的两短划表示高度层变化5000ft或以下和(或)风速变化30NM/h。,T,F,,,F,
456,460,10118001,第460题	试题编号：10118001,在高空风和温度预告图上,温度值如无符号说明,表示。,零下,零上,不确定,千氏温度,A,
457,461,10118002,第461题	试题编号：10118002,在以NM/h为单位的高空风和温度预告图上,一个黑三角旗代表风速为()。,20NM/h,30NM/h,40NM/h,50NM/h,D,
458,462,10118003,第462题	试题编号：10118003,在表格式的高空风和温度预告图上,方框及方框中的内容指示的是()。,该方框所覆盖的经纬线交叉点上的几个高度层上的风温值,该方框所覆盖的区域内的几个高度层上的平均风温值,该方框所覆盖的区域内的几个高度层上的最大风温值,以上都不对,A,
459,463,20118004,第463题	试题编号：20118004,在高空风和温度预告图上,温度值如无符号说明,表示零下。,T,F,,,T,
460,464,20118005,第464题	试题编号：20118005,在以节为单位的高空风和温度预告图上,一个黑三角旗代表风速为10knot。,T,F,,,F,
461,465,20118006,第465题	试题编号：20118006,在表格式的高空风和温度预告图上,方框及方框中的内容指示的是该方框所覆盖的经纬线交叉点上的几个高度层上的风温值。,T,F,,,T,
462,466,10119001,第466题	试题编号：10119001,红外云图的色调取决于物体()。,对太阳光的反照率的大小,表面温度的高低,水汽含量的多少,目标的表面光滑程度,B,
463,467,10119002,第467题	试题编号：10119002,白天在可见光图像上()的云趋于更亮些。,面向太阳,背向太阳,AB都对,AB都不对,A,
464,468,10119003,第468题	试题编号：10119003,可见光云图的色调取决于物体()。,对太阳光的反照率的大小,表面温度的高低,水汽含量的多少,目标的表面光滑程度,A,
465,469,10119004,第469题	试题编号：10119004,一般来说,在（）上,云顶高度越高,则温度越低,云的色调越白。,红外图,可见光图,水汽图,以上都不对,A,
466,470,10119005,第470题	试题编号：10119005,在红外云图上，有雪覆盖地区的色调要比周围无云地区更()一些。,灰,黑,白,以上都不对,C,
467,471,10119006,第471题	试题编号：10119006,冬半年的红外云图上,陆地的色调比海面()。,亮,暗,相同,以上都不对,A,
468,472,10119007,第472题	试题编号：10119007,夏季的白天红外云图上,陆地的色调比海面()。,亮,暗,相同,以上都不对,B,
469,473,10119008,第473题	试题编号：10119008,红外云图上色调为黑色表示该物体。,红外辐射大,温度高,红外辐射大,温度低,红外辐射小,温度高,红外辐射小,温度低,A,
470,474,10119009,第474题	试题编号：10119009,卫星云图图像主要有()。,VIS和IR两种,KIS和VFR两种,IFR和VFR两种,MDV和VIK两种,A,
471,475,10119010,第475题	试题编号：10119010,卫星云图上,下列何种天气系统呈现出带状云系()。,槽线,切变线,锋面,锋面气旋,C,
472,476,10119011,第476题	试题编号：10119011,卫星云图上,下面何种天气系统呈现出螺旋状云系()。,活跃的冷锋,成熟的气旋,高空槽,静止锋,B,
473,477,10119012,第477题	试题编号：10119012,在北半球卫星云图上,那种北部边界光滑,略呈反气旋性弯曲的带状卷云区表现的是()。,冷锋,高空槽,西风急流,高压脊,C,
474,478,10119013,第478题	试题编号：10119013,卫星云图上的高空急流云系中出现了横向波动云线,说明(),高空急流正处于消散阶段,风速较小,高空急流经过的地区出现了波动,高空急流中的卷云将演变成卷积云,对流将发展,高空急流中风速很强,会有严重颠簸,D,
475,479,10119014,第479题	试题编号：10119014,在卫星云图上,纤维状纹理是()的特征。,积状云,层状云,卷状云,中云,C,
476,480,10119015,第480题	试题编号：10119015,卫星云图上的未闭合细胞状云系主要由()组成。,层积云,浓积云或积雨云,高积云,堡状云,B,
477,481,10119016,第481题	试题编号：10119016,在可见光图卫星云图上,积雨云团所表现的色调为()。,浓白色,灰白色,黑色,白色,A,
478,482,10119017,第482题	试题编号：10119017,暗影是()云图上特有的标记。,红外,可见光,增强红外,可见光和红外,B,
479,483,10119018,第483题	试题编号：10119018,在卫星云图上范围广阔的盾状卷云区北侧是()。,淡积云区,浓积云区,急流区,高层云区,C,
480,484,10119019,第484题	试题编号：10119019,当高空风速垂直切变很大时,卫星云图上的积雨云的()一侧边界光滑整齐,()一侧出现羽状卷云砧。,下风,上风,上风,下风,侧风,上风,侧风,下风,B,
481,485,20119020,第485题	试题编号：20119020,在可见光云图上,一般说来,云厚时其亮度较暗。,T,F,,,F,
482,486,20119021,第486题	试题编号：20119021,在可见光云图上,太阳的高度角越低,暗影越明显。,T,F,,,T,
483,487,20119022,第487题	试题编号：20119022,在红外云图上,云系很白表明此云系很厚。,T,F,,,F,
484,488,20119023,第488题	试题编号：20119023,可见光云图的色调取决于目标物的反照率和目标物的表面温度。,T,F,,,F,
485,489,20119024,第489题	试题编号：20119024,红外云图中的高、中、低云色调差别明显,可见光云图中的高、中,低云色调差别不大。,T,F,,,T,
486,490,20119025,第490题	试题编号：20119025,白天,不管是红外云图还是可见光云图,积雨云的色调都最白。,T,F,,,T,
487,491,20119026,第491题	试题编号：20119026,在卫星云图上可以观测到火山灰云。,T,F,,,T,
488,492,20119027,第492题	试题编号：20119027,较薄的卷云在可见光图像上一般是白色,而在红外图像上是浅灰色。,T,F,,,F,
489,493,20119028,第493题	试题编号：20119028,在可见光云图上,对同样厚度的云来说,水滴云比冰晶云要亮。,T,F,,,T,
490,494,10120001,第494题	试题编号：10120001,在雷达平面显示器上,下述何种形状描述了对流云降水的回波特征()。,范围较大,边界不清晰,有时呈片状,逗点状,结构密实,尺度小,片状,范围较小,边界模糊,块状,尺度小,结构密实,边缘清晰,D,
491,495,10120002,第495题	试题编号：10120002,多普勒气象雷达主要是用来探测下述何种天气现象？(),机场不同方向的能见度,各种不同的降水,云底、云顶高和云的层次,各高度上的风向风速、湍流和强的风切变,D,
492,496,10120003,第496题	试题编号：10120003,下述何种状态描述了层状云降水的回波特征？(),尺度小,呈块状,浓白色,边缘整齐,范围较大,呈比较均匀的片状,带状分布,有皱纹,C,
493,497,10120004,第497题	试题编号：10120004,雷达显示器上出现絮状回波时,常出现()。,连绵的小雨,较大的阵雨,冰雹,连续性降水且雨量较大,D,
494,498,20120005,第498题	试题编号：20120005,研究表明，大多数下击暴流经常伴有弓状回波和钩状回波。,T,F,,,T,
495,499,20120006,第499题	试题编号：20120006,在雷达的RHI图上,冰雹云的强回波中心的高度远比普通雷暴的强回波中心高。,T,F,,,T,
496,500,20120007,第500题	试题编号：20120007,在平显上,零度层亮带是波状云回波的一个重要形态特征。,T,F,,,F,
497,501,20120008,第501题	试题编号：20120008,在平显上,零度层亮带是雹云回波的一个重要形态特征。,T,F,,,F,
498,502,20120009,第502题	试题编号：20120009,飑线的回波宽度很窄,并作为一个整体有规则地移动和演变。,T,F,,,T,
499,503,20120010,第503题	试题编号：20120010,在雷达平显上,最强的下击暴流和微下击暴流容易出现在弓型回波的穹隆处。,T,F,,,T,
500,504,20120011,第504题	试题编号：20120011,指状回波是指冰雹云回波边缘(多位于后缘)上出现的手指状突起,地面降雹一般出现在指状回波处或其根部。,T,F,,,T,
