1,883,10301001,第883题	试题编号：10301001,通信的目的是交换不同地点的(),其中包括语言、文字、图像和数据等。,位置,消息,角度,高度,B,
2,884,10301002,第884题	试题编号：10301002,对现代通信的主要要求之一是:信息的传递应不受()影响。,地形,大气,温度,高度,A,
3,885,10301003,第885题	试题编号：10301003,按传输媒介分类,现代通信可以分为有线通信系统和()通信系统。,同轴,光纤,卫星,无线,D,
4,886,10301004,第886题	试题编号：10301004,专门为两点之间设立传输线的通信称为(),有时也称为点对点通信。,直线通信,专线通信,直接通信,内线通信,B,
5,887,10301005,第887题	试题编号：10301005,天线的基本功用是辐射和接收()。,磁场波,电场波,电磁波,无线电,C,
6,888,10301006,第888题	试题编号：10301006,任何无线电系统都必须借助于()才能进行无线电波的发射与接收。,电路,接收机,发射机,天线,D,
7,889,10301007,第889题	试题编号：10301007,波导的形状,以()波导应用最为普遍,其次是圆形波导。,三角形截面,圆形截面,矩形截面,非规则截面,C,
8,890,10301008,第890题	试题编号：10301008,无线电发射机的输出功率是决定系统()和可靠性的主要因素之一。,作用角度,作用距离,工作频率,工作扇区,B,
9,891,10301009,第891题	试题编号：10301009,在空间传播的交变电磁场,称为()。,交变波,电磁波,正弦波,谐振波,B,
10,892,10301010,第892题	试题编号：10301010,无线电波遇到某些障碍物时,同样能绕过障碍物继续向前传播,这种现象称为()。,衍射,绕射,反射,折射,B,
11,893,10301011,第893题	试题编号：10301011,电波在传播过程中,由于扩散及媒质吸收两方面的原因,会使电波的()逐渐减小。,频谱,角度,能量,频率,C,
12,894,10301012,第894题	试题编号：10301012,电波只能在绝缘体中传播而不能穿过()。,导体,绝缘体,空气,真空,A,
13,895,10301013,第895题	试题编号：10301013,电波是不能在()中存在的。,绝缘体,导体,空气,真空,B,
14,896,10301014,第896题	试题编号：10301014,通常将地球周围的大气层分为()、同温层、电离层等三层。,平流层,对流层,扩散层,散射层,B,
15,897,10301015,第897题	试题编号：10301015,遇到电离层后反射到接收点,这种传播方式称为天波传播。,合成孔径,散射天线,发射天线,接收天线,C,
16,898,10301016,第898题	试题编号：10301016,利用空间波的传播称为()。,对流层传播,大气层传播,视距传播,空间传播,C,
17,899,10301017,第899题	试题编号：10301017,电波沿()直接传播到接收点,称为直达波。,视线,地面,电离层,对流层,A,
18,900,10301018,第900题	试题编号：10301018,在理想均匀媒质中电磁波是沿着()方式传播的。,直线,曲线,切线,弧线,A,
19,901,10301019,第901题	试题编号：10301019,主要用以实现飞机与地面之间、飞机与飞机之间的相互通信,也用以进行机内通话、广播、记录驾驶舱内的语音以及向旅客提供视听娱乐信号的系统是（）。,着陆系统,导航系统,通信系统,娱乐系统,C,
20,902,10301020,第902题	试题编号：10301020,无线电系统所包含的两个基本过程是()。,发送与定位,导航与接收,发送与通信,发送与接收,D,
21,903,10301021,第903题	试题编号：10301021,无线电发射机的电路千差万别,但其基本上是由射频振荡、功率放大、调制器、低预放大及()等几部分功能电路组成的。,滤波器,避雷针,电源,地线,C,
22,904,10301022,第904题	试题编号：10301022,无线电接收设备的基本任务是在接收端从无线电信号中提取系统所需的()。,信息,通信,频率,扰码,A,
23,905,10301023,第905题	试题编号：10301023,无线电接收机的"选择性"表示接收机选择所需信号抑制其他信号及干扰的()。,频率,带宽,能力,规格,C,
24,906,10301024,第906题	试题编号：10301024,超短波通信的特点是()。,不受地形地物的影响,无衰落现象,通信距离限定在视距,频段范围宽,干扰小,C,
25,907,10301025,第907题	试题编号：10301025,长波、中波的传播是()传播方式为主。,天波,地波,直射波,地面反射波,B,
26,908,10301026,第908题	试题编号：10301026,短波传播是以()传播方式为主。,天波,地波,直射波,地面反射波,A,
27,909,10301027,第909题	试题编号：10301027,超短波传播是以()传播方式为主。,天波,地波,直射波,地面反射波,C,
28,910,10301028,第910题	试题编号：10301028,航空器与塔台之间的无线电联络使用()通信系统。,高频,甚高频,微波,卫星,B,
29,911,10301029,第911题	试题编号：10301029,航空器与区域管制室或报告室之间的无线电联络使用()通信系统。,甚高频,高频,微波,卫星,A,
30,912,10301030,第912题	试题编号：10301030,SSB 是指(),标准调幅,双边带调幅,单边带调幅,残留边带调幅,C,
31,913,10301031,第913题	试题编号：10301031,AM是指()。,标准调幅,双边带调幅,单边带调幅,残留边带调幅,A,
32,914,10301032,第914题	试题编号：10301032,目前民航地空通信的主要手段是()。,甚高频和高频通信,低频和中频通信,甚低频和甚高频通信,低频和高频通信,A,
33,915,10301033,第915题	试题编号：10301033,ATIS的作用是()。,及时传送飞机机动区情报及气象信息,随时报告各导航台的位置,随时确定航空器的高度和位置,随时报告机场位置,A,
34,916,10301034,第916题	试题编号：10301034,下述通信网络,不属于民航平面通信网络的是()。,卫星通信网,数据分组交换网,VHF地空话音通信网,集群管制通信系统,C,
35,917,10301035,第917题	试题编号：10301035,下述通信网络,属于民航地空通信网络的是()。,数据分组交换网,VHF地空数据通信网,INTERNET国际互联网,集群管制通信系统,B,
36,918,10301036,第918题	试题编号：10301036,民航地空电台主要有()。,低频电台,导航电台,高频和甚高频电台,微波电台,C,
37,919,10301037,第919题	试题编号：10301037,通信时只发送上边带或下边带的调制方式称为()。,AM,SSB,VSB,DSB,B,
38,920,10301038,第920题	试题编号：10301038,能够在连接地面电台和机载电台的无线电话信道上选择呼叫个别航空器的系统称为(),,数据终端,数据选择系统,话音控制系统,选择呼叫系统,D,
39,921,10301039,第921题	试题编号：10301039,波导通常是用铝、铜等金属制成的封闭(),其内壁镀银,以减少损耗。,金属导管,金属网线,金属轴线,非金属导体,A,
40,922,10301040,第922题	试题编号：10301040,所谓的()是指空管二次雷达的无线电发射机部分。,引导头,导航头,自动化,雷达头,D,
41,923,10301041,第923题	试题编号：10301041,抛物面天线能形成很窄的波瓣,具有较高的增益和（）。,方向性,分辨率,归一性,抗干扰性,A,
42,924,10301042,第924题	试题编号：10301042,由于电波具有()特性,所以能够沿着起伏不平的地球表面传播。,衍射,反射,绕射,折射,C,
43,925,10301043,第925题	试题编号：10301043,无线电波在大气中的传播，有时也会产生()。,折射,反射,绕射,散射,D,
44,926,10301044,第926题	试题编号：10301044,如果用具有一定导电性的金属磁漆涂刷雷达天线罩,则会严重衰减雷达信号而降低雷达的()。,工作波长,工作频率,作用角度,作用距离,D,
45,927,10301045,第927题	试题编号：10301045,由于海水的导电系数比陆地大，所以电波沿海面可以传播()的距离。,较远,较近,视线,光学,A,
46,928,10301046,第928题	试题编号：10301046,无线电发射机的基本任务是向发射天线提供传送()的射频信号。,通信,信息,频率,扰码,B,
47,929,10301047,第929题	试题编号：10301047,无线电接收机灵敏度表示接收机接收弱信号的能力,它直接影响系统的()。,工作波长,工作频率,作用角度,作用距离,D,
48,930,10301048,第930题	试题编号：10301048,在AM信号中,有用信号是()。,载波,调频音频,下边带,载波和上边带,C,
49,931,10301049,第931题	试题编号：10301049,关于短波通信使用频率,下述中正确的是()。,距离远的比近的高,白天比晚上的高,冬季比夏季的高,与时间、距离等无关,B,
50,932,10301050,第932题	试题编号：10301050,单边带通信的缺点是()。,频带宽,功率利用率低,通信距离近,收发信机结构复杂、要求频率稳定度和准确度高,D,
51,933,10301051,第933题	试题编号：10301051,点播传播的速度v、频率f和波长λ之间的关系是()。,v=λ/f,v=λxf,v=f/λ,v=2f/λ,B,
52,934,10301052,第934题	试题编号：10301052,天波传输的特点是()。,传播距离远,信号传输稳定,干扰小,传播距离为视距,A,
53,935,10301053,第935题	试题编号：10301053,地波传输的特点是()。,信号传输稳定,传播距离为视距,受天气影响大,传播距离远,A,
54,936,10301054,第936题	试题编号：10301054,直射波传播的特点是()。,传播距离远,信号传输不稳定,传播距离为视距,干扰大,C,
55,937,10301055,第937题	试题编号：10301055,PTT是指()。,Push To Talk,Pulse Transmission Time,Push To Test,Put To Terminal,A,
56,938,10301056,第938题	试题编号：10301056,话音信号的主要能量集中的频率范围是()赫兹。,50~0000,200~5000,300~3400,400~5000,C,
57,939,10301057,第939题	试题编号：10301057,SSB通信的优点是()。,节省发射功率,接受设备简单,易于实现,频率稳定度、准确度不需很高,A,
58,940,10301058,第940题	试题编号：10301058,AM接收机采用()进行检波。,同步检波器,包络检波器,鉴频器,鉴相器,B,
59,941,10301059,第941题	试题编号：10301059,SSB接收机采用()进行检波。,同步检波器,包络检波器,鉴频器,鉴相器,A,
60,942,10301060,第942题	试题编号：10301060,话音信号不经调制而直接发射，将导致()。,天线尺寸过大和接收机无法正确接受,发射功率过大,接收机体积过大,发射机体积过大,A,
61,943,10301061,第943题	试题编号：10301061,当调制度由30%调整为80%时,AM信号功率将()。,变小,变大,不变,不一定,B,
62,944,10301062,第944题	试题编号：10301062,在国际间数据交换中,应使用作为第五号国际字母表,其有()个字符的七单位编码字符组。,66,93,120,128,D,
63,945,10301063,第945题	试题编号：10301063,对天线控制波束的要求应()。,覆盖整个询问波束,覆盖询问波束旁瓣,覆盖询问波束主瓣,和询问波束一样,C,
64,946,10301064,第946题	试题编号：10301064,半双工通信指通信双方都能收发消息,但不能同时进行收发的工作方式,典型的如()。,PTT,ACARS,AMSS,GPRS,A,
65,947,10301065,第947题	试题编号：10301065,无线电波经过不同媒质的交界面时,也会产生()现象。,衍射,绕射,反射,折射,C,
66,948,10301066,第948题	试题编号：10301066,观众可以看到放映机发出的光束,这是由于空气中的微尘引起光波段()的结果。,散射,反射,绕射,折射,A,
67,949,10301067,第949题	试题编号：10301067,电波射向导体时能量全部被()。,衍射,散射,反射,折射,C,
68,950,10301068,第950题	试题编号：10301068,电波利用电离层或对流层的()而散射传播到接收点,称为散射传播。,均匀性,温度变异,媒质特性,不均匀性,D,
69,951,10301069,第951题	试题编号：10301069,在理想均匀媒质中电磁波的传输速度是()的。,变速,等速,不确定,未知,B,
70,952,10301070,第952题	试题编号：10301070,当接收机工作频率改变时,需要同时改变输入回路、高放谐振回路和本机振荡的()。,频率,带宽,能力,规格,A,
71,953,10301071,第953题	试题编号：10301071,在收信端也必须有能将电信号还原为语音信号的耳机或扬声器,这类能完成电信号和声音信号之间相互转换的器件,称为()。,电源器件,电声器件,振荡器件,滤波器件,B,
72,954,20301072,第954题	试题编号：20301072,无线电波经过不同媒质的交界面时,通常是不会产生反射现象。,T,F,,,F,
73,955,20301073,第955题	试题编号：20301073,在空间传播的交变电磁场,称为电磁波。,T,F,,,T,
74,956,20301074,第956题	试题编号：20301074,由于电波具有绕射特性，所以能够沿着起伏不平的地球表面传播。,T,F,,,T,
75,957,20301075,第957题	试题编号：20301075,在理想均匀媒质中电磁波的传输速度是变速的。,T,F,,,F,
76,958,10302001,第958题	试题编号：10302001,机载设备中使用填充有高频介质的同轴线,电磁能在其中的传播速度接近于()。,声速,光速,波速,风速,B,
77,959,10302002,第959题	试题编号：10302002,通常将频率在300000MHz以下的电磁波称为(),简称电波。,正弦波,光学波,无线电波,谐振波,C,
78,960,10302003,第960题	试题编号：10302003,电波在真空中的传播速度等于()。,音速,光速,空速,地速,B,
79,961,10302004,第961题	试题编号：10302004,无线电波在均匀媒质中是以恒定的速度沿()传播的。,直线,曲线,折线,弧线,A,
80,962,10302005,第962题	试题编号：10302005,在执行远距离飞行管制任务而没有其他通信手段的地方,应使用()。,甚高频电台,超短波电台,中波电台,高频电台,D,
81,963,10302006,第963题	试题编号：10302006,高频通信系统用于飞机与地面电台或与其他飞机之间进行调幅和单边带通信联络,它的传播特性适用于()通信。,远距离,大圆距离,视线距离,空间距离,A,
82,964,10302007,第964题	试题编号：10302007,电波在空气中的传播速度略()光速。,大于,小于,等于,强于,B,
83,965,10302008,第965题	试题编号：10302008,高频通信采用的调制方式是()。,等幅制,调幅制,调频制,调相制,B,
84,966,10302009,第966题	试题编号：10302009,短波(单边带机或者HF)主要利用（）传播。,折射波,散射波,地波,天波,D,
85,967,10302010,第967题	试题编号：10302010,当把射频信号施加到天线输入端时,天线便能有效地把射频信号所包含的电磁能量辐射到空中去,在天线附近的空间中形成()»,交变波,谐振波,正弦波,电磁波,D,
86,968,20302011,第968题	试题编号：20302011,高频通信系统通信距离可达数千km。,T,F,,,T,
87,969,20302012,第969题	试题编号：20302012,高频通信系统用于飞机与地面电台或与其他飞机之间进行调幅和单边带通信联络,它的传播特性适用于近距离通信。,T,F,,,F,
88,970,20302013,第970题	试题编号：20302013,短波主要利用天波传播。,T,F,,,T,
89,971,10303001,第971题	试题编号：10303001,甚高频(VHF)通信系统用于()内的调幅通话联络。,弦线距离,大圆距离,视线距离,空间距离,C,
90,972,10303002,第972题	试题编号：10303002,应急电台的作用是在飞机发生事故时,使用它发出()以便能够得到救援。,卫星信号,间歇信号,莫尔斯信号,呼叫信号,D,
91,973,10303003,第973题	试题编号：10303003,下列哪个频率是应急电台的工作频率()?,131.5MHz,121.5MHz,111.5MHz,101.5MHz,B,
92,974,10303004,第974题	试题编号：10303004,目前在终端区附近,使用甚高频(VHF)空地通信系统,主要是()。,APC通信,AOC通信,话音通信,数据通信,C,
93,975,10303005,第975题	试题编号：10303005,电台干扰是指与()相近的其他无线电台的干扰,包括敌对方有意识的干扰。,工作电压,工作频率,工作能量,工作地点,B,
94,976,10303006,第976题	试题编号：10303006,VHF通信设备一般都建在高山或者远离城市的开阔地带,是为了尽量避开()阻挡,以确保通信效果。,人员活动等的,高山、高大建筑等,水面及海洋波浪等,未知障碍及不明物体等,B,
95,977,10303007,第977题	试题编号：10303007,VHF机载电台和地面电台具有PTT(Push-To-Talk)开关,按下时处于。,接收状态,稳定状态,发射状态,待机状态,C,
96,978,10303008,第978题	试题编号：10303008,VHF机载电台和地面电台具有PTT (Push-To-Talk)开关，松开时处于。,接收状态,稳定状态,发射状态,待机状态,A,
97,979,10303009,第979题	试题编号：10303009,当某个VHF地面台管制员正与覆盖区内某架飞机通话时,其它飞机()。,可以听到他们的通话内容,听不到他们的通话内容,可以接收到他们的数据,可以监视他们的工作状态,A,
98,980,10303010,第980题	试题编号：10303010,飞机通信选址报告系统具备进行双向()的功能。,话音通信,数据传送,监视,询问,B,
99,981,10303011,第981题	试题编号：10303011,目前飞机通信选址报告系统使用国际民航专用的()通信频段。,Ku波段,C波段,甚高频,高频,C,
100,982,10303012,第982题	试题编号：10303012,VHF、ATC应答信号等,都可以认为是沿()在收发天线之间传播的。,弧线,曲线,折线,直线,D,
101,983,10303013,第983题	试题编号：10303013,甚高频通信频率为()。,100~350MHz,10~136.975MHz,2~29.9999MHz,30~300MHz,D,
102,984,10303014,第984题	试题编号：10303014,VHF通信只能以()方式传播。,天波,地波,空间波,散射波,C,
103,985,10303015,第985题	试题编号：10303015,民航VHF收发信机的工作频率为()。,39~99.975MHz,118~150MHz,100~200.975MHz,118~136.975MHz,D,
104,986,10303016,第986题	试题编号：10303016,VHF通信的最大作用距离是由()决定的。,发射天线,接收天线高度,收发天线高度和地球曲面半径,发射功率,C,
105,987,10303017,第987题	试题编号：10303017,当VHF收发信机处于"遥控工作状态"时,遥控器()。,可以发射,可以接收,可以发射和接收,不能发射和接收,C,
106,988,10303018,第988题	试题编号：10303018,当VHF收发信机处于"本地工作状态"时,遥控器()。,可以发射,可以接收,可以发射和接收,不能发射和接收,B,
107,989,10303019,第989题	试题编号：10303019,当VHF收发信机处于"遥控工作状态"时,VHF收发信机()。,A.可以发射,B.可以接收,C.可以发射和接收,D.不能发射和接收,B,
108,990,10303020,第990题	试题编号：10303020,当VHF收发信机处于"本地工作状态"时,VHF收发信机()。,可以发射,可以接收,可以发射和接收,不能发射和接收,C,
109,991,10303021,第991题	试题编号：10303021,VHF通信以直射波传播为主，通信距离限制在视距以内，因而又称()。,地波传播,远距离传播,无线传播,视距传播,D,
110,992,10303022,第992题	试题编号：10303022,VHF天线的极化方式是()。,水平极化,垂直极化,圆极化,椭圆极化,B,
111,993,10303023,第993题	试题编号：10303023,飞机VHF通信系统天线是辐射和接收射频信号的装置,通常是()天线,,刀型,圆型,射线型,直线型,A,
112,994,10303024,第994题	试题编号：10303024,人为噪声也称工业干扰,是由各种()和电力网产生的。,未知设备,现场设备,电气设备,机械设备,C,
113,995,10303025,第995题	试题编号：10303025,典型的VHF空地数据链是(),是美国ARINC公司在七十年代初开发的一种系统。,ACAS,AMSS,TWDL,ACARS,D,
114,996,10303026,第996题	试题编号：10303026,民航VHF地空通信的工作方式是()。,单工,半双工,全双工,全单工,B,
115,997,10303027,第997题	试题编号：10303027,某VHF收发信机的工作频率为125MHz,此频率是指()。,接收机的本振信号频率,发射机的载波频率,话音信号频率,中频频率,B,
116,998,10303028,第998题	试题编号：10303028,若话音信号的最高频率为3400Hz,则VHF接收机的有效传输带宽至少为()Hz。,3400,4000,4800,6800,D,
117,999,10303029,第999题	试题编号：10303029,甚高频(VHF)电波的()现象比较显著。,折射,散射,绕射,反射,B,
118,1000,10303030,第1000题	试题编号：10303030,甚高频电波是利用()来传播的。,天波,空间波,地波,折射波,B,
119,1001,10303031,第1001题	试题编号：10303031,由于VHF具有视距传播的特点,因而这些地空话音通信信道可以()。,重复使用,分别使用,任意使用,无限使用,A,
120,1002,10303032,第1002题	试题编号：10303032,目前地面机场可以通过()向航空器发布离场前放行指令(PDC)。,ACARS数据链,VDL3数据链,VDL4数据链,AMSS数据链,A,
121,1003,20303033,第1003题	试题编号：20303033,甚高频无线电波在均匀媒质中是以恒定的速度沿直线传播的。,T,F,,,T,
122,1004,20303034,第1004题	试题编号：20303034,甚高频通信系统用于视线距离内的调幅通话联络。,T,F,,,T,
123,1005,20303035,第1005题	试题编号：20303035,甚高频电波的折射现象比较显著。,T,F,,,F,
124,1006,10304001,第1006题	试题编号：10304001,下列哪项是不是卫星通信的缺点()？,信号传输不稳定,维护费用昂贵,传输时延大,布站困难,D,
125,1007,10304002,第1007题	试题编号：10304002,民航现行话音与数据通信传输的卫星通信主要是通过()覆盖国内区域的。,C波段,X波段,L波段,S波段,A,
126,1008,10304003,第1008题	试题编号：10304003,卫星通信的VSAT站可以直接安装在(),摆脱用户对地面引接线路的依赖。,机场附近,航站楼附近,用户附近,飞机附近,C,
127,1009,10304004,第1009题	试题编号：10304004,卫星通信和导航的特点是()。,覆盖范围大,实现新航行系统,覆盖海洋,覆盖沙漠,A,
128,1010,10304005,第1010题	试题编号：10304005,卫星通信是以卫星作为()的微波通信系统。,发射站,中继站,接收站,高频站,B,
129,1011,10304006,第1011题	试题编号：10304006,民航现行话音与数据通信传输的卫星通信是通过租用()的部分转发器完成。,海事卫星,鑫诺卫星,国际卫星,导航卫星,B,
130,1012,10304007,第1012题	试题编号：10304007,卫星通信中的日凌中断每年出现(),每次持续6天，每天持续约10分钟。,五次,四次,三次,两次,D,
131,1013,20304008,第1013题	试题编号：20304008,地球表面均在卫星覆盖区域内，且部分区域为两颗卫星的重叠地区。,T,F,,,F,
132,1014,20304009,第1014题	试题编号：20304009,降雨时会引起卫星通信线路质量的下降，从而降低卫星通信系统工作的可靠性。,T,F,,,T,
133,1015,20304010,第1015题	试题编号：20304010,卫星通信的一个缺点是传输时延大。,T,F,,,T,
134,1016,20304011,第1016题	试题编号：20304011,民航现行话音与数据通信传输的卫星通信主要是通过L波段覆盖国内区域的。,T,F,,,F,
135,1017,10305001,第1017题	试题编号：10305001,国际民航组织新航行系统中的通信系统主要强调发展基于()业务的航空移动业务。,A.气象监视,B. ATC通信,C.话音通信,D.数据通信,D,
136,1018,10305002,第1018题	试题编号：10305002,从技术上说，新航行系统采用了 () +数据链技术+计算机网络技术。,A.预测技术,B.流量空域管理,C.卫星技术,D.安全技术,C,
137,1019,10305003,第1019题	试题编号：10305003,航空移动卫星业务(AMSS)可以满足包括()等四种业务的要求。,A.	ATC,B.	VDL,C.	ATS,D.	HDL,C,
138,1020,10305004,第1020题	试题编号：10305004,航空移动卫星业务的种类包括数据通信、()和话音通信。,A. X. 25数据传输,B.自动相关监视,C.民航转报通信业务,D. CPDLC数据业务,B,
139,1021,10305005,第1021题	试题编号：10305005,机场内移动通信的作用是()□,A.话音调度指挥,B.电报传输,C.与航空器进行话音通信,D.对空广播,A,
140,1022,10305006,第1022题	试题编号：10305006,下述通信手段中不属于未来地空通信主要手段的是O o,A.甚高频话音和数据通信,B.二次雷达S模式数据通信,C.航空移动卫星通信,D.高频通信,D,
141,1023,10305007,第1023题	试题编号：10305007,采用管制员与驾驶员数据通信技术是为了 ()0,A.减少通信线路数据流量,B.增加可靠性,C.节省通信费用,D. A、B 和 C,A,
142,1024,10305008,第1024题	试题编号：10305008,新航行系统的英文简写是()。,A.	SSR,B.	ASSR,C.	CNS/ATM,D.	DME,C,
143,1025,10305009,第1025题	试题编号：10305009,国际民航组织优选的VDL （甚高频数据链）方案有（）方式。,A.四种,B.五种,C.六种,D.七种,A,
144,1026,10305010,第1026题	试题编号：10305010,国际民航组织定义的航空电信网（ATN）的子网有（）类型。,A.四种,B.五种,C.六种,D.七种,A,
145,1027,10305011,第1027题	试题编号：10305011,在国际民航组织优选的VDL（甚高频数据链）方案中，（）模式得到了比较广泛的应 用。,A.	VDL1,B.	VDL2,C.	VDL3,D.	VDL4,B,
146,1028,10305012,第1028题	试题编号：10305012,在国际民航组织优选的VDL（甚高频数据链）方案中，（）模式采用GNSS卫星时间同步 技术。,A.	VDL1,B.	VDL2,C.	VDL3,D.	VDL4,D,
147,1029,20305013,第1029题	试题编号：20305013,国际民航组织新航行系统中的通信系统主要强调发展基于ATC通信业务的航空移动业 务。,T,F,,,F,
148,1030,20305014,第1030题	试题编号：20305014,空中交通管理（ATM）,包括空域管理（ASM）、空中交通流量管理（ATFM）和空中交通服 务（ATS）。,T,F,,,T,
149,1031,20305015,第1031题	试题编号：20305015,在国际民航组织优选的VDL方案中，VDL2模式得到了比较广泛的应用。,T,F,,,T,
150,1032,10306001,第1032题	试题编号：10306001,导航系统的功用是获取一个或多个()。,通信参量,定位参量,导航参量,计算参量,C,
151,1033,10306002,第1033题	试题编号：10306002,()、定向机、全向信标系统、多普勒雷达、奥米加导航系统等是用于确定飞机位置的无线电定位系统。,测距机,单边带,远端机,二次雷达,A,
152,1034,10306003,第1034题	试题编号：10306003,下列属于着陆引导设备的是()。,全向信标系统,仪表着陆系统,一次雷达,二次雷达,B,
153,1035,10306004,第1035题	试题编号：10306004,根据位置线的不同,可以把导航系统划分为()、测距系统及测距差系统。,测温差系统,测温系统,测速系统,测向系统,D,
154,1036,10306005,第1036题	试题编号：10306005,测定一个电参量,就可以确定飞机所处的一条位置线,但不能确定飞机的确切()。,位置点,圆航线,巡航速度,地速,A,
155,1037,10306006,第1037题	试题编号：10306006,下列导航设备中,属于自备式的()。,二次雷达,着陆雷达,多普勒雷达,一次雷达,C,
156,1038,10306007,第1038题	试题编号：10306007,下列导航设备中,不属于自备式的()。,磁罗盘,惯性导航,多普勒雷达,无线电罗盘,D,
157,1039,10306008,第1039题	试题编号：10306008,下列导航设备中,不属于他备式的()。,二次雷达,着陆雷达,多普勒雷达,一次雷达,C,
158,1040,10306009,第1040题	试题编号：10306009,下列导航设备中,属于他备式的()。,磁罗盘,惯性导航,多普勒雷达,无线电罗盘,D,
159,1041,10306010,第1041题	试题编号：10306010,下列导航设备中,属于航路导航的是()。,航向信标,全向信标,下滑信标,指点信标,B,
160,1042,10306011,第1042题	试题编号：10306011,下列导航设备中,不属于航路导航的是()。,航向信标,全向信标,无方向信标,DME信标,A,
161,1043,10306012,第1043题	试题编号：10306012,区域导航系统以()为基础。,ADF/NDB,LOC/GS,VOR/DME,PSR/SSR,C,
162,1044,10306013,第1044题	试题编号：10306013,惯性导航系统属于()。,自备式近程导航系统,他备式近程导航系统,自备式远程导航系统,他备式远程导航系统,C,
163,1045,10306014,第1045题	试题编号：10306014,惯性导航系统所提供方位角的基准为()。,磁北,磁南,真北,真南,A,
164,1046,10306015,第1046题	试题编号：10306015,利用VOR和DME可组成()种定位系统。,1,2,3,4,C,
165,1047,10306016,第1047题	试题编号：10306016,惯性导航系统允许的定位误差为小于等于()NM。,1,1.5,2,3,B,
166,1048,10306017,第1048题	试题编号：10306017,国际民航组织规定108.10MHz用于()。,DME,VOR,LOC,GS,C,
167,1049,10306018,第1049题	试题编号：10306018,国际民航组织规定108. 25MHz用于()。,DME,VOR,LOC,GS,B,
168,1050,10306019,第1050题	试题编号：10306019,MLS是()的英文缩写。,测距仪,仪表着陆系统,微波着陆系统,无方向信标,C,
169,1051,10306020,第1051题	试题编号：10306020,按照各个系统的功能,又可以把飞机无线电导航系统进一步划分为（）、测高、着陆引导和环境监测系统的大类。,航路,区域,机场,定位,D,
170,1052,10306021,第1052题	试题编号：10306021,飞机在复杂气象条件下或者在夜间着陆中,()是唯一的导航手段。,灯光,无线电导航,二次雷达,一次雷达,B,
171,1053,10306022,第1053题	试题编号：10306022,多普勒领航系统可向飞行员提供()。,航空器姿态,地速和偏流角,有利飞行高度,偏航距离,B,
172,1054,10306023,第1054题	试题编号：10306023,为了惯性导航系统正确导航,在自对准之前必须先输入()。,PPOS,WPT,WIND(WD/WS),MH/TAS,A,
173,1055,10306024,第1055题	试题编号：10306024,下列导航设备中,属于L波段的是()。,L0C,GS,DME,ADF,C,
174,1056,10306025,第1056题	试题编号：10306025,无线电导航系统的基本功能是引导飞机按()安全、经济地完成规定的飞行任务。,选定航路,选定区域,选定高度,选定备降,A,
175,1057,10306026,第1057题	试题编号：10306026,无线电导航是通过对无线电信号的某一()的测量来测定飞机的导航几何参数。,电参数,机械参数,气象参数,星参数,A,
176,1058,20306027,第1058题	试题编号：20306027,无线电导航系统通常只能完成定位。,T,F,,,F,
177,1059,20306028,第1059题	试题编号：20306028,无线电导航系统的基本功能是引导飞机按选定航路安全、经济地完成规定的飞行任务。,T,F,,,T,
178,1060,20306029,第1060题	试题编号：20306029,有的飞机无线电系统不需要任何地面设施，便可实现系统的既定功能。,T,F,,,T,
179,1061,20306030,第1061题	试题编号：20306030,从定位的观点来看,测定一个电参量,就可以确定接收点所处的位置。,T,F,,,F,
180,1062,20306031,第1062题	试题编号：20306031,必须利用定位平面中的两条或两条以上的位置线相交,才能确定飞机的具体位置点。,T,F,,,T,
181,1063,20306032,第1063题	试题编号：20306032,在远程飞行中，航空器应尽可能沿大圆航线飞行。,T,F,,,T,
182,1064,20306033,第1064题	试题编号：20306033,由飞机所在位置的经线北端顺时针测量到航向线的角度被称为航线角。,T,F,,,F,
183,1065,20306034,第1065题	试题编号：20306034,以磁经线为基准的航向称为磁航向。,T,F,,,T,
184,1066,10307001,第1066题	试题编号：10307001,机载测距机和地面测距信标台配合工作,可连续地向()提供飞机到测距台的实时距离信息。,管制员,领航员,航空公司,飞行员,D,
185,1067,10307002,第1067题	试题编号：10307002,测距机系统是采用空地设备之间的()工作的。,测向方式,反射方式,测磁方式,问答方式,D,
186,1068,10307003,第1068题	试题编号：10307003,通常可以把机载测距机称为询问器,而把地面测距信标台称为应答器,或简称为()。,应答器,应答机,信标台,ILS,C,
187,1069,10307004,第1069题	试题编号：10307004,为了便于机组判别正在测距的测距信标台是否是所选定的测距信标台,信标台以()发射三个字母的识别信号。,莫尔斯电码,ASCII码,汉明码,RS232码,A,
188,1070,10307005,第1070题	试题编号：10307005,DME测距系统工作于()。,X波段,L波段,S波段,C波段,B,
189,1071,10307006,第1071题	试题编号：10307006,利用DME进行定位,要求至少同时接收到()个DME信标的信号,1,2,3,4,B,
190,1072,10307007,第1072题	试题编号：10307007,飞行高度8000m以上时,DME信标的导航范围为()NM。,100,200,300,400,C,
191,1073,10307008,第1073题	试题编号：10307008,DME系统的地面设备是()。,发射机,接收机,询问器,应答器,D,
192,1074,10307009,第1074题	试题编号：10307009,DME系统的机载设备是()。,发射机,接收机,询问器,应答器,C,
193,1075,10307010,第1075题	试题编号：10307010,在下列导航设备中,既可用于航路,又可用于终端区的是()。,LOC,ILS,DME,MB,C,
194,1076,10307011,第1076题	试题编号：10307011,DME测距时，用测得询问脉冲和应答脉冲()计算距离。,时间差的三倍,时间差的一半,时间差的三分之一,时间差的二倍,B,
195,1077,10307012,第1077题	试题编号：10307012,DME测距时,利用的位置线是()。,直线,圆,椭圆,双曲线,B,
196,1078,10307013,第1078题	试题编号：10307013,测距机测量的是飞机到地面测距台的()。,圆距离,斜距,经线,弦距离,B,
197,1079,10307014,第1079题	试题编号：10307014,利用测距机/VOR系统,还可以有效地进行()。,卫星导航,区域导航,区域管制,场面导航,B,
198,1080,10307015,第1080题	试题编号：10307015,测距机一般是与()或仪表着陆系统配合工作的。,DME系统,NDB系统,无线电高度表,全向信标,D,
199,1081,10307016,第1081题	试题编号：10307016,机上DME显示器通常可显示()。,高度,距离,方为,D仰角,B,
200,1082,10307017,第1082题	试题编号：10307017,测距仪的频率范围是()。,329.00-335.00MHz,108.00-112.00MHz,1025.00-1150.00MHz,962.00~1213.00MHz,D,
201,1083,10307018,第1083题	试题编号：10307018,DME系统的测距误差为()。,0.005,0.01,0.015,0.02,B,
202,1084,10307019,第1084题	试题编号：10307019,DME系统的询问和应答频率差为()。,1MHz,63MHz,126MHz,不固定,B,
203,1085,10307020,第1085题	试题编号：10307020,一个DME询问频率对应()个应答频率。,1,2,3,4,B,
204,1086,10307021,第1086题	试题编号：10307021,DME测距的基本原理是测量询问脉冲与应答脉冲的()。,幅度差,频率差,相位差,时间差,D,
205,1087,10307022,第1087题	试题编号：10307022,DME共有()个频道。,80,100,160,200,D,
206,1088,10307023,第1088题	试题编号：10307023,DME的频道间隔为()MHz。,0.5,1,1.5,2,B,
207,1089,10307024,第1089题	试题编号：10307024,测距机获得的距离是通过测量询问脉冲与应答脉冲之间的(),从而计算出飞机到测距信标台之间的斜距。,周期,时间延迟,相关时间,相位差,B,
208,1090,10307025,第1090题	试题编号：10307025,通常测距机有两个状态,即搜索状态和()。,跟踪状态,锁定状态,稳定状态,自检状态,A,
209,1091,20307026,第1091题	试题编号：20307026,静压孔堵塞时对空速表的示数没有影响。,T,F,,,F,
210,1092,20307027,第1092题	试题编号：20307027,只利用机场测距台可以实现对飞机的进近引导。,T,F,,,F,
211,1093,20307028,第1093题	试题编号：20307028,利用DME/VOR,可以有效地进行RNP导航。,T,F,,,F,
212,1094,20307029,第1094题	试题编号：20307029,通常测距机的最大显示距离为390NM(约为722km)。,T,F,,,T,
213,1095,20307030,第1095题	试题编号：20307030,测距机采用询问-应答方式工作。,T,F,,,T,
214,1096,10308001,第1096题	试题编号：10308001,甚高频全向信标系统简称为(),它是一种近程无线电导航系统。,ARF,NDB,VOR,RGS,C,
215,1097,10308002,第1097题	试题编号：10308002,VOR导航系统的功能之一是测量飞机的VOR()。,航向角,航线角,方位角,俯仰角,C,
216,1098,10308003,第1098题	试题编号：10308003,V0R方位角是指从飞机所在位置的磁北方向顺时针测量到飞机与V0R台连线之间 ()。,A.距离,B.夹角,C.方位角,D.俯仰角,B,
217,1099,10308004,第1099题	试题编号：10308004,飞机磁方位是以VOR台为()来观察飞机相对VOR台的磁方位。,极点,标准,水平点,基准,D,
218,1100,10308005,第1100题	试题编号：10308005,VOR系统在航空导航中的基本功能有两个方面:()和沿选定的航路导航。,定位,测距,测向,领航,A,
219,1101,10308006,第1101题	试题编号：10308006,在一条"空中航路"上,根据航路的长短,可以设置()VOR台。,测向,一个,多个,领航,C,
220,1102,10308007,第1102题	试题编号：10308007,VOR台在航路上的安装地点叫()。,位置点,航路点,区域点,领航点,B,
221,1103,10308008,第1103题	试题编号：10308008,VOR/L0C装在一起,利用与跑道中心延长线一致的VOR台方位线,可以代替LOC对飞机进行()。,着陆引导,领航引导,航线引导,航向引导,A,
222,1104,10308009,第1104题	试题编号：10308009,安装在航路上的VOR台叫航路VOR,台址通常选在()的地点。,山下,河边,无障碍物,有高大建筑物,C,
223,1105,10308010,第1105题	试题编号：10308010,航路VOR台识别码是由2—3个字母组成的。,每30s重复一次。,RS232码,ASCⅡ码,汉明码,莫尔斯电码,D,
224,1106,10308011,第1106题	试题编号：10308011,为确定飞机是飞向或飞离VOR台,向/背台指示器用来指示飞机在()的那一边飞行。,预选空域,预选航道,备降机场,预选机场,B,
225,1107,10308012,第1107题	试题编号：10308012,全向信标的调制信号频率是()MHz。,30,60,90,150,A,
226,1108,10308013,第1108题	试题编号：10308013,全向信标的方位信号在机上送到()指标。,HSI,ADI,VSI,ADF,A,
227,1109,10308014,第1109题	试题编号：10308014,全向信标工作在()波段。,HF,VHF,UHF,SHF,B,
228,1110,10308015,第1110题	试题编号：10308015,利用VOR进行定位,要求至少同时接受到()个VOR的信号。,1,2,3,4,B,
229,1111,10308016,第1111题	试题编号：10308016,VOR的作用是测量()。,航空器航向,航空器方位,电台航向,电台方位,B,
230,1112,10308017,第1112题	试题编号：10308017,VOR方位角()。,与磁航向有关,与磁航向无关,与空速有关,与地速有关,B,
231,1113,10308018,第1113题	试题编号：10308018,VOR测向采用的是()。,比幅制,比相制,比频制,比幅/比相制,B,
232,1114,10308019,第1114题	试题编号：10308019,VOR测向时,利用的位置线是()。,直线,圆,椭圆,双曲线,A,
233,1115,10308020,第1115题	试题编号：10308020,VOR台通过天线发射电波,提供从电台到飞机的()信息。,磁方位,真方位,角方位,俯仰角,A,
234,1116,10308021,第1116题	试题编号：10308021,飞机磁方位和VOR方位相差()°。,180,90,270,0,A,
235,1117,10308022,第1117题	试题编号：10308022,航路VOR工作范围主要受视距限制,而视距又受()的限制。,飞行高度,地球曲率,飞行速度,大气密度,B,
236,1118,10308023,第1118题	试题编号：10308023,影响VOR导航精度的主要外部因素是VOR台周围的()和多路径接收。,气温,航线,地形,机场,C,
237,1119,10308024,第1119题	试题编号：10308024,全向信标测向的基本原理是测量二个低频信号的(),频率差,相位差,幅度差,速度差,B,
238,1120,10308025,第1120题	试题编号：10308025,已知航空器的磁航向是90°,相对方位是225°,则全向信标方位是()°。,45,135,225,315,D,
239,1121,10308026,第1121题	试题编号：10308026,全向信标的频率范围()。,108.00-112.00MHz,112.00-118.00MHz,108.00-118.00MHz,118.00~136.00MHz,C,
240,1122,10308027,第1122题	试题编号：10308027,当航空器航向改变时,()。,磁航向、相对方位都随之改变,而VOR方位不变,磁航向、相对方位、VOR方位都随之改变,磁航向随之改变,而相对方位、VOR方位都不改变,磁航向、相对方位、VOR方位都不改变,A,
241,1123,10308028,第1123题	试题编号：10308028,VOR和DME合装时,二者频率()。,固定配对,随便配对,固定为九倍,固定为九分之一,A,
242,1124,10308029,第1124题	试题编号：10308029,VOR共有()个频道。,100,120,140,160,B,
243,1125,10308030,第1125题	试题编号：10308030,VOR的频道间隔为()MHz。,0.05,0.1,0.15,0.2,A,
244,1126,10308031,第1126题	试题编号：10308031,终端VOR台通常和DME或LOC装在一起,VOR/DME台组成()定位系统。,圆坐标,水平坐标,笛卡儿坐标,极坐标,D,
245,1127,10308032,第1127题	试题编号：10308032,通常航路VOR发射功率为200W,工作距离()NM。,50,100,500,200,D,
246,1128,10308033,第1128题	试题编号：10308033,甚高频全向信标是以()为基准的机载导航设备,由地面台和机载设备组成。,地面,空域,航路,机场,A,
247,1129,20308034,第1129题	试题编号：20308034,甚高频全向信标(VOR)仅能在航线飞行期间对飞机进行引导。,T,F,,,F,
248,1130,20308035,第1130题	试题编号：20308035,机载VOR基本功能是测定VOR距离,以确定飞机相对于所选定的VOR航道的距离。,T,F,,,F,
249,1131,20308036,第1131题	试题编号：20308036,VOR台通常与DME或者LOC装在一起,共同组成平面坐标定位系统。,T,F,,,F,
250,1132,10309001,第1132题	试题编号：10309001,ILS系统中航向面与下滑面的交线,称为()。,下滑道,下切道,垂直道,斜向道,A,
251,1133,10309002,第1133题	试题编号：10309002,航道信标向飞行员报告着陆飞机离跑道头预定点的()。,角度,方向,位置,距离,D,
252,1134,10309003,第1134题	试题编号：10309003,根据机场净空条件,下滑面和跑道水平平面的夹角可在()之间选择。,0°~2°,22°~24°,12°~14°,2°~4°,D,
253,1135,10309004,第1135题	试题编号：10309004,国际民航组织规定112.50MHz用于()。,仪表着陆系统,全向信标,甚高频通信,测距器,A,
254,1136,10309005,第1136题	试题编号：10309005,航向信标的作用是给着陆航空器提供()。,距离信息,方位信息,航向面,下滑面,C,
255,1137,10309006,第1137题	试题编号：10309006,下滑信标的作用是给着陆航空器提供()。,距离信息,方位信息,航向面,下滑面,D,
256,1138,10309007,第1138题	试题编号：10309007,航空器精密进近时,首先接受的信号来自()。,LOC,GS,OM,MM,A,
257,1139,10309008,第1139题	试题编号：10309008,下列导航设备中，不属于着陆系统的是（）。,PAR,PSR,ILS,MLS,B,
258,1140,10309009,第1140题	试题编号：10309009,下列导航设备中,属于着陆系统的是()。,SSR,PSR,ILS,GPS,C,
259,1141,10309010,第1141题	试题编号：10309010,ILS的航向指示如显示90Hz占优,则说明着陆航空器()。,在航向面内,在航向面左侧,在航向面右侧,不能确定,B,
260,1142,10309011,第1142题	试题编号：10309011,ILS的航向指示如显示150赫兹占优,则说明着陆航空器()。,在航向面内,在航向面左侧,在航向面右侧,不能确定,C,
261,1143,10309012,第1143题	试题编号：10309012,ILS的航向指针居中,则说明着陆航空器()。,在航向面内,在航向面左侧,在航向面右侧,不能确定,A,
262,1144,10309013,第1144题	试题编号：10309013,ILS的下滑指示如显示90Hz占优,则说明着陆航空器()。,在下滑面内,在下滑面以上,在下滑面以下,不能确定,B,
263,1145,10309014,第1145题	试题编号：10309014,ILS的下滑指示如显示150Hz占优,则说明着陆航空器()。,在下滑面内,在下滑面以上,在下滑面以下,不能确定,C,
264,1146,10309015,第1146题	试题编号：10309015,ILS的下滑指针居中,则说明着陆航空器()。,在下滑面内,在下滑面以上,在下滑面以下,不能确定,A,
265,1147,10309016,第1147题	试题编号：10309016,当着陆航空器在航向面内时,则航向指示显示()。,90Hz占优,150Hz占优,两者相等,不能确定,C,
266,1148,10309017,第1148题	试题编号：10309017,当着陆航空器在航向面左侧时，则航向指示显示()。,90Hz占优,150Hz占优,两者相等,不能确定,A,
267,1149,10309018,第1149题	试题编号：10309018,当着陆航空器在航向面右侧时,则航向指示显示()。,90Hz占优,150Hz占优,两者相等,不能确定,B,
268,1150,10309019,第1150题	试题编号：10309019,当着陆航空器在下滑面内时，则下滑指示显示()。,90Hz占优,150Hz占优,两者相等,不能确定,C,
269,1151,10309020,第1151题	试题编号：10309020,当着陆航空器在下滑面以上时,则下滑指示显示()。,90Hz占优,150Hz占优,两者相等,不能确定,A,
270,1152,10309021,第1152题	试题编号：10309021,当着陆航空器在下滑面以下时,则下滑指示显示()。,90Hz占优,150Hz占优,两者相等,不能确定,B,
271,1153,10309022,第1153题	试题编号：10309022,当着陆航空器在下滑面内时,则下滑指示器指针()。,指向上边,指向下边,居中,不能确定,C,
272,1154,10309023,第1154题	试题编号：10309023,当着陆航空器在下滑面以上时,则下滑指示器指针()。,指向上边,指向下边,居中,不能确定,B,
273,1155,10309024,第1155题	试题编号：10309024,当着陆航空器在下滑面以下时,则下滑指示器指针()。,指向上边,指向下边,居中,不能确定,A,
274,1156,10309025,第1156题	试题编号：10309025,当着陆航空器在航向面内时,则航向指示器指针()。,指向左边,指向右边,居中,不能确定,C,
275,1157,10309026,第1157题	试题编号：10309026,当着陆航空器在航向面左侧时,则航向指示器指针()。,指向左边,指向右边,居中,不能确定,B,
276,1158,10309027,第1158题	试题编号：10309027,当着陆航空器在航向面右侧时,则航向指示器指针()。,指向左边,指向右边,居中,不能确定,A,
277,1159,10309028,第1159题	试题编号：10309028,ILS包括()。,LOC/GS,LOC/DME,LOC/GS/MB,LOC/GS/VOR,C,
278,1160,10309029,第1160题	试题编号：10309029,LOC台安装在()□,跑道始端,跑道末端,跑道左侧,跑道右侧,B,
279,1161,10309030,第1161题	试题编号：10309030,GS台安装在()。,跑道始端一侧,跑道末端一侧,跑道中段一侧,跑道中心线上,A,
280,1162,10309031,第1162题	试题编号：10309031,MB台安装在()。,跑道始端中心延长线上,跑道末端中心延长线上,跑道始端中心延长线一侧,跑道末端中心延长线一侧,A,
281,1163,10309032,第1163题	试题编号：10309032,下列导航设备中,属于近程导航的是()。,INS,ILS,GPS,OMEGA,B,
282,1164,10309033,第1164题	试题编号：10309033,DME与ILS合装是为了取代()。,VOR,NDB,GS,MB,D,
283,1165,10309034,第1165题	试题编号：10309034,ILS进近中，标准内、中、外指点标分别设在距入口 () 。,IM75-450m,最大允许偏离30m、MM1050±150m,最大允许偏离75限OM39NM,IM50-200m,最大允许偏离30m、MM1050±150m,最大允许偏离75m、OM35NM,IM100-300m,最大允许偏离20m、MM1000±100m,最大允许偏离50m、OM30NM,IM90-120m,最大允许偏离20m、MM1000±100m,最大允许偏离50队OM30NM,A,
284,1166,10309035,第1166题	试题编号：10309035,工LS航向台发射的调幅信号中调制信号频率以着陆前方向为准,()。,左180Hz,右120Hz,左150Hz、右90Hz,左120Hz,右180Hz,左90Hzv右150Hz,D,
285,1167,10309036,第1167题	试题编号：10309036,ILS航向台信号的覆盖区域为()。,在跑道中线延长线左右10°以内为25NM,10°至35°之间为17NM,在跑道中线延长线左右10°以内为25km,在跑道中线延长线左右35°以内为17km,在跑道中线延长线左右35°以内为25NM,A,
286,1168,10309037,第1168题	试题编号：10309037,ILS下滑台信号的覆盖区为()。,仰角0°至6°之间,距离为10km,在下滑道左右8°以内,距离为20km,在下滑道左右8°以内,仰角0.3~1.75倍下滑角之间,距离不小于18.5km,在下滑道左右8°以内,仰角0.3~1.75倍下滑角之间,距离不小于18.5NM,C,
287,1169,10309038,第1169题	试题编号：10309038,航向信标天线安装在沿着着陆方向跑道远端以外()的跑道中心线延长线上。,100-200m,200-300m,300-400m,400-500m,C,
288,1170,10309039,第1170题	试题编号：10309039,航路信标向飞行员报告飞机正在通过航路上某些特定点的()。,航向方向,地理位置,航线位置,水平方向,B,
289,1171,10309040,第1171题	试题编号：10309040,航向信标的频率范围是()。,108.00-112.00MHz,112.00-118.00MHz,108.00-118.00MHz,118.00-136.00MHz,A,
290,1172,10309041,第1172题	试题编号：10309041,下滑信标的频率范围是()。,329.00-339.00MHz,325.00-335.00MHz,325.00-339.00MHz,329.00~335.00MHz,D,
291,1173,10309042,第1173题	试题编号：10309042,航向信标工作在()波段。,HF,VHF,UHF,SHF,B,
292,1174,10309043,第1174题	试题编号：10309043,下滑信标工作在()波段。,HF,VHF,UHF,SHF,C,
293,1175,10309044,第1175题	试题编号：10309044,航向信标在10°扇区内,有效导航距离为()NM。,10,17,20,25,D,
294,1176,10309045,第1176题	试题编号：10309045,下滑信标的有效导航距离为()NM。,10,17,20,25,A,
295,1177,10309046,第1177题	试题编号：10309046,ILS的两个调制音频为()。,30Hz/90Hz,60Hz/150Hz,90Hz/150Hz,60Hz/90Hz,C,
296,1178,10309047,第1178题	试题编号：10309047,LOC和()共用一个频段。,GS,DME,VOR,NDB,C,
297,1179,10309048,第1179题	试题编号：10309048,ILS的LOC和GS频率()。,固定配对,随便配对,固定为三倍,固定为三分之一,A,
298,1180,10309049,第1180题	试题编号：10309049,LOC和DME合装时,二者频率()。,固定配对,随便配对,固定为九倍,固定为九分之一,A,
299,1181,10309050,第1181题	试题编号：10309050,ILS的LOC和GS均采用()。,比幅制,比相制,比频制,比幅/比相制,A,
300,1182,10309051,第1182题	试题编号：10309051,ILS工作的基本原理是比较两调制音频的()。,幅度,频率,相位,调制度,D,
301,1183,10309052,第1183题	试题编号：10309052,LOC共有()个频道。,20,40,60,80,B,
302,1184,10309053,第1184题	试题编号：10309053,GS共有()个频道,,20,40,60,80,B,
303,1185,10309054,第1185题	试题编号：10309054,LOC的频道间隔为()MHz。,0.05,0.1,0.15,0.2,A,
304,1186,10309055,第1186题	试题编号：10309055,GS的频道间隔为()MHz。,0.05,0.1,0.15,0.2,C,
305,1187,10309056,第1187题	试题编号：10309056,LOC的18NM内水平覆盖范围是跑道中心线两侧各()度。,10,15,25,35,B,
306,1188,10309057,第1188题	试题编号：10309057,GS的水平覆盖范围是跑道中心线两侧各()度。,8,10,15,20,A,
307,1189,10309058,第1189题	试题编号：10309058,外指点信标指示下滑道()。,方位点,截获点,位置点,距离,B,
308,1190,10309059,第1190题	试题编号：10309059,中指点信标用来测定（）着陆标准的决断高度。,Ⅰ类,Ⅱ类,Ⅲ类,微波,A,
309,1191,10309060,第1191题	试题编号：10309060,内指点信标用来测定()着陆标准的决断高度。,Ⅰ类,Ⅱ类,Ⅲ类,仪表,B,
310,1192,20309061,第1192题	试题编号：20309061,仪表着陆系统(ILS)用于引导飞机沿正确的下滑道着陆。,T,F,,,T,
311,1193,20309062,第1193题	试题编号：20309062,仪表着陆系统(ILS)能在能见度很差的情况下引导飞机安全着陆。,T,F,,,T,
312,1194,20309063,第1194题	试题编号：20309063,仪表着陆系统由下滑信标系统和指点信标系统等组成。,T,F,,,F,
313,1195,20309064,第1195题	试题编号：20309064,仪表着陆系统提供的引导信号,由管制员显示器显示。,T,F,,,F,
314,1196,20309065,第1196题	试题编号：20309065,决断高度是由仪表着陆系统提供的最低高度。,T,F,,,T,
315,1197,20309066,第1197题	试题编号：20309066,飞机驾驶员必须看见跑道才能着陆,否则应放弃着陆,进行复飞。,T,F,,,F,
316,1198,20309067,第1198题	试题编号：20309067,Ⅱ类进近设施的运行性能是要求在跑道视程不小于400m的条件下,以高的进场成功概率,能将飞机引导至60m的决断高度。,T,F,,,F,
317,1199,10310001,第1199题	试题编号：10310001,自动定向机是利用地面导航台发射的()电波工作的。,垂直性,无方向性,固定方向性,水平性,B,
318,1200,10310002,第1200题	试题编号：10310002,机上的ADF系统有两种工作状态,若要自动测向,必须放置()。,ADF,ANT,OFF,TEST,A,
319,1201,10310003,第1201题	试题编号：10310003,和NDB配套的机载设备是()°,VOR,DME,ILS,ADF,D,
320,1202,10310004,第1202题	试题编号：10310004,自动定向机的功用是测量地面导航台相对于飞机()的方位,以引导飞机向台飞行或背台飞行。,纵轴,横轴,竖轴,驾驶舱,A,
321,1203,10310005,第1203题	试题编号：10310005,无线电高度表是用来测量飞机离开地面的()高度。,平均海平面,场压,实际,以上都不对,C,
322,1204,20310006,第1204题	试题编号：20310006,自动定向机是利用地面导航台发射的无方向性电波工作的。,T,F,,,T,
323,1205,20310007,第1205题	试题编号：20310007,低高度无线电高度表是典型的无线电导航设备。,T,F,,,T,
324,1206,20310008,第1206题	试题编号：20310008,自动定向机,又称无线电罗盘,是一种中低频近程测向设备,其功用是测量地面导航台相对于飞机纵轴的方位,以引导飞机向台飞行或背台飞行。,T,F,,,T,
325,1207,20310009,第1207题	试题编号：20310009,无线电高度表是用来测量飞机离开地面的实际高度,提供预定高度或决断高度的声音和灯光信号。,T,F,,,T,
326,1208,10311001,第1208题	试题编号：10311001,在卫星导航定位过程中，移动用户必须至少接收到()以上卫星信号才能精确定位。,一颗,二颗,三颗,四颗,D,
327,1209,10311002,第1209题	试题编号：10311002,卫星通信与导航的特点是()。,覆盖范围大,实现新航行系统,覆盖海洋,覆盖沙漠,A,
328,1210,10311003,第1210题	试题编号：10311003,下列航空器定位系统中,定位误差最小的是()。,ADF/NDB,VOR/DME,GPS,INS,C,
329,1211,10311004,第1211题	试题编号：10311004,对于民用C/A码接收机,在考虑SA误差的情况下,水平精确度只有()。,10m,50m,100m,200m,C,
330,1212,10311005,第1212题	试题编号：10311005,卫星导航的工作波段()波段。,X,L,C,K,B,
331,1213,10311006,第1213题	试题编号：10311006,卫星导航定位坐标包括经度、纬度、()和时间等四维参量。,位置,方位,角度,高度,D,
332,1214,20311007,第1214题	试题编号：20311007,卫星通信与导航的特点是覆盖范围大。,T,F,,,T,
333,1215,20311008,第1215题	试题编号：20311008,在卫星导航定位过程中,移动用户必须至少接收到3颗以上卫星信号才能精确定位。,T,F,,,F,
334,1216,20311009,第1216题	试题编号：20311009,对于民用C/A码接收机,在考虑SA误差的情况下,水平精确度只有100m。,T,F,,,T,
335,1217,10312001,第1217题	试题编号：10312001,雷达最基本的功能是发现目标,测量目标的()。,坐标,大小,体积,速度,A,
336,1218,10312002,第1218题	试题编号：10312002,目前,空中交通管制的目标航迹数据获取主要依赖于()和一次雷达系统。,ADS数据系统,ATC管制系统,二次雷达,气象雷达,C,
337,1219,10312003,第1219题	试题编号：10312003,在雷达测量目标距离的基本公式中,认为电磁波在空气中的传播速度很接近()。,地速,声速,音速,光速,D,
338,1220,10312004,第1220题	试题编号：10312004,雷达对目标角坐标的测量,是利用天线波束的()来实现的。,区域性,方向性,扩展性,均匀性,B,
339,1221,10312005,第1221题	试题编号：10312005,区别同一方向上两个大小相同的点目标之间的最小距离叫做()。,距离分辨率,测距范围,最小可测距离,可能产生的测距误差,A,
340,1222,10312006,第1222题	试题编号：10312006,目前我国民航常用的空管雷达是()。,一、二次监视雷达,脉冲多普勒雷达,着陆雷达,气象雷达,A,
341,1223,10312007,第1223题	试题编号：10312007,航空器在航路上通过应答机得到的高度应是航空器()。,相对垂直地面的高度,和地面的相对高度,标准海平面气压高度,相对机场地面的高度,C,
342,1224,10312008,第1224题	试题编号：10312008,发射机每s发射的脉冲个数是指()。,累积的脉冲个数,雷达的工作频率,雷达的重复频率,雷达的数据率,C,
343,1225,10312009,第1225题	试题编号：10312009,当雷达所检测的目标有起状时,则对雷达的检测性能()。,没有影响,有影响,检测不到目标,不会出现这种情况,B,
344,1226,10312010,第1226题	试题编号：10312010,当目标与雷达站之间有相对运动时,接受到的载频将产生一个频移,通常称为()。,频率漂移,频率抖动,多普勒频移,频率不稳定,C,
345,1227,10312011,第1227题	试题编号：10312011,雷达测量目标的物理基础是依据电磁波的。,能量,反射特性,相速,相位,B,
346,1228,10312012,第1228题	试题编号：10312012,空中交通管制系统可以分为()、数据远距离传输系统、数据处理显示系统和空地通信系统。,空中飞行器移交,航班时刻调度与指挥,数据获取与编码处理,数据获取系统,D,
347,1229,10312013,第1229题	试题编号：10312013,采用()雷达作用距离可以相当远,外部噪声较低,天线的尺寸并不太大,角分辨率较好。,L波段,Ku波段,X波段,C波段,A,
348,1230,10312014,第1230题	试题编号：10312014,运动目标与固定杂波的主要区别是()。,汇波幅度的差别,速度上的差别,频率上的差别,相位上的差别,B,
349,1231,10312015,第1231题	试题编号：10312015,高度码组成的码序是由D A B C组成,其中D A B是九位()。,二进制码,BCD码,标准循环码,五进制码,C,
350,1232,10312016,第1232题	试题编号：10312016,空管二次监视雷达输出的到空管中心的信号是()。,原始视频,点迹或目标报告,本地航迹,系统航迹,B,
351,1233,10312017,第1233题	试题编号：10312017,某雷达当要对目标的斜距R和方位角a的坐标进行测量时,天线的波束形状应考虑为()。,水平波束宽,垂直波束窄,水平波束窄,垂直波束宽,水平和垂直波束宽度相同,对天线波束宽度没有要求,B,
352,1234,10312018,第1234题	试题编号：10312018,为增大作用距离,考虑增大脉冲宽度τ,此时会带来（）。,接收机中频放大器过载,角分辨力下降,距离分辨力下降,测距误差增大,C,
353,1235,10312019,第1235题	试题编号：10312019,当雷达接收机检测出发射脉冲与接受脉冲之间的延迟时间为t=500μS时,这时目标距雷达站的距离是()km。,150,120,100,75,D,
354,1236,10312020,第1236题	试题编号：10312020,二次雷达和一次雷达都是通过发射和接收()信号而工作的。,调幅射频,脉冲射频,PCM射频,调频射频,B,
355,1237,10312021,第1237题	试题编号：10312021,雷达的工作频率是雷达的重要指标，()是目前一/二次雷达最常用的波段。,C波段,Ku波段,X波段,L波段,D,
356,1238,10312022,第1238题	试题编号：10312022,决定雷达最大单值测距范围的参数是()。,发射的脉冲功率,脉冲宽度,射频工作频率,脉冲重复频率,D,
357,1239,20312023,第1239题	试题编号：20312023,目前，空中交通管制的目标航迹数据获取主要依赖于二次雷达和一次雷达系统。,T,F,,,T,
358,1240,20312024,第1240题	试题编号：20312024,天线的基本功用是辐射和接收电磁波。,T,F,,,T,
359,1241,20312025,第1241题	试题编号：20312025,雷达的工作频率是雷达的重要指标，Ku波段是目前一/二次雷达最常用的波段。,T,F,,,F,
360,1242,20312026,第1242题	试题编号：20312026,一次雷达测量目标的物理基础是依据电磁波的反射特性。,T,F,,,T,
361,1243,20312027,第1243题	试题编号：20312027,区别同一方向上两个大小相同的点目标之间的最小距离叫做最小可测距离。,T,F,,,F,
362,1244,20312028,第1244题	试题编号：20312028,天线辐射所产生的电磁场,有的方向强,有的方向弱,这就是天线的方向性特性。,T,F,,,T,
363,1245,10313001,第1245题	试题编号：10313001,一次雷达是利用目标对电磁波的()而发现目标的。,反射,折射,绕射,衍射,A,
364,1246,10313002,第1246题	试题编号：10313002,一次雷达的目标识别用于()或者应答机出现故障的飞机。,具有IFF系统,航路飞行,没有安装应答机,机场着陆,C,
365,1247,10313003,第1247题	试题编号：10313003,当一次监视雷达的参数一定时，一次雷达能够探测到目标的最远距离和航空器的() 有关。,飞行速度,体积大小,飞行高度,应答机的回答功率,C,
366,1248,10313004,第1248题	试题编号：10313004,远程一次雷达的作用距离一般在()NM。,50,70,130,200,D,
367,1249,10313005,第1249题	试题编号：10313005,近程一次雷达的作用距离一般在()NM。,50,70,130,200,C,
368,1250,10313006,第1250题	试题编号：10313006,一次雷达通过目标反射回波信号获得目标的()信息。,角度和方位,距离和方位,距离和幅度,宽度和幅度,B,
369,1251,10313007,第1251题	试题编号：10313007,一次雷达天线的类型是()。,抛物反射面天线,透镜天线,阵列天线,自适应天线,A,
370,1252,20313008,第1252题	试题编号：20313008,民航空中交通管制的数据获取主要依赖于一次雷达。,T,F,,,F,
371,1253,20313009,第1253题	试题编号：20313009,民航一次雷达和二次雷达的工作波段是相同的。,T,F,,,T,
372,1254,20313010,第1254题	试题编号：20313010,一次雷达通过目标反射回波信号获得目标的距离和方位信息。,T,F,,,T,
373,1255,10314001,第1255题	试题编号：10314001,通过对询问信号的()而发现目标的雷达，叫做二次雷达。,检查,修复,应答,恢复,C,
374,1256,10314002,第1256题	试题编号：10314002,民航使用的空管二次雷达，是由()发射询问信号。,机载设备,远端设备,地面设备,空中设备,C,
375,1257,10314003,第1257题	试题编号：10314003,雷达终端的基本任务之一是检测目标的回波,判定()。,目标的状态,天线状态,阵列天线转速,目标的存在,D,
376,1258,10314004,第1258题	试题编号：10314004,飞机上的应答设备只对()的询问码产生响应,向地面发回应答信号。,未知,固定,指定,约定,D,
377,1259,10314005,第1259题	试题编号：10314005,在考虑到地球弯曲的情况下,雷达的作用距离决定于天线和目标的()。,角度,高度,幅度,反射面,B,
378,1260,10314006,第1260题	试题编号：10314006,目标的()和移交是雷达管制中的基本程序。,识别,角度,幅度,高度,A,
379,1261,10314007,第1261题	试题编号：10314007,当两架或更多架飞机回答的识别码相同时,地面调度人员分辨不清,这时可以要求其中一架飞机在发完识别码以后,再加上一个(),以示区别。,询问脉冲,SPI脉冲,PCM脉冲,PAM脉冲,B,
380,1262,10314008,第1262题	试题编号：10314008,当飞机发生故障,进行呼救时,其应发送的二次雷达应答机编码为()。,7700,7500,7600,7400,A,
381,1263,10314009,第1263题	试题编号：10314009,管制员获得的飞机高度基本上都是通过()得到的。,二次雷达管理,一次雷达管理,一次雷达测量,二次雷达应答,D,
382,1264,10314010,第1264题	试题编号：10314010,二次监视雷达是()和高交通密集空域的主要监视系统。,海洋区,航路上,终端区,丘陵地区,C,
383,1265,10314011,第1265题	试题编号：10314011,航空器做机动飞行,机身遮蔽应答机天线,此时应答机()。,被SSR天线的旁瓣询问,能够给出回答,不能回答,有条件地给出回答,C,
384,1266,10314012,第1266题	试题编号：10314012,二次雷达的主要缺点是()。,不能发现无应答机的飞行器,作用距离不如一次雷达远,对气象条件比较敏感,不能提供过渡层以下准确的高度信息,A,
385,1267,10314013,第1267题	试题编号：10314013,雷达测量目标的斜距R是指()。,目标与雷达之间的直线距离,目标与雷达之间的水平距离,目标与地面之间的距离,由雷达天线高度和目标高度决定的距离,A,
386,1268,10314014,第1268题	试题编号：10314014,雷达接收机检测发射脉冲与接收脉冲的时间间隔是为了测量()。,目标的方位,目标的速度,目标的距离,目标的仰角,C,
387,1269,10314015,第1269题	试题编号：10314015,相对于单独使用二次雷达,使用一次、二次雷达合装的优点是()。,发现目标的距离更远,常规二次雷达条件下提高雷达系统的距离分辨力,能够发现无应答机的目标,克服顶空盲区的影响,C,
388,1270,10314016,第1270题	试题编号：10314016,二次监视雷达与一次监视雷达相比的主要优点是()。,能够准确提供航空器的距离信息,能够探测气象信息并能够给出气象轮廓,能够准确提供航空器的高度信息,不受顶空盲区的影响,C,
389,1271,10314017,第1271题	试题编号：10314017,二次监视雷达系统的机载设备应由()等组成。,应答机、高度编码器、控制盒,应答机、高度编码器,高度编码器、控制盒,应答机、控制盒,D,
390,1272,10314018,第1272题	试题编号：10314018,回答的脉冲SPI称()脉冲。,特殊位置识别,询问,控制,帧(框架),A,
391,1273,10314019,第1273题	试题编号：10314019,航空器飞行高度为8000m时,二次雷达的作用距离一般在()NM。,50,70,130,200,D,
392,1274,10314020,第1274题	试题编号：10314020,SSR显示器显示的高度是以()为最小计量单位的。,10m,10ft,2m,1ft,A,
393,1275,10314021,第1275题	试题编号：10314021,发射机的输出功率是指()。,射频放大器输出端的功率,发射机送至天线输入端的功率,天线辐射出去的功率,由天线外部所测到的功率,B,
394,1276,10314022,第1276题	试题编号：10314022,接收机的灵敏度是指()。,天线接收的信号功率,接收机输出的信噪比,接收机输入端的最小可检测的信号功率,接收机输出端的可检测信号功率,C,
395,1277,10314023,第1277题	试题编号：10314023,二次监视雷达测距是靠测量()之间的时间延迟。,地面站发射探测脉冲接收航空器反射的回波,地面站发射询问编码接收航空器发射的回答,航空器发射询问编码接收地面站发射的回答,航空器发射探测脉冲接受地面站反射的回波,B,
396,1278,10314024,第1278题	试题编号：10314024,民航空管二次雷达地面设备的覆盖范围()机载二次雷达的覆盖范围。,小于,大于,等于,优于,A,
397,1279,10314025,第1279题	试题编号：10314025,借助雷达可以有效地控制飞机间的安全间隔,确定飞机的()并辨认飞机的类型和号码。,位置,角度,幅度,高度,A,
398,1280,10314026,第1280题	试题编号：10314026,空管中心雷达数据处理器输出的用于显示器显示的信号是()。,原始视频,点迹或目标报告,本地航迹,系统航迹,B,
399,1281,10314027,第1281题	试题编号：10314027,如果在SSR显示器的几个回答出现近距离断续、环绕的现象,则说明()。,显示器故障,询问的旁瓣抑制失效,异步干扰太强,反射回答太多,C,
400,1282,10314028,第1282题	试题编号：10314028,当二次监视雷达的参数一定时,二次雷达能够探测到目标的最远距离和航空器的()有关。,飞行速度,应答机的回答功率,飞行高度,体积大小,C,
401,1283,10314029,第1283题	试题编号：10314029,二次监视雷达系统由天线、询问器、()和航迹处理器组成。,视频录取器,译码器,视频检波器,检波器,A,
402,1284,10314030,第1284题	试题编号：10314030,应答机识别模式A和模式C询问的方法是分析模式询问脉冲的()的差别。,脉冲宽度,脉冲间隔,脉冲数,脉冲形式,B,
403,1285,10314031,第1285题	试题编号：10314031,回答码是由间隔20.3微秒的框架脉冲和()个信息脉冲位组成,他们之间的间隔为1.45微秒。,11,14,12,13,B,
404,1286,10314032,第1286题	试题编号：10314032,二次雷达存在不易克服的异步干扰,异步干扰是由()引起的。,接收到其它询问机的询问-回答信号,接收到自身雷达旁瓣询问的回答,接收到反射询问的回答,接收到自身雷达的主瓣询问的回答,B,
405,1287,10314033,第1287题	试题编号：10314033,二次雷达的天线必须存在两个波束,他们是()波束。,垂直和水平,控制和垂直,询问和控制,水平和询问,B,
406,1288,10314034,第1288题	试题编号：10314034,应答机是通过识别P1-P2脉冲的()来判断是否是旁瓣询问的。,宽度,重复周期,幅度,间隔,B,
407,1289,10314035,第1289题	试题编号：10314035,询问波束方向性图分水平方向性和垂直方向性图。水平方向性图的主要作用是()。,不同高度层目标的覆盖层,决定目标的作用距离,区分相同距离两目标的最小的方位角度,区分相同方向两目标的最小的距离,A,
408,1290,10314036,第1290题	试题编号：10314036,询问波束方向性图分水平方向性和垂直方向性图。垂直方向性图的主要作用是()。,不同高度层目标的覆盖层,决定目标的作用距离,区分相同距离两目标的最小的方位角度,区分相同方向两目标的最小的距离,B,
409,1291,10314037,第1291题	试题编号：10314037,二次雷达天线存在两个波束,控制波束应当()。,覆盖询问波束主瓣以外的旁瓣,覆盖询问波束,覆盖询问波束旁瓣以外的主瓣,无特殊要求,A,
410,1292,10314038,第1292题	试题编号：10314038,SSR雷达系统询问机和应答机工作频率分别是()MHz。,1030和1090,1090和1030,1030和1080,1050和1090,A,
411,1293,10314039,第1293题	试题编号：10314039,航空器在过渡高度层之下飞行，二次雷达显示器显示的高度应是()。,海拔高度,相对海平面的高度,场压高度,被场压修正的相对海平面的高度,C,
412,1294,10314040,第1294题	试题编号：10314040,在管制员请求下发射的SPI脉冲在显示器上将()。,持续显示,在管制员请求下由飞行员关闭,约10s自动消失,不会自动消失,C,
413,1295,10314041,第1295题	试题编号：10314041,回答的SPI脉冲是在()询问下，在管制员请求下发射。,所有模式,S模式,C模式,A模式,D,
414,1296,10314042,第1296题	试题编号：10314042,噪声系数的物理意义是指,由于接收机内部噪声的影响,使接收机输出端的信噪比相对其输入端的信噪比()。,变坏的倍数,变好的倍数,变化的倍数为1,没有任何变化,A,
415,1297,10314043,第1297题	试题编号：10314043,二次雷达天线的类型是()。,抛物面天线,相控阵天线,阵列天线,刀型天线,C,
416,1298,10314044,第1298题	试题编号：10314044,二次雷达经常与一次雷达联合使用,并共用一个平面显示器,因此,这两种雷达之间必须有确定的(),保证它们的同步工作。,对应关系,时序关系,耦合关系,匹配关系,B,
417,1299,10314045,第1299题	试题编号：10314045,二次雷达存在着一些难以克服的缺点,随着交通密度的增加,()将迅速增加。,异步干扰,同步干扰,终端冲突,航路冲突,A,
418,1300,10314046,第1300题	试题编号：10314046,在()的环境下二次雷达容易出现异步干扰。,多目标,雷达多重覆盖,二次雷达的控制波束失效,雷达站的周围引起反射的建筑多,C,
419,1301,10314047,第1301题	试题编号：10314047,地面建筑对水平波束的反射会引起反射回答,一个稳定的反射回答和真实目标的回答的区别()。,标牌相同,方向相同,距离不同,标牌不同,方向相同,距离相同,标牌相同,方向不同,距离相同,标牌相同,方向不同,距离不同,D,
420,1302,20314048,第1302题	试题编号：20314048,空中交通管制应答机和地面二次雷达相配合,可以传送飞机的高度和代码信息。,T,F,,,T,
421,1303,20314049,第1303题	试题编号：20314049,空中交通管制应答机的应答内容取决于地面二次雷达的询问模式。,T,F,,,T,
422,1304,20314050,第1304题	试题编号：20314050,飞机只要处于二次雷达系统的覆盖范围之内，就能对所有的询问信号做出应答。,T,F,,,F,
423,1305,20314051,第1305题	试题编号：20314051,空中交通管制应答机自动地向地面管制中心报告飞机的识别代码和气压高度。,T,F,,,F,
424,1306,20314052,第1306题	试题编号：20314052,民航空管二次雷达的应答数据仅能获取飞机代码与方位信息。,T,F,,,F,
425,1307,20314053,第1307题	试题编号：20314053,二次雷达和一次雷达的工作方式和设备组成有着明显的区别。,T,F,,,T,
426,1308,10315001,第1308题	试题编号：10315001,新航行系统的主要特点是()。,雷达管制,星基航行系统代替陆基系统,雷达联网,自由飞行,B,
427,1309,10315002,第1309题	试题编号：10315002,新航行系统的主要内容是()。,通信和导航,监视,空中交通管理,A、B和C,D,
428,1310,10315003,第1310题	试题编号：10315003,二次雷达模式A询问的编码范围是。,0000-4095,0000-7777,1111-7777,1111-4096,B,
429,1311,10315004,第1311题	试题编号：10315004,二次雷达模式A询问的回答只有()种编码。,7777,4096,2048,1024,B,
430,1312,10315005,第1312题	试题编号：10315005,二次雷达中可以同时询问军用航空器和民用航空器代码的模式是()模式。,A,C,S,D,A,
431,1313,10315006,第1313题	试题编号：10315006,民航采用SSR询问航空器代码的模式是()模式。,A,C,S,D,A,
432,1314,10315007,第1314题	试题编号：10315007,使用二次雷达S模式工作的特点是可以()。,提高跟踪精确度,进行数据链通信,区分数据格式,克服虚假目标干扰,B,
433,1315,10315008,第1315题	试题编号：10315008,S模式雷达系统的地面询问是一种只针对()的飞机专门呼叫的询问。,预定地址编码,选定地址编码,固定地址编码,随机地址编码,B,
434,1316,10315009,第1316题	试题编号：10315009,在二;次雷达天线波束中,对模式S的询问方式为()询问方式。,广播,选择,特殊,一般,B,
435,1317,10315010,第1317题	试题编号：10315010,S模式应和A/C询问模式兼容询问方法是()。,采用目前的三脉冲询问方法,在目前三脉冲询问编码之后增加P4脉冲,采用全新的S模式的询问编码,目前的三脉冲询问编码加S模式询问编码,B,
436,1318,10315011,第1318题	试题编号：10315011,在二次雷达天线波束中,对模式A和C的询问方式为()询问方式。,广播,选择,特殊,一般,A,
437,1319,10315012,第1319题	试题编号：10315012,从减轻管制员工作强度的角度看,使用二次雷达S模式工作的优点是可以()。,给出危险接近告警,对感兴趣的目标进行管制,进行话音通信,实现自动的管制移交,D,
438,1320,20315013,第1320题	试题编号：20315013,现行二次雷达A/C模式应答机的飞机,都有自己单独的地址码。,T,F,,,F,
439,1321,20315014,第1321题	试题编号：20315014,S模式系统能够提供极多的飞机地址识别码,足以给世界上每架飞机分配一个专用地址识别码。,T,F,,,T,
440,1322,20315015,第1322题	试题编号：20315015,在三次雷达天线波束中,对模式S的询问方式为特殊询问方式。,T,F,,,F,
441,1323,10316001,第1323题	试题编号：10316001,自动相关监视系统(ADS)中飞机的四维位置信息是通过()获得的。,地面导航系统,机载导航系统,卫星导航系统,航路导航系统,B,
442,1324,10316002,第1324题	试题编号：10316002,飞机的四维位置信息是经度、纬度、高度与()。,印记,时序,时间,匹配,C,
443,1325,10316003,第1325题	试题编号：10316003,ADS数据通过数据链传送的飞行报文还可能包括( )。,飞行扇区,飞行角度,飞行距离, 飞行速度,C,
444,1326,10316004,第1326题	试题编号：10316004,ADS-B是在ADS、TCAS和场面监视的基础上,综合其三者的特点提出的一种()。,监视技术,管制技术,流量控制技术,场面领航技术,D,
445,1327,10316005,第1327题	试题编号：10316005,*ADS-B以先进的地空/空空()为通信手段，以先进的导航系统及其他机载设备产生的 信息为数据源，对外发送自身的状态参数，并接收其它飞机的广播信息。,A.计算机网络,B.数据链,C.流量控制,D.卫星导航技术,B,
446,1328,10316006,第1328题	试题编号：10316006,通过ADS-B可以实现飞机间的(),进而实现对周边空域交通状况的了解。,卫星导航,互相看见,流量控制,相互感知,D,
447,1329,10316007,第1329题	试题编号：10316007,自动相关监视的报文发送主要由()控制。,驾驶员,管制员,通信中心,航空器运营者,A,
448,1331,10316009,第1331题	试题编号：10316009,通过自动相关监视技术,管制员可以了解()。,航空器的现在位置和预测将要到达航路点的时间等,航空器的现在位置和飞过的踪迹,航空器的现在位置,航空器将要到达航路点的时间,A,
449,1332,10316010,第1332题	试题编号：10316010,与自动相关监视配合使用的管制员与驾驶员通信技术是()。,话音通信,数字话音通信,CPDLC,模拟话音通信,B,
450,1333,10316011,第1333题	试题编号：10316011,自动相关监视的信息是通过()设备或线路传送的。,民航自动转报网,航空电信网,雷达,航空移动卫星通信网,B,
451,1334,10316012,第1334题	试题编号：10316012,自动相关监视主要使用的或者是最佳的通信链路是()。,HF,SSR-S模式,VHF,卫星,C,
452,1335,10316013,第1335题	试题编号：10316013,ADS传输信道包括三种数据链:()、甚高频数据链和S模式二次雷达数据链。,通信数据链,微波数据链,卫星数据链,高频数据链,C,
453,1336,10316014,第1336题	试题编号：10316014,基本自动相关监视报文包括的内容是()。,纬度、经度、高度、时间和导航精度,时间、纬度、经度和高度,速度、纬度、经度和高度,纬度、经度和高度,A,
454,1337,10316015,第1337题	试题编号：10316015,()为ADS-A的数据传输方式。,单向可寻址数据,广播数据,分组数据,双向可寻址数据,D,
455,1338,10316016,第1338题	试题编号：10316016,在自动相关监视技术首选的导航设备是()。,GNSS,VOR/DME,LORAN C,DME/DME,A,
456,1339,10316017,第1339题	试题编号：10316017,ADS空地之间的通信合同分为()合同和事件合同两种形式。,周期性,临时性,事前,事后,A,
457,1340,10316018,第1340题	试题编号：10316018,()为ADS-B的数据传输方式。,双向可寻址数据,广播数据,单向可寻址数据,分组数据,B,
458,1341,20316019,第1341题	试题编号：20316019,通过ADS-B可以实现飞机间的卫星导航,进而实现对周边空域交通状况的了解。,T,F,,,F,
459,1342,20316020,第1342题	试题编号：20316020,ADS-C采用广播式的数据传输方式。,T,F,,,F,
460,1343,20316021,第1343题	试题编号：20316021,ADS-C主要应用在非雷达环境条件下,如海洋、沙漠、高原等地区。,T,F,,,T,
461,1344,20316022,第1344题	试题编号：20316022,ADS传输信道包括三种数据链:卫星数据链、甚高频数据链和S模式二次雷达数据链。,T,F,,,T,
462,1345,20316023,第1345题	试题编号：20316023,ADS-B采用广播式的数据传输方式。,T,F,,,T,
463,1346,10317001,第1346题	试题编号：10317001,空中交通警戒与防撞系统(TCAS),又称为()。,机场场面避撞系统(ACAS),航路区避撞系统(ACAS),终端区避撞系统(ACAS),机载避撞系统(ACAS),D,
464,1347,10317002,第1347题	试题编号：10317002,TCAS告警过程中,管制员应当()。,重视驾驶员通报的TA情况和提出的请求,保持相关的航空器之间的间隔,在得知航空器正在按RA进行机动飞行时,不得向航空器发布与RA相抵触的指令,在允许的情况下,向受机动飞行影响的航空器提供相对活动信息,以上都对,D,
465,1348,10317003,第1348题	试题编号：10317003,TCAS告警过程中，不应当由管制员负责的是()。,航空器按照RA偏离了当前的空中交通管制许可而发生小于规定间隔,航空器按照RA机动飞行后,而管制员发出避让指令,管制员确认飞行员正在恢复当前的空中交通管制许可后,发出更改的许可并被驾驶员确认,按照RA机动后,回到原来的空中交通管制许可并保持与其他航空器之间的间隔,A,
466,1349,10317004,第1349题	试题编号：10317004,TCAS告警过程中,在第一个RA信息出现时,驾驶员应当在()s钟之内作出初始垂直速度响应,对增加或"反向"应在2.5s种之内作出垂直速度响应。,3,4,5,6,C,
467,1350,10317005,第1350题	试题编号：10317005,在有RA干扰飞机操作环境时,使用TA方式的有()。,目视紧靠其他航空器,在起飞期间目视可能引起不必要RA的航空器飞行,在仪表或目视向靠得很近的平行跑道进近期间,A和B和C,D,
468,1351,10317006,第1351题	试题编号：10317006,TCAS告警,在RA的处置中,驾驶员应当()。,可以向RA指令相反的方向做机动飞行,航空器驾驶员确实已经发现了引起该RA的航空器,可以按照目视避让的规则进行机动飞行,在开始按RA指示操纵飞机时,没必要向管制员通报机动情况,在出现冲突解除的信息之后,应立即迅猛操纵飞机回到原来的空中交通管制许可,B,
469,1352,10317007,第1352题	试题编号：10317007,在TCAS告警过程中,航空器驾驶员或管制员应当()。,在出现RA时,驾驶员认为必要应向管制员通报有关情况,提出自己的要求,驾驶员开始按照RA指示操作后,不必向管制员通报情况,在TCAS的使用中,使用标准陆空通话用语,在冲突结束后,驾驶员不用通知管制员,只需回到原来的管制许可,C,
470,1353,10317008,第1353题	试题编号：10317008,关于TCAS使用错误的是()。,除特殊情况之外,航空器驾驶员应在所有的飞行中使用TCAS系统,包括大洋、国内和外国空域飞行,航空器通常应在起飞前接通TCAS系统,航空器通常应在着陆脱离跑道后选择"STANDBY"方式或"OFF",飞行过程中,驾驶员只能使用RA方式监视空中活动,D,
471,1354,10317009,第1354题	试题编号：10317009,关于TCAS告警陈述正确的是()。,在飞行中驾驶员依靠TCAS就能避免冲突,保证安全间隔,对没有高度模式应答机的目标,TCAS既能发出TA,也能发出RA,RA在所有高度都能使用,TCAS不能发现未安装应答机或应答机故障的航空器,D,
472,1355,10317010,第1355题	试题编号：10317010,TCASⅡ有()的机动避让飞行。,调速,垂直范围,水平范围,垂直范围、水平范围,B,
473,1356,10317011,第1356题	试题编号：10317011,关于TCAS告警,出现TA时,航空器驾驶员处置方法正确的是()。,按TA信息进行水平机动飞行,按TA信息进行垂直范围机动飞行,按TA信息进行水平、垂直范围机动飞行,在没有目视发现该航空器之前,不应仅仅根据TA信息进行机动飞行,D,
474,1357,10317012,第1357题	试题编号：10317012,关于TCAS告警,出现RA信息时,航空器驾驶员处置方法正确的是()。,按RA的指示采取正确的操作,通常按1500英尺/分的上升率或下降率进行爬升或下降,操作驾驶员根据RA指示的方向和量值,以最大垂直速度采用正确的操作机动,立即迅猛按照RA的指示操作航空器,除非这样做会直接危及飞行安全,在对RA的信息作出正确的响应时,偏离原来指定高度,通常不超过600至1200ft,A,
475,1358,10317013,第1358题	试题编号：10317013,下列哪项是TCASⅡ不能提供的告警咨询()？,交通咨询,决断咨询,入侵咨询,碰撞咨询,C,
476,1359,10317014,第1359题	试题编号：10317014,当ModeS的收发机不工作、气压高度源失效、无线电高度表失效时，TCASⅡ （）。,仍能正常工作,可以为没有高度报告的飞机发布避让提示,不能正常工作,能够探测到没有收发机的飞机,C,
477,1360,10317015,第1360题	试题编号：10317015,下列哪项是空中交通警戒与防撞系统（TCAS）不可以识别的应答机模式（）?,ModeA,ModeB,ModeC,ModeS,B,
478,1361,20317016,第1361题	试题编号：20317016,空中交通警戒与防撞系统（TCAS）可以识别应答机B模式。,T,F,,,F,
479,1362,20317017,第1362题	试题编号：20317017,TCASⅡ提供两个层面的告警咨询,不包括入侵咨询。,T,F,,,T,
480,1363,20317018,第1363题	试题编号：20317018,当ModeS的收发机不工作、气压高度源失效、无线电高度表失效时，TCASⅡ不能正常 工作。,T,F,,,T,
