1,1364,10401001,第1364题	试题编号；10401001,飞机的飞行马赫数是()。,飞机地速大小与飞行高度上音速之比,飞机表速大小与标准大气海平面上音速之比,飞机真空速大小与飞行高度上音速之比,飞机真空速大小与标准大气海平面上音速之比,C,
2,1365,10401002,第1365题	试题编号：10401002,伯努利原理表明，若流体流速增加，则压强()。,增加,减小,不变,不能确定,B,
3,1366,10401003,第1366题	试题编号：10401003,对于亚音速气流,若流管面积减小,则流速()。,增加,减小,不变,不能确定,A,
4,1367,10401004,第1367题	试题编号：10401004,临界马赫数是指()。,上翼面出现激波时的来流马赫数,上翼面出现局部超音速区时的来流马赫数,飞机产生高速振动时的来流马赫数,上翼面低压力点达到音速时的来流马赫数,D,
5,1368,10401005,第1368题	试题编号：10401005,航空器升力的产生是由于()。,机翼上、下表面压力相等,机翼上表面压力大、下表面压力小,机翼上表面压力小、下表面压力大,机翼上表面有压力、下表面无压力,C,
6,1370,10401007,第1370题	试题编号：10401007,超音速气流流过一个折角很小的二维内折翼面,会在折点处形成()。,马赫波,斜激波,正激波,膨胀波,B,
7,1371,10401008,第1371题	试题编号：10401008,超音速气流经过正激波后()。,压强,密度和速度会突然增大,压强,温度和密度会突然增大,总温,总密度和总压减小,总温不变,但总密度和总压增大,B,
8,1372,10401009,第1372题	试题编号：10401009,下列关于音速的说法中,不正确的是()。,音速是微弱扰动的传播速度,不可压流中音速趋于无穷大,音速不是气体微团本身的移动速度,强扰动的传播速度低于音速,D,
9,1373,20401010,第1373题	试题编号：20401010,飞机在空中定常飞行时,从整体上来说飞机下表面的压强一定比上表面的压强大。,T,F,,,T,
10,1374,20401011,第1374题	试题编号：20401011,亚音速气流流过一维流管时,若流管的截面积减小,则流速增大,压强减小。,T,F,,,T,
11,1375,20401012,第1375题	试题编号：20401012,音速取决于气体的温度，与气体种类无关。,T,F,,,F,
12,1376,20401013,第1376题	试题编号：20401013,流体无论其是静止的还是有相对运动，流体中都存在摩擦力。,T,F,,,F,
13,1377,20401014,第1377题	试题编号：20401014,雷诺数Re越大，则表示粘性的影响越大，反之则相反。,T,F,,,F,
14,1378,20401015,第1378题	试题编号：20401015,正激波对飞行的影响比斜激波小。,T,F,,,F,
15,1379,20401016,第1379题	试题编号：20401016,当超音速风洞出口处压力大于环境压力时，出口产生膨胀波。,T,F,,,T,
16,1380,20401017,第1380题	试题编号：20401017,在附面层内沿流动方向压强不变。,T,F,,,F,
17,1381,20401018,第1381题	试题编号：20401018,超音速时流管截面积和流速的关系与亚音速时相反。,T,F,,,T,
18,1382,10402001,第1382题	试题编号：10402001,在其他条件一定的情况下,()时对应的平飞阻力最小。,升力系数最大,阻力系数最小,升阻比最小,升阻比最大,D,
19,1383,10402002,第1383题	试题编号：10402002,飞机低速飞行时,没有()。,摩擦阻力,干扰阻力,波阻,压差阻力,C,
20,1384,10402003,第1384题	试题编号：10402003,下列关于诱导阻力的说法中,不正确的是()。,诱导阻力是三维机翼产生升力时伴随产生的一种阻力,二维机翼不会产生诱导阻力,诱导阻力只有在粘性流体中才会产生,理想绕流不产生诱导阻力,不产生升力时不会产生诱导阻力,C,
21,1385,10402004,第1385题	试题编号：10402004,有利迎角的()最大。,升力系数,阻力系数,升阻比,性质角,C,
22,1386,10402005,第1386题	试题编号：10402005,关于飞机的气动抖动,下列说法不正确的是()。,飞机在低速飞行时由于附面层的分离,可能会引起气动抖动,飞机在高速飞行时由于激波的作用,可能会引起气动抖动,飞机在大坡度转弯时,可能会引起气动抖动,飞机在高速飞行时,不会产生气动抖动,D,
23,1387,10402006,第1387题	试题编号：10402006,在临界迎角状态,飞机的()。,升力最大,升力系数最大,阻力系数最大,升阻比最大,B,
24,1388,10402007,第1388题	试题编号：10402007,飞机的升力系数随气体粘性增加而()。,增大,减小,不变,不能确定,B,
25,1389,10402008,第1389题	试题编号：10402008,超音速飞机采用以下哪种翼型更好()。,大弯度、相对厚度比较厚,双凸形,菱形,平凸形,C,
26,1390,10402009,第1390题	试题编号：10402009,低速飞机采用大展弦比直机翼主要是为了减小()。,摩擦阻力,压差阻力,诱导阻力,干扰阻力,C,
27,1391,10402010,第1391题	试题编号：10402010,关于翼尖涡流叙述正确的是()。,翼尖涡流是由于机翼上下翼面的压力差引起的,翼尖涡流是由于机翼上表面气流分离引起的,翼尖涡流产生的下洗作用使机翼的升力和阻力增大,翼尖涡流的旋转方向为逆时针,A,
28,1392,10402011,第1392题	试题编号：10402011,尾流的产生主要是由于()。,翼尖涡流,气流与飞机之间的摩擦作用,气流在机翼表面发生分离的结果,动力装置的排除尾气,A,
29,1393,10402012,第1393题	试题编号：10402012,飞机在着陆过程中,其尾流结束是从:()。,飞机进场后收油门至慢车位,飞机接地后,飞机停止运动,飞机收回扰流板并解除反推后,B,
30,1394,10402013,第1394题	试题编号：10402013,通常规定升力的方向是()。,垂直于地面上,与翼弦方向垂直,与飞机纵轴垂直向上,与相对气流方向垂直,D,
31,1395,10402014,第1395题	试题编号：10402014,飞机的迎角是()。,飞机纵轴与相对气流的夹角,机翼弦线与相对气流的夹角,机翼弦线与水平面的夹角,飞行轨迹与水平面的夹角,B,
32,1396,10402015,第1396题	试题编号：10402015,机翼后掠设计的最大优点在于()。,显著提高临界马赫数,改进飞机在高速飞行时的稳定性,降低空气压缩性的影响,改进飞机在高速飞行时的操纵性,A,
33,1397,10402016,第1397题	试题编号：10402016,从总体上讲,随着迎角的增加,飞机的升阻比()。,增加,减小,先增加后减小,先减小后增加,C,
34,1398,10402017,第1398题	试题编号：10402017,在其他条件一定时,飞机重心越靠前,则飞机的平飞阻力()。,越大,越小,不变,不能确定,A,
35,1399,10402018,第1399题	试题编号：10402018,干扰阻力最小的机翼配置是()。,上单翼,中单翼,下单翼,梯单翼,A,
36,1400,10402019,第1400题	试题编号：10402019,后掠角越大,机翼升力线斜率()。,越大,越小,不变,不能确定,B,
37,1401,10402020,第1401题	试题编号：10402020,飞行员可以通过改变迎角而改变()。,升力、阻力和飞机重量,升力、阻力和速度,升力、速度但不能改变阻力,飞机重量、升力但不能改变速度,B,
38,1402,10402021,第1402题	试题编号：10402021,随着飞行高度的增加，保持平飞所需的迎角与真空速的关系为（）。,均不变,给定迎角下的真空速增大,给定迎角下的真空速减小,均减小,B,
39,1403,10402022,第1403题	试题编号：10402022,起飞航空器的尾流,从航空器()时开始形成。,开始滑跑,抬前轮,离地,滑跑速度达到V1,B,
40,1404,10402023,第1404题	试题编号：10402023,高度一定时,飞机重量越小,其平飞有利速度()。,越大,越小,不变,不能确定,B,
41,1405,10402024,第1405题	试题编号：10402024,对于航空器来说,()则尾流也越强()。,重量越大,速度越高,重量越大,速度越低,翼展越长,速度越低,翼展越长,速度越高,B,
42,1406,10402025,第1406题	试题编号：10402025,飞机重心越靠后，则所需平飞阻力就越小。,T,F,,,T,
43,1407,20402026,第1407题	试题编号：20402026,翼尖小翼可以减小飞机的诱导阻力和尾涡强度。,T,F,,,T,
44,1408,20402027,第1408题	试题编号：20402027,在其他条件一定时，飞机展弦比越大，升力线斜率越大。,T,F,,,T,
45,1409,20402028,第1409题	试题编号：20402028,在其他条件一定时，飞机后掠角越小，升力线斜率也越小。,T,F,,,F,
46,1410,20402029,第1410题	试题编号：20402029,在飞机重量和其他条件一定的情况下，飞机阻力系数最小时所对应的平飞阻力最小。,T,F,,,F,
47,1411,20402030,第1411题	试题编号：20402030,物体在静止的空气中运动或气流流过静止的物体，如果两者相对速度相等，则物体上 所受的空气动力完全相等。,T,F,,,T,
48,1412,20402031,第1412题	试题编号：20402031,对于航空器来说，重量越大，速度越低则尾流也越强。,T,F,,,T,
49,1413,10403001,第1413题	试题编号：10403001,飞机起飞时放襟翼的主要目的是()。,增大升阻比,减小升阻比,增大最大升力系数,增大爬升率,C,
50,1414,10403002,第1414题	试题编号：10403002,现代飞机上增升装置的主要作用是()。,增大机翼面积,推迟附面层分离,增大机翼弯度,ABC三项,D,
51,1415,10403003,第1415题	试题编号：10403003,前缘缝翼的作用是()。,减小机翼对气流的阻挡,增大临界迎角,减小飞机阻力,增大机翼上表面附面层中的空气动能,D,
52,1416,10403004,第1416题	试题编号：10403004,飞机着陆时放出襟翼的主要目的是()。,增大升阻比,以减小飞机阻力,增大阻力,同时减小接地速度,增大飞机的复飞爬升能力,增加飞机的失速速度大小,B,
53,1417,10403005,第1417题	试题编号：10403005,增大起飞襟翼偏度,则飞机在第二爬升段的爬升梯度()。,不变,减小,增大,不能确定,B,
54,1418,10403006,第1418题	试题编号：10403006,其他条件一定时,增大起飞襟翼偏度,则飞机的抬轮速度()。,不变,减小,增大,不能确定,B,
55,1419,10403007,第1419题	试题编号：10403007,其他条件一定时,增大起飞襟翼偏度,则对应的失速速度就()。,越小,越大,不变,不能确定,A,
56,1420,10403008,第1420题	试题编号：10403008,通常情况下,放下大角度简单襟翼能使升力系数和阻力系数增大、临界迎角减小、升阻比()。,增大,不变,难以确定其增减,减小,D,
57,1421,10403009,第1421题	试题编号：10403009,其他参数一定时,飞机在起飞时的襟翼偏度越大,则离地速度()。,越大,越小,不变,不能确定,B,
58,1422,10403010,第1422题	试题编号：10403010,民用运输机起飞前必须将襟翼放下到规定的位置,否则()。,起飞拉升时将不能拉起机头而冲出跑道,起飞拉升时将失速,不能增大发动机功率,B和C,A,
59,1423,10403011,第1423题	试题编号：10403011,飞机在平飞放襟翼时()。,放襟翼的角度大时,失速速度小,放襟翼的角度大时,失速速度大,失速速度与襟翼角度无关,失速速度随襟翼角度增加而先增后减,A,
60,1424,10403012,第1424题	试题编号：10403012,前缘缝翼能延缓机翼的气流分离现象,主要原因是可以()。,减小机翼对相对气流的阻挡,增大临界迎角,减小阻力使升阻比增大,增大上表面附面层中空气动能,D,
61,1425,10403013,第1425题	试题编号：10403013,在通常情况下,迎角一定时飞机的襟翼角度越大则()。,升力系数越大、阻力系数越大、升阻比越大,升力系数越大、阻力系数越小、升阻比越大,升力系数越大、阻力系数越大、升阻比越小,升力系数越小、阻力系数越大、升阻比越小,C,
62,1426,10403014,第1426题	试题编号：10403014,关于民用飞机起飞时放出襟翼的作用,下列说法正确的是()。,飞机放出襟翼越大对于起飞越有利,增加飞机的升力系数,从而增加飞机的升力,有利于飞机的越障,增加飞机在相同迎角下的升力系数,缩短飞机在相同起飞重量下起飞距离,以上说法都正确,C,
63,1427,20403015,第1427题	试题编号：20403015,飞机在等速平飞收襟翼时，应当逐渐增加迎角大小。,T,F,,,T,
64,1428,20403016,第1428题	试题编号：20403016,其他参数一定时，飞机起飞时的襟翼偏度越大，则起飞安全速度V2就越大。,T,F,,,F,
65,1429,20403017,第1429题	试题编号：20403017,在其他参数一定时，飞机的襟翼角度越大则阻力就越小。,T,F,,,F,
66,1430,20403018,第1430题	试题编号：20403018,飞机在着陆滑跑时，襟翼偏度越大则所需着陆距离就越小。,T,F,,,T,
67,1431,20403019,第1431题	试题编号：20403019,在其他参数一定时，飞机的襟翼角度越大则失速速度就越小。,T,F,,,T,
68,1432,20403020,第1432题	试题编号：20403020,飞机在等速平飞放襟翼时，应当逐渐增加迎角大小。,T,F,,,F,
69,1433,20403021,第1433题	试题编号：20403021,在其他参数一定时，飞机的襟翼角度越大则升阻比就越小。,T,F,,,T,
70,1434,10404001,第1434题	试题编号：10404001,飞机的焦点是迎角改变时()的着力点。,飞机升力,飞机空气动力,飞机的上下总压力,飞机附加升力,D,
71,1435,10404002,第1435题	试题编号：10404002,飞机俯仰静稳定性的主要贡献部件是()。,飞机垂直尾翼,飞机水平尾翼,飞机机翼,飞机机身,B,
72,1436,10404003,第1436题	试题编号：10404003,飞机横向静稳定性的主要贡献部件是()。,机翼和尾翼,后掠角,上反角,垂直尾翼,A,
73,1437,10404004,第1437题	试题编号：10404004,飞机方向静稳定性的主要贡献部件是()。,机翼,后掠角,上反角,垂直尾翼,D,
74,1438,10404005,第1438题	试题编号：10404005,在飞机侧向受扰后可能产生的运动模态中,对飞行影响最大的是()。,飘摆,盘旋下降,滚转,俯冲,A,
75,1439,10404006,第1439题	试题编号：10404006,飞机的侧滑角是()。,飞机纵轴与相对气流方向的夹角,飞机对称面与相对气流方向的夹角,飞机对称面与飞机航行方向的夹角,飞机纵轴与飞机运动方向的夹角,B,
76,1440,10404007,第1440题	试题编号：10404007,飞机的俯仰主操纵部件是()。,水平尾翼,垂直尾翼,方向舵,升降舵,D,
77,1441,10404008,第1441题	试题编号：10404008,飞机的方向主操纵部件是()。,水平尾翼,副翼,方向舵,升降舵,C,
78,1442,10404009,第1442题	试题编号：10404009,飞机在协调转弯时,需要配合使用()。,副翼和升降舵,垂直尾翼和方向舵,方向舵和升降舵,方向舵和副翼,D,
79,1443,10404010,第1443题	试题编号：10404010,现代民航机的副翼分为内副翼和外副翼,其中外副翼()。,仅用于低速飞行,仅用于高速飞行,用于高速和低速飞行,仅限起飞着陆阶段使用,A,
80,1444,10404011,第1444题	试题编号：10404011,对于起落架向后收的飞机,放下起落架后,对飞机将产生附加的()力矩。,上仰,下俯,阻转,偏转,B,
81,1445,10404012,第1445题	试题编号：10404012,通常飞机放襟翼后,机翼要产生附加的()力矩,平尾要产生附加的()力矩。,上仰；上仰,上仰；下俯,下俯；上仰,下俯；下俯,C,
82,1446,10404013,第1446题	试题编号：10404013,飞机重心位置靠() ，则纵向安定性( )。,前；增强,前；减弱,后；增强,后；减弱,A,
83,1447,10404014,第1447题	试题编号：10404014,副翼卡阻时,可用于横侧操纵的是()。,后缘襟翼,前缘襟翼,扰流板,偏航阻尼器,C,
84,1448,10404015,第1448题	试题编号：10404015,下列属于辅助操纵系统的是()。,方向舵,升降舵,前缘襟翼,副翼,C,
85,1449,10404016,第1449题	试题编号：10404016,通常飞机机翼上的升力对重心产生()力矩,平尾上的升力对重心产生()力矩。,抬头,抬头,低头,低头,低头,抬头,抬头,低头,C,
86,1450,10404017,第1450题	试题编号：10404017,飞机具有俯仰静稳定性的原因是因为()。,重心在焦点之后,重心在焦点之前,重心与焦点重合,重心在焦点之上,B,
87,1451,10404018,第1451题	试题编号：10404018,起落架向后收上后,飞机将产生力矩()。,抬头,低头,阻尼,滚转,A,
88,1452,10404019,第1452题	试题编号：10404019,飞机重心越靠前,则俯仰稳定性(),俯仰操纵性()。,越好；越差,越差；越好,越好；越好,越差；越差,A,
89,1453,10404020,第1453题	试题编号：10404020,飞机具有迎角安定力矩，主要是()的作用。,机翼附加升力,飞机焦点位置不变,扰动后改变原来的迎角,水平尾翼,D,
90,1454,10404021,第1454题	试题编号：10404021,由于飞机对称面偏离飞行轨迹而造成右侧滑是()。,内侧滑,外侧滑,下降侧滑,不带偏流的侧滑,B,
91,1455,10404022,第1455题	试题编号：10404022,飞机侧滑时,升力系数要(),阻力系数(),升阻比()。,增大；增大；增大,增大；增大；减小,减小；增大:减小,减小；减小;减小,C,
92,1456,10404023,第1456题	试题编号：10404023,如果飞机的载重靠后,则会使()。,副翼操纵变迟钝,方向舵操纵迟钝,升降舵操纵迟钝,升降舵操纵变灵敏,D,
93,1457,20404024,第1457题	试题编号：20404024,为了防止副翼反效,飞机在小速度飞行时一般使用内侧副翼。,T,F,,,F,
94,1458,20404025,第1458题	试题编号：20404025,为了防止副翼反效,飞机在大速度飞行时一般使用内侧副翼。,T,F,,,T,
95,1459,20404026,第1459题	试题编号：20404026,方向舵向右偏，则机头向左偏。,T,F,,,F,
96,1460,20404027,第1460题	试题编号：20404027,飞机的动稳定性是由于转动而产生的，而静稳定性则由于其偏离平衡状态而产生。,T,F,,,T,
97,1461,20404028,第1461题	试题编号：20404028,当飞机处于平衡状态时，作用在飞机上的各力之和等于零，围绕重心的力矩之和也等 于零，所以此时飞机的加速度和迎角也等于零。,T,F,,,F,
98,1462,20404029,第1462题	试题编号：20404029,飞机侧滑时,升力系数要减小,阻力系数增大,升阻比减小。,T,F,,,T,
99,1463,10405001,第1463题	试题编号：10405001,在标准大气、20000m以下飞行时,外界温度随高度增加而()。,先减小,后增加,先减小,后不变,一直减小,先不变,后减小,B,
100,1464,10405002,第1464题	试题编号：10405002,在标准大气、20000m以下飞行时,外界大气压强随高度增加而()。,先减小,后增加,先减小,后不变,一直减小,先不变,后减小,C,
101,1465,10405003,第1465题	试题编号：10405003,飞机在对流层内做等表速爬升时,随高度增加,飞机的真空速将()。,一直增大,先增大,后减小,一直减小,先减小,后增大,A,
102,1466,10405004,第1466题	试题编号：10405004,飞机在对流层内做等马赫数爬升时,随高度增加,飞机的真空速将()。,一直增大,先增大,后减小,一直减小,先减小,后增大,C,
103,1467,10405005,第1467题	试题编号：10405005,关于标准大气的规定中,下列哪一项不正确？(),空气是理想气体,空气的相对湿度为0,海平面高度为0,满足完全气体状态方程,A,
104,1468,10405006,第1468题	试题编号：10405006,如果飞机的当量空速相同时,则气压高度越高,真空速()。,越大,越小,相同,没有关系,A,
105,1469,10405007,第1469题	试题编号：10405007,喷气发动机产生的额定推力将随飞行高度增加而()。,增加,减小,不变,先增加,后按小,B,
106,1470,10405008,第1470题	试题编号：10405008,高涵道比涡扇发动机常用()表征发动机的推力。,发动机的压力比,进气压力,扭矩,排气温度,A,
107,1471,10405009,第1471题	试题编号：10405009,高涵道比涡扇发动机最适宜作高亚音速飞行,主要原因是()。,有效效率最高,推进效率最高,风扇效率最高,推力最大,B,
108,1472,10405010,第1472题	试题编号：10405010,目前民航干线运输机最常采用的动力装置是()。,涡喷发动机,涡轴发动机,涡桨发动机,涡扇发动机,D,
109,1473,10405011,第1473题	试题编号：10405011,常用到的四种空速包括()。,当量空速、风速、指示空速、校正空速,地速、风速、指示空速、马赫数,当量空速、校正空速、真空速、指示空速,真空速、指示空速、校正空速、马赫数,C,
110,1474,10405012,第1474题	试题编号：10405012,空速表是依据总压和静压差来测量空速的,其位置误差主要来自()。,总压的测量,静压的测量,总压和静压测量时误差都很大,其它误差原因,B,
111,1475,10405013,第1475题	试题编号：10405013,已知机场标高为10000ft,温度ISA+20,则机场气压高度()。,大于10000ft,小于10000ft,等于10000ft,不能确定,B,
112,1476,10405014,第1476题	试题编号：10405014,在额定高度以下,螺旋桨拉力随飞行高度的增加将()。,增大,减小,难以确定,不变,A,
113,1477,10405015,第1477题	试题编号：10405015,在额定高度以上,螺旋桨有效功率随飞行高度的增加将()。,减小,增大,难以确定,不变,A,
114,1478,10405016,第1478题	试题编号：10405016,喷气发动机产生的额定推力将随外界温度增加而()。,先不变,后减小,减小,不变,增加,A,
115,1479,10405017,第1479题	试题编号：10405017,即使在发动机工作的情况下,如果()螺旋桨也会产生负拉力。,飞行速度过大且油门也较大时,飞行速度过大且油门较小时,飞行速度小且油门较大时,飞行速度过小且油门也较小时,B,
116,1480,10405018,第1480题	试题编号：10405018,螺旋桨有效功率随飞行速度的变化规律是,在小于某一速度的范围内,随速度的增大而(),大于某一速度的范围内,随飞行速度的增大而().,增大；保持不变,增大；减小,减小；增大,减小；保持不变,B,
117,1481,10405019,第1481题	试题编号：10405019,对于没有顺桨机构的飞机,一旦发生停车,应该()。,把变距杆推向最前,把变距杆拉向最后,立即关闭油门,增大飞机的迎角,B,
118,1482,10405020,第1482题	试题编号：10405020,如飞机以M0.8巡航,当环境温度升高时,燃油流量(),真空速()。,增大；减小,减小；增大,增大；增大,减小；减小,C,
119,1483,20405021,第1483题	试题编号：20405021,飞机在等表速爬升时，随高度增加飞机的真空速将先增后减。,T,F,,,F,
120,1484,20405022,第1484题	试题编号：20405022,涡扇发动机的额定推力随外界温度升高而减小。,T,F,,,F,
121,1485,20405023,第1485题	试题编号：20405023,涡扇发动机产生的额定推力将随飞行高度增加而减小。,T,F,,,T,
122,1486,20405024,第1486题	试题编号：20405024,在实际温度高于标准大气且高度基准面相同时，气压高度大小大于几何高度大小。,T,,,,F,
123,1487,20405025,第1487题	试题编号：20405025,在飞行中若管制员让飞行员把飞机的表速加大10knots,则一小时后飞机飞过的空中距离将比原来增加10NM。,T,F,,,F,
124,1488,20405026,第1488题	试题编号：20405026,在标准大气下，温度随着气压高度的升高而降低。,T,F,,,F,
125,1489,20405027,第1489题	试题编号：20405027,空速表是依据总压和静压差来测量空速的,其位置误差包括总压误差和静压误差,其中主要的误差源来自总压的测量。,T,F,,,F,
126,1490,20405028,第1490题	试题编号：20405028,营运空机重量又称使用空重，是指飞机除去业载和燃油外的重量。,T,F,,,T,
127,1491,20405029,第1491题	试题编号：20405029,涡扇发动机的额定推力随飞机速度增加而先减小后增加。,T,F,,,T,
128,1492,20405030,第1492题	试题编号：20405030,在其他参数一定时，螺旋桨拉力随飞行高度的增加而减小。,T,F,,,F,
129,1493,20405031,第1493题	试题编号：20405031,在涡扇发动机额定推力状态，EPR大小将随飞行高度增加而减小。,T,F,,,F,
130,1494,20405032,第1494题	试题编号：20405032,螺旋桨有效功率随飞行速度的变化规律是,在小于某一速度的范围内,随速度的增大而增大,大于某一速度的范围内,随飞行速度的增大而减小。,T,F,,,T,
131,1495,10405033,第1495题	试题编号：10405033,当平飞速度小于最大升阻比对应的速度时,随速度减小,总阻力将如何变化()。,减小,不变,增加,都不对,C,
132,1496,10405034,第1496题	试题编号：10405034,在静风中平飞转弯时,机翼载荷与哪个因素有关()。,表速,真空速,转弯率,坡度角,D,
133,1497,20405035,第1497题	试题编号：20405035,V1是指起飞安全速度。,T,F,,,F,
134,1498,10405036,第1498题	试题编号：10405036,增大V1速度的因素有()。,气压高度减小,实际起飞重量减小,机场气温增加,较大的起飞推力,C,
135,1499,10405037,第1499题	试题编号：10405037,在相同重量下,巡航高度与燃油流量的关系是()。,在最佳巡航高度的燃油流量最小,巡航高度越高,燃油流量越大,巡航高度越低,燃油流量越大,燃油流量与巡航高度无关,A,
136,1500,10405038,第1500题	试题编号：10405038,机场基准温度是指()。,每月最高温度的平均值,最热月温度平均值,最热月的日最高温度的月平均值,最热月的最高温度,C,
137,1501,10406001,第1501题	试题编号：10406001,飞机的失速速度有FAR失速速度和1g失速速度两种,二者相比()。,前者大于后者,后者大于前者,没有差别,不一定,B,
138,1502,10406002,第1502题	试题编号：10406002,飞机转弯的坡度角越大,则对应的失速速度就()。,越小,越大,不变,不能确定,B,
139,1503,10406003,第1503题	试题编号：10406003,飞机的重量越大,则对应的失速速度就()。,越小,越大,不变,不能确定,B,
140,1504,10406004,第1504题	试题编号：10406004,对飞机平飞的最小速度的限制因素不包括下列哪一项？()。,失速限制,失稳限制,推力限制,结构限制,D,
141,1505,10406005,第1505题	试题编号：10406005,高度相同的情况下,如果飞机的重量减小,则发动机推力所限制的最大平飞速度()。,增加,减少,不变,不一定,A,
142,1506,10406006,第1506题	试题编号：10406006,飞机的法向过载是()之比。,重量与升力,升力和重量的差与重量,升力与重量,重量与阻力,C,
143,1507,10406007,第1507题	试题编号：10406007,B757飞机做45°坡度盘旋时期过载为()。,1,1.2,1.4,2,C,
144,1508,10406008,第1508题	试题编号：10406008,飞机在5000m高度上失速所对应的表速、地速,与海平面相比()。,表速增大,地速也增大,表速基本不变,地速基本不变,表速基本不变,地速增大,表速增大,地速基本不变,C,
145,1509,10406009,第1509题	试题编号：10406009,飞机失速的根本原因在于()。,飞行速度过小,遭遇阵风干扰,飞行速度过大,飞机迎角超过临界迎角,D,
146,1510,10406010,第1510题	试题编号：10406010,一定高度上,如果飞机的重量减小,则飞机的调速范围()。,增加,减少,不变,不一定,A,
147,1511,10406011,第1511题	试题编号：10406011,飞机着陆构型时的失速速度和进场构型时的失速速度相比()。,前者要大一些,前者要小一些,一样大,不一定,B,
148,1512,10406012,第1512题	试题编号：10406012,飞机重量增加时,相同高度上的平飞最小速度(),有利速度(),平飞最大速度()()。,增大；增大；增大,减小；减小；减小,增大；减小；减小,增大；增大；减小,D,
149,1513,20406013,第1513题	试题编号：20406013,飞机在等速平飞时，其重量越大，则所需推力越大、而平飞速度范围也就越大。,T,F,,,F,
150,1514,20406014,第1514题	试题编号：20406014,飞机重量越大，平飞速度范围就越小、理论升限也越低。,T,F,,,T,
151,1515,20406015,第1515题	试题编号：20406015,飞机要求的载荷因子增加，飞行的机动升限将减小。,T,F,,,T,
152,1516,20406016,第1516题	试题编号：20406016,飞机在中低空飞行时，其最大平飞速度往往受MM0限制。,T,F,,,F,
153,1517,20406017,第1517题	试题编号：20406017,飞机的盘旋转弯半径随转弯坡度角增加而减小，随飞行速度增加而增加。,T,F,,,T,
154,1518,20406018,第1518题	试题编号：20406018,飞机重量一定和要求的过载能力一定时,飞行高度增加,抖振限制的平飞最小马赫数减小,最大马赫数增大。,T,F,,,F,
155,1519,20406019,第1519题	试题编号：20406019,飞机在盘旋转弯时，由于过载增加，会导致飞机的阻力增加、爬升能力减弱。,T,F,,,T,
156,1520,20406020,第1520题	试题编号：20406020,飞机重量增加时,相同高度上的平飞最小速度增大,有利速度增大,平飞最大速度减小。,T,F,,,T,
157,1521,10407001,第1521题	试题编号：10407001,对于直升机来说,能够增大最大允许起飞重量的方法是()。,无地面效应垂直起飞,利用地面效应垂直起飞,滑跑起飞,以上方法均可以,C,
158,1522,10407002,第1522题	试题编号：10407002,飞机着陆时打开减阻装置,会使其所需要的着陆距离减小,其中扰流板最主要的作用是()。,增大飞机的升力,同时增大飞机的阻力,增大飞机的升力,同时减小飞机的阻力,减小飞机的升力,同时增大飞机的阻力,减小飞机的升力,同时减小飞机的阻力,C,
159,1523,10407003,第1523题	试题编号：10407003,民用飞机使用减推力起飞的主要目的中不包括下列哪一项？(),节省燃油,降低发动机的拆换率,提高发动机的可靠性,延长发动机的寿命,A,
160,1524,10407004,第1524题	试题编号：10407004,飞机在起飞加速滑跑的过程中,轮胎与道面间的摩擦力将()。,越来越小,越来越大,保持不变,先减小后增大,A,
161,1525,10407005,第1525题	试题编号：10407005,飞机在起飞滑跑过程中遇到一台发动机失效的紧急情况,若此时飞机表速小于决断速度V1，则机长应()。,立即向塔台报告请求指示,立即中断起飞,只能继续起飞,征求机组其他人的意见,以决定是否起飞,B,
162,1526,10407006,第1526题	试题编号：10407006,B757-200飞机在着陆构型时,最有可能使用的襟翼偏度是()。,FLAP1,FLAP5,FLAP15,FLAP30,D,
163,1527,10407007,第1527题	试题编号：10407007,CCAR规定的所需全发起飞距离为飞机全发起飞到离地35ft处所经水平距离的()。,1,1.15,1.5,1.67,B,
164,1528,10407008,第1528题	试题编号：10407008,机场标高对着陆接地速度的影响为()。,标高越高,地速越大,标高越高,地速越小,标高对地速无显著影响,标高对地速的影响还与温度有关,A,
165,1529,10407009,第1529题	试题编号：10407009,某飞机起飞时以等表速爬升到某高度时,爬升梯度为5%,如此时飞机改为等速爬升,则此时飞机的爬升梯度(假定发动机推力不变)()。,等于5%,大于5%,小于5%,都有可能,B,
166,1530,10407010,第1530题	试题编号：10407010,使用改进爬升可能起到的作用是()。,改善越障能力,增加爬升限制的最大允许起飞重量,A和B,A和B都不对,C,
167,1531,10407011,第1531题	试题编号：10407011,为了改善飞机的起飞爬升能力,可以采取的措施中不包括()。,减小襟翼偏度,使用改进爬升,减小起飞速度,减小起飞重量,C,
168,1532,10407012,第1532题	试题编号：10407012,为了缩短起飞滑跑距离,应选择()起飞,()。,逆风,上坡方向,顺风,下坡方向,顺风,最大角度襟翼,逆风,放下适当角度襟翼,D,
169,1533,10407013,第1533题	试题编号：10407013,下列几种情况下,哪一种情况对刹车的损伤最为严重()。,正常着陆,中断起飞,滑行,不一定,B,
170,1534,10407014,第1534题	试题编号：10407014,在湿跑道上着陆使着陆距离增长,通常在湿跑道上着陆的距离按CCAR干跑道着陆距离的多少倍计算？()。,1.15,1.2,1.3,1.67,A,
171,1535,10407015,第1535题	试题编号：10407015,在着陆滑跑中,()可以改善刹车效率。,减少机翼升力,光洁的道面,机轮打滑,高速滑跑,A,
172,1536,10407016,第1536题	试题编号：10407016,相同重量的飞机,在海拔2000m机场和海平面机场起飞滑跑,若无障碍物,下列说法正确的是()。,海拔2000m机场的离地真空速大,滑跑距离长,海拔2000m机场的离地真空速小,滑跑距离短,海拔2000m机场与海平面机场的离地真空速相同,滑跑距离相同,海拔2000m机场的离地表速大,滑跑距离长,A,
173,1537,10407017,第1537题	试题编号：10407017,沿上坡跑道起飞对起飞性能的影响是()。,起飞距离增大,起飞距离减小,VR降低,VR增加,A,
174,1538,10407018,第1538题	试题编号：10407018,V2速度的定义为()。,起飞决断速度,起飞安全速度,最小起飞速度,空中最小操纵速度,B,
175,1539,10407019,第1539题	试题编号：10407019,下述因素中不利于增加起飞重量的有()。,使用下坡跑道,使用大角度襟翼,高温天气,逆风起飞,C,
176,1540,10407020,第1540题	试题编号：10407020,飞机在起飞时的实际重量越小,则在减推力起飞时可选择的灵活温度就()。,越小,不变,越大,不能确定,C,
177,1541,10407021,第1541题	试题编号：10407021,对飞机最大起飞重量的哪个限制要考虑全发工作的情况？(),场长限制,爬升限制,地面最小操纵速度Vmcg限制,结构限制,A,
178,1542,10407022,第1542题	试题编号：10407022,在起飞过程中,下列那种情况不会导致飞机出现擦尾的危险性()。,飞行员抬轮过早,飞行员抬轮过快,飞机的实际重心偏后,飞行员抬轮过晚,且还保持原来的抬轮速率,D,
179,1543,10407023,第1543题	试题编号：10407023,B757-200飞机在高原机场起飞时,若受障碍物,则选用下列那种襟翼偏度起飞可能会比较有利()。,FLAP1,FLAP5,FLAP15,FLAP30,A,
180,1544,10407024,第1544题	试题编号：10407024,关于飞机起飞爬升的总梯度和净梯度的说法中,错误的一项是()。,总梯度计算条件是临界发动机停车,净梯度是飞机飞行中真实的爬升梯度,净梯度小于总梯度,按净梯度确定的净航迹只是用来考察飞机的越障情况,B,
181,1545,10407025,第1545题	试题编号：10407025,关于飞机在污染跑道上起飞的说法中错误的是()。,干雪厚度≤101.6mm时,可以允许起飞；,当积水或雪浆厚度大于12.7mm时不允许起飞；,在污染跑道上起飞时,把干跑道上起飞时允许的起飞重量减小一定数量,而将决断速度V1增大一定数量作为在污染跑道上起飞时允许的起飞重量允许的决断速度；,通常在污染跑道上的起飞重量应比干跑道上起飞时小一些。,C,
182,1546,10407026,第1546题	试题编号：10407026,下列航空发动机的性能中,影响复飞性能的主要是()。,发动机的可靠性,发动机的高空性,发动机的加速性,发动机的维护性,C,
183,1547,10407027,第1547题	试题编号：10407027,下列因素中可以减小起飞决断速度的是（）。,A.跑道积冰,B.减小起飞重量,C.机场标高增加,D.沿上坡跑道起飞,A,
184,1548,10407028,第1548题	试题编号：10407028,在其它条件相同的情况下,飞机上坡起飞时的最大刹车能量速度和下坡起飞时的最大刹车能量速度比较而言()。,下坡时较大,上坡时较大,跑道坡度对没有影响,条件不足,无法判断,B,
185,1549,10407029,第1549题	试题编号：10407029,飞机起飞着陆时,由于地面效应的影响,使升力系数(),临界迎角()。,增大,增大,增大,减小,减小,增大,减小,减小,B,
186,1550,10407030,第1550题	试题编号：10407030,按平衡场长确定起飞速度时,下列哪一项会影响其大小？(),净空道的有无,安全道的长短,起飞重量,都不影响,C,
187,1551,10407031,第1551题	试题编号：10407031,飞机上坡起飞时,如果起飞重量小于场长限重,则障碍物的()。,有效距图减小,有效局度增加,有效距离增加,有效高度增加,有效距离增大,有效高度减小,有效距离减小,有效高度减小,B,
188,1552,10407032,第1552题	试题编号：10407032,民用运输机起飞前必须将水平安定面调整到适当位置,否则()。,起飞拉升时将不能拉起机头而冲出跑道,或者机头过快抬起而导致飞机出现擦尾的情况。,起飞拉升时将失速,不能增大发动机功率,B和C,A,
189,1553,20407033,第1553题	试题编号：20407033,同CCAR-25规定的一发失效时起飞的安全水平相比,使用灵活推力起飞时,其安全水平要略低一些。,T,F,,,F,
190,1554,20407034,第1554题	试题编号：20407034,确定飞机最大起飞重量时,爬升限制考虑的是一发不工作的情况。,T,F,,,T,
191,1555,20407035,第1555题	试题编号：20407035,当最大起飞重量受爬升限制时,可以考虑使用改进爬升以增加最大起飞重量。,T,F,,,T,
192,1556,20407036,第1556题	试题编号：20407036,刹车在飞机高速滑跑时的减速效率最高。,T,F,,,F,
193,1557,20407037,第1557题	试题编号：20407037,在湿跑道上着陆会使着陆距离增长,通常按CCAR干跑道所需着陆距离的1.15倍计算湿跑道上的所需着陆距离。,T,F,,,T,
194,1558,20407038,第1558题	试题编号：20407038,所谓着陆参考速度是指在标准情况下跑道入口上方50ft处飞机开始着陆的速度。,T,F,,,T,
195,1559,20407039,第1559题	试题编号：20407039,其它条件相同时,飞机上坡起飞对中断起飞情况而言,其中断起飞距离比下坡起飞时的中断起飞距离要短一些。,T,F,,,T,
196,1560,20407040,第1560题	试题编号：20407040,飞机起飞越障时,其飞行总航迹至少要高出障碍物顶点35ft。,T,F,,,F,
197,1561,20407041,第1561题	试题编号：20407041,CCAR规定双发飞机的进场爬升梯度不得小于2.1%,该爬升梯度的计算条件是全发工作情况。,T,F,,,F,
198,1562,20407042,第1562题	试题编号：20407042,其他条件一定时,起飞时飞行员选择的灵活温度越高,则需要的起飞距离和起飞时间就越长。,T,F,,,T,
199,1563,20407043,第1563题	试题编号：20407043,飞机上坡起飞时,如果起飞重量小于场长限重,则障碍物的有效距离增加,有效高度增加。,T,F,,,T,
200,1564,10407044,第1564题	试题编号：10407044,下列关于跑道长度限制的最大着陆重量的因素叙述不正确的是()。,逆风风速减小,最大着陆重量减小,襟翼角度增加,最大着陆重量减小,海拔高度增加,最大着陆重量减小,气温增加,最大着陆重量减小,B,
201,1565,20407045,第1565题	试题编号：20407045,VR不小于V1和105%VMCA,T,F,,,T,
202,1566,10407046,第1566题	试题编号：10407046,平衡场长是指()。,以一发从V1加速到VLOF的距离再加上从VLOF到35ft高度的所经过的水平距离,以一发从V1加速到VR的距离再加上从VR到35ft高度的所经过的水平距离,起飞距离等于加速停止距离,速度达到V2,且V2小于110%VMCA和V1,VR,VMCG时所经过的距离,C,
203,1567,10407047,第1567题	试题编号：10407047,海拔高,风,飞机重量相同的条件下,在高温机场着陆对地速有何影响？,地速相同,地速较小,地速较大,上述均不对,D,
204,1568,10407048,第1568题	试题编号：10407048,空客A380是目前投入商业运营的最大的民用载客航空器,起飞全重达()吨。,520,560,600,620,B,
205,1569,10408001,第1569题  试题编号：10408001,保持盘旋坡度,增加速度,则转弯率与转弯半径的变化为()。,转弯率减小,转弯半径增加,转弯率增加,转弯半径增加,转弯率减小,转弯半径减小,转弯率增加,转弯半径减小,A,
206,1570,10408002,第1570题	试题编号：10408002,保持盘旋坡度和高度不变,随着盘旋速度增大()。,转弯率减小,过载减小,转弯率减小,过载增大,转弯率减小,过载不变,转弯率增大,过载增大,C,
207,1571,10408003,第1571题	试题编号：10408003,飞机下降时如采用最小下滑角下滑，此时所对应的速度最接近（）。,最小速度,远航速度,最大升阻比对应的速度,最大速度,C,
208,1572,10408004,第1572题	试题编号：10408004,下降相同的高度,用()速度下滑,飞行距离最大。,最大剩余拉力对应的,最大剩余功率对应的,最大升阻比对应的,所需功率最小的,C,
209,1573,10408005,第1573题	试题编号：10408005,飞机要求的过载能力越高,飞行的机动能力限制的飞行高度将()。,减小,不变,增加,不能确定,A,
210,1574,10408006,第1574题	试题编号：10408006,飞机航路爬升时的转换高度是指()。,等TAS转换为等M数爬升时的高度,等M数转换为等TAS爬升时的高度,等M数转换为等IAS爬升时的高度,等IAS转换为等M数爬升时的高度,D,
211,1575,10408007,第1575题	试题编号：10408007,飞机在重量一定的条件下,爬升率主要取决于()。,飞机的速度,油门的大小,剩余推力大小,剩余功率大小,D,
212,1576,10408008,第1576题	试题编号：10408008,飞机在重量一定的条件下,爬升梯度主要取决于()。,速度,油门的大小,剩余推力,剩余功率,C,
213,1577,10408009,第1577题	试题编号：10408009,飞机重量一定,巡航方式一定,温度越高,则飞机理论升限()。,越大,越小,不变,不能确定,B,
214,1578,10408010,第1578题	试题编号：10408010,在推力状态一定时,随着飞行速度的增大,爬升率和爬升梯度()。,先增大后减小,先减小后增大,一直增大,一直减小,A,
215,1579,10408011,第1579题	试题编号：10408011,在确定飞机的最佳爬升速度时，下列哪个因素影响最大？ (),爬升M 数,风速风向,飞机重量,初始巡航高度,C,
216,1580,10408012,第1580题	试题编号：10408012,在其他条件一定时,逆风爬升与无风爬升相比较,爬升梯度()，爬升率()。,不变,不变,不变,增大,增大,不变,增大,增大,C,
217,1581,10408013,第1581题	试题编号：10408013,飞机在爬升中,()能在一定时间内获得最大高度。,满油门用有利速度上升,满油门用经济速度上升,较大的仰角和较大的速度上升,满油门加速上升,A,
218,1582,10408014,第1582题	试题编号：10408014,如果飞机的载荷系数不超过2,则盘旋允许的最大坡度为()。,15°,30°,45°,60°,D,
219,1583,10408015,第1583题	试题编号：10408015,盘旋失速速度大于平飞失速速度的原因是()。,临界迎角减小了,所需升力比平飞时大,剩余拉力较小,所需拉力要大些,B,
220,1584,10408016,第1584题	试题编号：10408016,盘旋中为保持高度应增大迎角，其原因是()。,补偿升力的垂直分量损失,增大升力的水平分量,补偿阻力的增量,保持速度,A,
221,1585,10408017,第1585题	试题编号：10408017,一架B737着陆重量为50吨,做30°坡度盘旋等待时,机翼升力为()吨。,50,100,57,65,C,
222,1586,10408018,第1586题	试题编号：10408018,能够同时增加转弯率并减小转弯半径的方法有()。,增加速度和坡度,增加速度,减小坡度,减小速度和坡度,增加坡度,减小速度,D,
223,1587,10408019,第1587题	试题编号：10408019,如果飞机平飞盘旋，当飞行速度由160km/h增大到260km/h,则载荷系数( ) ，转弯 半 径 ( ) 。,不变，减小,增大，减小,减小，增大,不变，增大,D,
224,1588,10408020,第1588题	试题编号：10408020,无动力下降时,用()迎角下滑,下降一定高度,可获得最()飞行距离。,临界,大,临界,小,有利,大,有利,小,C,
225,1589,10408021,第1589题	试题编号：10408021,为了保持最小下滑角,下降速度应随飞机重量增加而()。,不变,增大,减少,不能确定,B,
226,1590,10408022,第1590题  试题编号：10408022,单旋翼直升机在空中的升降是通过（）来实现的（）。,改变尾桨的桨距角,驾驶杆改变旋翼的桨距,总桨距杆改变旋翼的桨距,驾驶杆和总桨距杆,C,
227,1591,10408023,第1591题	试题编号：10408023,飞机以等表速爬升时,随着高度的增加,爬升梯度将()。,逐渐增大,逐渐减小,保持不变,先增大后减小,B,
228,1592,10408024,第1592题	试题编号：10408024,飞机以等表速爬升时,随着高度的增加,爬升率将()。,逐渐增大,逐渐减小,保持不变,先增大后减小,B,
229,1593,10408025,第1593题	试题编号：10408025,飞机重量越大,其最佳爬升速度越()。,大,小,不变,无法确定,A,
230,1594,10408026,第1594题	试题编号：10408026,如果飞机作放襟翼的转弯时,则()。,放襟翼的角度大时,失速速度小,放襟翼的角度大时,失速速度大,襟翼角度的大小,不影响失速速度大小,同样襟翼角度,坡度大,失速速度小,A,
231,1595,10408027,第1595题	试题编号：10408027,如果飞机盘旋的坡度越大,则盘旋最小速度越(),最大速度越(),盘旋速度范围越()。,大,大,大,大,大,小,小,大,大,大,小,小,D,
232,1596,10408028,第1596题	试题编号：10408028,在研究飞机的下降性能时,如果采用相同的下降方式,则飞机重量的不同对下列哪一项的影响最大？(),下降时间,燃油消耗,下降距离,都影响较大,C,
233,1597,20408029,第1597题	试题编号：20408029,飞机以等表速下降时,是一个减速下降的过程。,T,F,,,T,
234,1598,20408030,第1598题	试题编号：20408030,飞机的机动飞行是指改变飞行的速度、高度和方向的飞行。,T,F,,,T,
235,1599,20408031,第1599题	试题编号：20408031,飞机在正常盘旋时的载荷因子=1.1,那么此时飞机的坡度角大约等25°。,T,F,,,T,
236,1600,20408032,第1600题	试题编号：20408032,保持巡航状态和飞行高度,要求的机动能力越强,则允许的飞机重量就越大。,T,F,,,F,
237,1601,20408033,第1601题	试题编号：20408033,飞机重量越大,其最佳爬升速度越大。,T,F,,,T,
238,1602,20408034,第1602题	试题编号：20408034,飞机在进场过程如遇到低空风切变,逆风转为顺风飞行,则飞机在尾风作用下,速度将增大,因此为了保持高度,驾驶员应当推杆以减小飞机的迎角。,T,F,,,F,
239,1603,10409001,第1603题	试题编号：10409001,成本指数越大,则对应的巡航速度就()。,越小,不变,越大,不能确定,C,
240,1604,10409002,第1604题	试题编号：10409002,成本指数越大,则对应的爬升速度就()。,越小,不变,越大,不能确定,C,
241,1605,10409003,第1605题	试题编号：10409003,在经济巡航方式下,选择成本指数越小,则在相同情况下对应的巡航速度就()。,不变,越大,越小,不能确定,C,
242,1606,10409004,第1606题	试题编号：10409004,飞行中随着燃油消耗,则其最佳飞行高度()。,越大,越小,与重量大小无关,保持不变,A,
243,1607,10409005,第1607题	试题编号：10409005,飞行中遇到中度以上颠簸时,应尽可能将速度保持在()。,抖动速度,手册上批准的穿越颠簸气流速度,经济速度,空中最小操纵速度,B,
244,1608,10409006,第1608题	试题编号：10409006,民用运输机旅客氧气系统自动启动时的座舱高度为( ) 。,10000ft ,20000ft ,8000ft ,14000ft,D,
245,1609,10409007,第1609题	试题编号：10409007,采用化学氧气发生器的旅客氧气系统启动后,供氧时间一般为()。,数小时,40分钟〜1小时,10〜15分钟,3〜5分钟,C,
246,1610,10409008,第1610题	试题编号：10409008,飘降轨迹的下降段,要求()。,总航迹至少高于障碍物1000ft,总航迹至少高于障碍物2000ft,净航迹至少高于障碍物1000ft,净航迹至少高于障碍物2000ft,D,
247,1611,10409009,第1611题	试题编号：10409009,等时点的说法中,哪一项不正确？(),在等时点出航和返航飞行时间相等,在等时点出航和返航地面距离相等,飞机飞过等时点后仍有返航的可能性,飞机到达等时点比到达返航点早,B,
248,1612,10409010,第1612题	试题编号：10409010,螺旋桨飞机以有利速度飞行时将得到() 。,最大航程,最大上升梯度,最长返航时间,最小下降率,A,
249,1613,10409011,第1613题	试题编号：10409011,对于中短程航线,下列巡航方式中哪一种没有实际意义？(),阶梯巡航方式,LRC巡航方式,等 M 数巡航方式,经济巡航方式,A,
250,1614,10409012,第1614题	试题编号：10409012,飞行员向FMS输入的成本指数比实际大时()。,航班飞行时间越短,航班成本也越小,航班飞行越省油,航班成本也越小,航班飞行越省油,航班成本也越大,航班飞行时间越短,航班成本也越大,D,
251,1615,10409013,第1615题	试题编号：10409013,飞机失压后在高空应急下降时,可采取的措施有()。,将飞机速度调整到最小阻力速度,放出襟翼和起落架以增加飞机阻力,将飞机加速到VM0/MM0,并放出扰流板以增加飞机阻力,以上均不正确,C,
252,1616,10409014,第1616题	试题编号：10409014,飞机在平飞中遇到一发失效时,应将速度调整到()来越障。,最大速度,经济巡航速度,有利速度,远程巡航速度,C,
253,1617,10409015,第1617题	试题编号：10409015,关于双发延程飞行(ETOPS)的说法错误的是()。,国内航线也可以进行延程飞行,延程飞行可以提高双发飞机的适用范围,延程飞行有时可以缩短航程距离,延程飞行只能在海上进行,D,
254,1618,10409016,第1618题	试题编号：10409016,从理论上讲,为了获得最远航程,随着重量减轻,航空器应()。,增加高度和速度,增加高度或减小速度,减小高度和速度,减小高度或增加速度,B,
255,1619,20409017,第1619题	试题编号：20409017,飞机在巡航中如遇到顺风,为使燃油里程最大,和无风远航速度相比,应适当增大巡航速度。,T,F,,,F,
256,1620,20409018,第1620题	试题编号：20409018,飞机在巡航中如遇到顶风较大时,为使燃油里程最大,和无风远航速度相比,应适当减小巡航速度。,T,F,,,F,
257,1621,20409019,第1621题	试题编号：20409019,其它条件相同时,巡航方式不同,有可能最佳巡航高度也不相同。,T,F,,,T,
258,1622,20409020,第1622题	试题编号：20409020,飞机的短距离巡航高度受航程长短的影响较大。,T,F,,,T,
259,1623,20409021,第1623题	试题编号：20409021,为了使飞机尽可能在最佳高度层上飞行,节省航班燃油,国际长航线往往采用阶梯巡航方式巡航。,T,F,,,T,
260,1624,20409022,第1624题	试题编号：20409022,按CⅠ确定最低成本巡航速度时,相同的条件下,CⅠ越大,巡航速度越小。,T,F,,,F,
261,1625,20409023,第1625题	试题编号：20409023,飞机的最佳巡航高度可能受到发动机推力的限制。,T,F,,,T,
262,1626,20409024,第1626题	试题编号：20409024,飞机重量越大，则其最佳飞行高度就越小。,T,F,,,T,
263,1627,20409025,第1627题	试题编号：20409025,只要发动机的可靠性足够高，双发飞机就可以实行双发飞机延程飞行运行。,T,F,,,F,
264,1628,20409026,第1628题	试题编号：20409026,国内航线的等待燃油是指在标准大气情况下、备降机场上空1500FT等待45分钟的耗油量。,T,F,,,T,
265,1629,20409027,第1629题	试题编号：20409027,当飞机在最佳飞行高度层巡航时，如遇到不利的逆风，可以考虑改变巡航高度到顺风 的高度层去飞行。,T,F,,,T,
266,1630,20409028,第1630题	试题编号：20409028,在等高度巡航时，飞机的远程巡航速度将随燃油消耗而增加。,T,F,,,F,
267,1631,20409029,第1631题	试题编号：20409029,相同情况下飞机的久航速度大于飞机的远航速度。,T,F,,,F,
268,1632,20409030,第1632题	试题编号：20409030,飞机的LRC巡航速度比MRC巡航速度大1%。,T,F,,,F,
269,1633,20409031,第1633题	试题编号：20409031,CCAR规定飞机在飘降的过程中，飘降的总航迹至少应高出障碍物顶点2000ft,在改平 点至少要高出1000ft。,T,F,,,F,
270,1634,20409032,第1634题	试题编号：20409032,飞机在巡航过程中如果出现一发停车情况,飞机要飘降,此时飞机剩余发动机的推力应加大到最大爬升推力。,T,F,,,F,
271,1635,20409033,第1635题	试题编号：20409033,飞机航行中采用二次放行可以节约飞往备降场的燃油。,T,F,,,F,
272,1636,20409034,第1636题	试题编号：20409034,飞机以LRC速度巡航时,相当于此时的飞行成本指数等于0。,T,F,,,F,
273,1637,10409035,第1637题	试题编号：10409035,180分钟ETOPS飞行规则可以用于()。,一发失效时,在静风中能在180分钟飞到合适机场的情况,一发失效时,在典型气象条件下能在180分钟飞到合适机场的情况,在静风中以正常巡航速度能在180分钟飞到合适机场的情况,可以在合适的机场出发,使用正常巡航速度飞行180分钟,A,
